CREATE DATABASE olympic_korean_athletes;
USE olympic_korean_athletes;

CREATE TABLE Atletas (
        id INT PRIMARY KEY,
        nome VARCHAR(255),
        sexo VARCHAR(10)
    );
CREATE TABLE Times (
        id INT AUTO_INCREMENT PRIMARY KEY,
        nome VARCHAR(255),
        noc VARCHAR(10)
    );
CREATE TABLE Olimpiadas (
        id INT AUTO_INCREMENT PRIMARY KEY,
        jogos VARCHAR(255),
        ano INT,
        estacao VARCHAR(10),
        cidade VARCHAR(255)
    );
CREATE TABLE Esportes (
        id INT AUTO_INCREMENT PRIMARY KEY,
        nome VARCHAR(255)
    );
CREATE TABLE Modalidades (
        id INT AUTO_INCREMENT PRIMARY KEY,
        nome VARCHAR(255),
        esporte_id INT,
        FOREIGN KEY (esporte_id) REFERENCES Esportes(id)
    );
CREATE TABLE Participacao (
        id INT AUTO_INCREMENT PRIMARY KEY,
        atleta_id INT,
        time_id INT,
        olimpiada_id INT,
        modalidade_id INT,
        idade INT,
        altura FLOAT,
        peso FLOAT,
        medalha VARCHAR(255),
        FOREIGN KEY (atleta_id) REFERENCES Atletas(id),
        FOREIGN KEY (time_id) REFERENCES Times(id),
        FOREIGN KEY (olimpiada_id) REFERENCES Olimpiadas(id),
        FOREIGN KEY (modalidade_id) REFERENCES Modalidades(id)
    );
    
    
INSERT INTO Atletas (id, nome, sexo) VALUES (1422, 'Ahn Jin-Soo', 'M');
INSERT INTO Times (nome, noc) VALUES ('South Korea', 'KOR');
INSERT INTO Olimpiadas (jogos, ano, estacao, cidade) VALUES ('1992 Winter', 1992, 'Winter', 'Albertville');
INSERT INTO Esportes (nome) VALUES ('Cross Country Skiing');
INSERT INTO Modalidades (nome, esporte_id) VALUES ('Cross Country Skiing Men''s 10 kilometres', 1);
INSERT INTO Participacao (atleta_id, time_id, olimpiada_id, modalidade_id, idade, altura, peso, medalha) VALUES (1422, 1, 1, 1, 18.0, 178.0, 70.0, null);
INSERT INTO Modalidades (nome, esporte_id) VALUES ('Cross Country Skiing Men''s 30 kilometres', 1);
INSERT INTO Participacao (atleta_id, time_id, olimpiada_id, modalidade_id, idade, altura, peso, medalha) VALUES (1422, 1, 1, 2, 18.0, 178.0, 70.0, null);
INSERT INTO Modalidades (nome, esporte_id) VALUES ('Cross Country Skiing Men''s 10/15 kilometres Pursuit', 1);
INSERT INTO Participacao (atleta_id, time_id, olimpiada_id, modalidade_id, idade, altura, peso, medalha) VALUES (1422, 1, 1, 3, 18.0, 178.0, 70.0, null);
INSERT INTO Modalidades (nome, esporte_id) VALUES ('Cross Country Skiing Men''s 4 x 10 kilometres Relay', 1);
INSERT INTO Participacao (atleta_id, time_id, olimpiada_id, modalidade_id, idade, altura, peso, medalha) VALUES (1422, 1, 1, 4, 18.0, 178.0, 70.0, null);
INSERT INTO Olimpiadas (jogos, ano, estacao, cidade) VALUES ('1994 Winter', 1994, 'Winter', 'Lillehammer');
INSERT INTO Participacao (atleta_id, time_id, olimpiada_id, modalidade_id, idade, altura, peso, medalha) VALUES (1422, 1, 2, 1, 20.0, 178.0, 70.0, null);
INSERT INTO Participacao (atleta_id, time_id, olimpiada_id, modalidade_id, idade, altura, peso, medalha) VALUES (1422, 1, 2, 2, 20.0, 178.0, 70.0, null);
INSERT INTO Participacao (atleta_id, time_id, olimpiada_id, modalidade_id, idade, altura, peso, medalha) VALUES (1422, 1, 2, 3, 20.0, 178.0, 70.0, null);
INSERT INTO Olimpiadas (jogos, ano, estacao, cidade) VALUES ('1998 Winter', 1998, 'Winter', 'Nagano');
INSERT INTO Participacao (atleta_id, time_id, olimpiada_id, modalidade_id, idade, altura, peso, medalha) VALUES (1422, 1, 3, 1, 24.0, 178.0, 70.0, null);
INSERT INTO Participacao (atleta_id, time_id, olimpiada_id, modalidade_id, idade, altura, peso, medalha) VALUES (1422, 1, 3, 2, 24.0, 178.0, 70.0, null);
INSERT INTO Participacao (atleta_id, time_id, olimpiada_id, modalidade_id, idade, altura, peso, medalha) VALUES (1422, 1, 3, 3, 24.0, 178.0, 70.0, null);
INSERT INTO Participacao (atleta_id, time_id, olimpiada_id, modalidade_id, idade, altura, peso, medalha) VALUES (1422, 1, 3, 4, 24.0, 178.0, 70.0, null);
INSERT INTO Atletas (id, nome, sexo) VALUES (3566, 'An Ba-Ul', 'M');
INSERT INTO Olimpiadas (jogos, ano, estacao, cidade) VALUES ('2016 Summer', 2016, 'Summer', 'Rio de Janeiro');
INSERT INTO Esportes (nome) VALUES ('Judo');
INSERT INTO Modalidades (nome, esporte_id) VALUES ('Judo Men''s Half-Lightweight', 2);
INSERT INTO Participacao (atleta_id, time_id, olimpiada_id, modalidade_id, idade, altura, peso, medalha) VALUES (3566, 1, 4, 5, 22.0, 169.0, 66.0, 'Silver');
INSERT INTO Atletas (id, nome, sexo) VALUES (3567, 'An Byeong-Geun', 'M');
INSERT INTO Olimpiadas (jogos, ano, estacao, cidade) VALUES ('1984 Summer', 1984, 'Summer', 'Los Angeles');
INSERT INTO Modalidades (nome, esporte_id) VALUES ('Judo Men''s Lightweight', 2);
INSERT INTO Participacao (atleta_id, time_id, olimpiada_id, modalidade_id, idade, altura, peso, medalha) VALUES (3567, 1, 5, 6, 22.0, 172.0, 78.0, 'Gold');
INSERT INTO Olimpiadas (jogos, ano, estacao, cidade) VALUES ('1988 Summer', 1988, 'Summer', 'Seoul');
INSERT INTO Modalidades (nome, esporte_id) VALUES ('Judo Men''s Half-Middleweight', 2);
INSERT INTO Participacao (atleta_id, time_id, olimpiada_id, modalidade_id, idade, altura, peso, medalha) VALUES (3567, 1, 6, 7, 26.0, 172.0, 78.0, null);
INSERT INTO Atletas (id, nome, sexo) VALUES (3568, 'An Byeong-Gyun', 'M');
INSERT INTO Esportes (nome) VALUES ('Shooting');
INSERT INTO Modalidades (nome, esporte_id) VALUES ('Shooting Men''s Air Rifle, 10 metres', 3);
INSERT INTO Participacao (atleta_id, time_id, olimpiada_id, modalidade_id, idade, altura, peso, medalha) VALUES (3568, 1, 6, 8, 21.0, 178.0, 64.0, null);
INSERT INTO Atletas (id, nome, sexo) VALUES (3569, 'An Byeong-Hun', 'M');
INSERT INTO Esportes (nome) VALUES ('Golf');
INSERT INTO Modalidades (nome, esporte_id) VALUES ('Golf Men''s Individual', 4);
INSERT INTO Participacao (atleta_id, time_id, olimpiada_id, modalidade_id, idade, altura, peso, medalha) VALUES (3569, 1, 4, 9, 24.0, 186.0, 95.0, null);
INSERT INTO Atletas (id, nome, sexo) VALUES (3570, 'An Byeong-Hun', 'M');
INSERT INTO Olimpiadas (jogos, ano, estacao, cidade) VALUES ('1964 Summer', 1964, 'Summer', 'Tokyo');
INSERT INTO Esportes (nome) VALUES ('Cycling');
INSERT INTO Modalidades (nome, esporte_id) VALUES ('Cycling Men''s Road Race, Individual', 5);
INSERT INTO Participacao (atleta_id, time_id, olimpiada_id, modalidade_id, idade, altura, peso, medalha) VALUES (3570, 1, 7, 10, 24.0, 170.0, 60.0, null);
INSERT INTO Modalidades (nome, esporte_id) VALUES ('Cycling Men''s 100 kilometres Team Time Trial', 5);
INSERT INTO Participacao (atleta_id, time_id, olimpiada_id, modalidade_id, idade, altura, peso, medalha) VALUES (3570, 1, 7, 11, 24.0, 170.0, 60.0, null);
INSERT INTO Atletas (id, nome, sexo) VALUES (3571, 'An Byeong-Seok', 'M');
INSERT INTO Olimpiadas (jogos, ano, estacao, cidade) VALUES ('1948 Summer', 1948, 'Summer', 'London');
INSERT INTO Esportes (nome) VALUES ('Basketball');
INSERT INTO Modalidades (nome, esporte_id) VALUES ('Basketball Men''s Basketball', 6);
INSERT INTO Participacao (atleta_id, time_id, olimpiada_id, modalidade_id, idade, altura, peso, medalha) VALUES (3571, 1, 8, 12, null, 180.0, null, null);
INSERT INTO Olimpiadas (jogos, ano, estacao, cidade) VALUES ('1956 Summer', 1956, 'Summer', 'Melbourne');
INSERT INTO Participacao (atleta_id, time_id, olimpiada_id, modalidade_id, idade, altura, peso, medalha) VALUES (3571, 1, 9, 12, null, 180.0, null, null);
INSERT INTO Atletas (id, nome, sexo) VALUES (3572, 'An Chang-Rim', 'M');
INSERT INTO Participacao (atleta_id, time_id, olimpiada_id, modalidade_id, idade, altura, peso, medalha) VALUES (3572, 1, 4, 6, 22.0, 170.0, 73.0, null);
INSERT INTO Atletas (id, nome, sexo) VALUES (3573, 'An Cheon-Yeong', 'M');
INSERT INTO Olimpiadas (jogos, ano, estacao, cidade) VALUES ('1968 Summer', 1968, 'Summer', 'Mexico City');
INSERT INTO Esportes (nome) VALUES ('Wrestling');
INSERT INTO Modalidades (nome, esporte_id) VALUES ('Wrestling Men''s Bantamweight, Greco-Roman', 7);
INSERT INTO Participacao (atleta_id, time_id, olimpiada_id, modalidade_id, idade, altura, peso, medalha) VALUES (3573, 1, 10, 13, 24.0, 163.0, 57.0, null);
INSERT INTO Olimpiadas (jogos, ano, estacao, cidade) VALUES ('1972 Summer', 1972, 'Summer', 'Munich');
INSERT INTO Participacao (atleta_id, time_id, olimpiada_id, modalidade_id, idade, altura, peso, medalha) VALUES (3573, 1, 11, 13, 28.0, 163.0, 57.0, null);
INSERT INTO Atletas (id, nome, sexo) VALUES (3574, 'An Dae-Hyeon', 'M');
INSERT INTO Modalidades (nome, esporte_id) VALUES ('Wrestling Men''s Featherweight, Greco-Roman', 7);
INSERT INTO Participacao (atleta_id, time_id, olimpiada_id, modalidade_id, idade, altura, peso, medalha) VALUES (3574, 1, 6, 14, 25.0, 166.0, 67.0, 'Bronze');
INSERT INTO Atletas (id, nome, sexo) VALUES (3575, 'An Dal-Ho', 'M');
INSERT INTO Esportes (nome) VALUES ('Boxing');
INSERT INTO Modalidades (nome, esporte_id) VALUES ('Boxing Men''s Light-Middleweight', 8);
INSERT INTO Participacao (atleta_id, time_id, olimpiada_id, modalidade_id, idade, altura, peso, medalha) VALUES (3575, 1, 5, 15, 21.0, 183.0, 75.0, null);
INSERT INTO Atletas (id, nome, sexo) VALUES (3577, 'An Deok-Gi', 'M');
INSERT INTO Esportes (nome) VALUES ('Equestrianism');
INSERT INTO Modalidades (nome, esporte_id) VALUES ('Equestrianism Mixed Jumping, Individual', 9);
INSERT INTO Participacao (atleta_id, time_id, olimpiada_id, modalidade_id, idade, altura, peso, medalha) VALUES (3577, 1, 7, 16, 24.0, 173.0, 58.0, null);
INSERT INTO Modalidades (nome, esporte_id) VALUES ('Equestrianism Mixed Jumping, Team', 9);
INSERT INTO Participacao (atleta_id, time_id, olimpiada_id, modalidade_id, idade, altura, peso, medalha) VALUES (3577, 1, 7, 17, 24.0, 173.0, 58.0, null);
INSERT INTO Atletas (id, nome, sexo) VALUES (3579, 'An Gyeong-Ja', 'F');
INSERT INTO Esportes (nome) VALUES ('Volleyball');
INSERT INTO Modalidades (nome, esporte_id) VALUES ('Volleyball Women''s Volleyball', 10);
INSERT INTO Participacao (atleta_id, time_id, olimpiada_id, modalidade_id, idade, altura, peso, medalha) VALUES (3579, 1, 10, 18, 18.0, 169.0, 59.0, null);
INSERT INTO Atletas (id, nome, sexo) VALUES (3580, 'An Hae-Eun', 'F');
INSERT INTO Esportes (nome) VALUES ('Rowing');
INSERT INTO Modalidades (nome, esporte_id) VALUES ('Rowing Women''s Coxed Fours', 11);
INSERT INTO Participacao (atleta_id, time_id, olimpiada_id, modalidade_id, idade, altura, peso, medalha) VALUES (3580, 1, 5, 19, 21.0, 159.0, 48.0, null);
INSERT INTO Atletas (id, nome, sexo) VALUES (3581, 'An Han-Bong', 'M');
INSERT INTO Olimpiadas (jogos, ano, estacao, cidade) VALUES ('1992 Summer', 1992, 'Summer', 'Barcelona');
INSERT INTO Participacao (atleta_id, time_id, olimpiada_id, modalidade_id, idade, altura, peso, medalha) VALUES (3581, 1, 12, 13, 23.0, 163.0, 62.0, 'Gold');
INSERT INTO Atletas (id, nome, sexo) VALUES (3582, 'An Han-Yeong', 'M');
INSERT INTO Olimpiadas (jogos, ano, estacao, cidade) VALUES ('1976 Summer', 1976, 'Summer', 'Montreal');
INSERT INTO Participacao (atleta_id, time_id, olimpiada_id, modalidade_id, idade, altura, peso, medalha) VALUES (3582, 1, 13, 13, 28.0, 165.0, 57.0, null);
INSERT INTO Atletas (id, nome, sexo) VALUES (3583, 'An Hui-Bong', 'M');
INSERT INTO Olimpiadas (jogos, ano, estacao, cidade) VALUES ('1996 Summer', 1996, 'Summer', 'Atlanta');
INSERT INTO Esportes (nome) VALUES ('Baseball');
INSERT INTO Modalidades (nome, esporte_id) VALUES ('Baseball Men''s Baseball', 12);
INSERT INTO Participacao (atleta_id, time_id, olimpiada_id, modalidade_id, idade, altura, peso, medalha) VALUES (3583, 1, 14, 20, 23.0, 188.0, 100.0, null);
INSERT INTO Atletas (id, nome, sexo) VALUES (3584, 'An Hyo-Ju', 'F');
INSERT INTO Esportes (nome) VALUES ('Hockey');
INSERT INTO Modalidades (nome, esporte_id) VALUES ('Hockey Women''s Hockey', 13);
INSERT INTO Participacao (atleta_id, time_id, olimpiada_id, modalidade_id, idade, altura, peso, medalha) VALUES (3584, 1, 4, 21, 28.0, 168.0, 54.0, null);
INSERT INTO Atletas (id, nome, sexo) VALUES (3586, 'An Jae-Song', 'M');
INSERT INTO Olimpiadas (jogos, ano, estacao, cidade) VALUES ('1960 Summer', 1960, 'Summer', 'Roma');
INSERT INTO Modalidades (nome, esporte_id) VALUES ('Shooting Men''s Free Pistol, 50 metres', 3);
INSERT INTO Participacao (atleta_id, time_id, olimpiada_id, modalidade_id, idade, altura, peso, medalha) VALUES (3586, 1, 15, 22, 26.0, 161.0, 63.0, null);
INSERT INTO Participacao (atleta_id, time_id, olimpiada_id, modalidade_id, idade, altura, peso, medalha) VALUES (3586, 1, 7, 22, 30.0, 161.0, 63.0, null);
INSERT INTO Modalidades (nome, esporte_id) VALUES ('Shooting Mixed Free Pistol, 50 metres', 3);
INSERT INTO Participacao (atleta_id, time_id, olimpiada_id, modalidade_id, idade, altura, peso, medalha) VALUES (3586, 1, 10, 23, 34.0, 161.0, 63.0, null);
INSERT INTO Atletas (id, nome, sexo) VALUES (3587, 'An Jae-Won', 'M');
INSERT INTO Modalidades (nome, esporte_id) VALUES ('Wrestling Men''s Bantamweight, Freestyle', 7);
INSERT INTO Participacao (atleta_id, time_id, olimpiada_id, modalidade_id, idade, altura, peso, medalha) VALUES (3587, 1, 11, 24, 24.0, 162.0, 57.0, null);
INSERT INTO Atletas (id, nome, sexo) VALUES (3588, 'An Jeong-Geun', 'M');
INSERT INTO Modalidades (nome, esporte_id) VALUES ('Shooting Men''s Trap', 3);
INSERT INTO Participacao (atleta_id, time_id, olimpiada_id, modalidade_id, idade, altura, peso, medalha) VALUES (3588, 1, 7, 25, 39.0, 174.0, 72.0, null);
INSERT INTO Atletas (id, nome, sexo) VALUES (3589, 'An Jeong-Hwa', 'F');
INSERT INTO Olimpiadas (jogos, ano, estacao, cidade) VALUES ('2008 Summer', 2008, 'Summer', 'Beijing');
INSERT INTO Esportes (nome) VALUES ('Handball');
INSERT INTO Modalidades (nome, esporte_id) VALUES ('Handball Women''s Handball', 14);
INSERT INTO Participacao (atleta_id, time_id, olimpiada_id, modalidade_id, idade, altura, peso, medalha) VALUES (3589, 1, 16, 26, 27.0, 162.0, 62.0, 'Bronze');
INSERT INTO Atletas (id, nome, sexo) VALUES (3590, 'An Ji-Min', 'F');
INSERT INTO Olimpiadas (jogos, ano, estacao, cidade) VALUES ('2010 Winter', 2010, 'Winter', 'Vancouver');
INSERT INTO Esportes (nome) VALUES ('Speed Skating');
INSERT INTO Modalidades (nome, esporte_id) VALUES ('Speed Skating Women''s 500 metres', 15);
INSERT INTO Participacao (atleta_id, time_id, olimpiada_id, modalidade_id, idade, altura, peso, medalha) VALUES (3590, 1, 17, 27, 17.0, 163.0, 52.0, null);
INSERT INTO Atletas (id, nome, sexo) VALUES (3591, 'An Jin-Su', 'M');
INSERT INTO Modalidades (nome, esporte_id) VALUES ('Handball Men''s Handball', 14);
INSERT INTO Participacao (atleta_id, time_id, olimpiada_id, modalidade_id, idade, altura, peso, medalha) VALUES (3591, 1, 5, 28, 22.0, 185.0, 83.0, null);
INSERT INTO Atletas (id, nome, sexo) VALUES (3592, 'An Jong-Deuk', 'M');
INSERT INTO Modalidades (nome, esporte_id) VALUES ('Rowing Men''s Coxed Eights', 11);
INSERT INTO Participacao (atleta_id, time_id, olimpiada_id, modalidade_id, idade, altura, peso, medalha) VALUES (3592, 1, 7, 29, 22.0, 183.0, 79.0, null);
INSERT INTO Atletas (id, nome, sexo) VALUES (3595, 'An Sang-Mi', 'F');
INSERT INTO Esportes (nome) VALUES ('Short Track Speed Skating');
INSERT INTO Modalidades (nome, esporte_id) VALUES ('Short Track Speed Skating Women''s 3,000 metres Relay', 16);
INSERT INTO Participacao (atleta_id, time_id, olimpiada_id, modalidade_id, idade, altura, peso, medalha) VALUES (3595, 1, 3, 30, 18.0, 155.0, 48.0, 'Gold');
INSERT INTO Atletas (id, nome, sexo) VALUES (3596, 'An Se-Hyeon', 'F');
INSERT INTO Esportes (nome) VALUES ('Swimming');
INSERT INTO Modalidades (nome, esporte_id) VALUES ('Swimming Women''s 100 metres Butterfly', 17);
INSERT INTO Participacao (atleta_id, time_id, olimpiada_id, modalidade_id, idade, altura, peso, medalha) VALUES (3596, 1, 4, 31, 20.0, 168.0, 57.0, null);
INSERT INTO Modalidades (nome, esporte_id) VALUES ('Swimming Women''s 200 metres Butterfly', 17);
INSERT INTO Participacao (atleta_id, time_id, olimpiada_id, modalidade_id, idade, altura, peso, medalha) VALUES (3596, 1, 4, 32, 20.0, 168.0, 57.0, null);
INSERT INTO Atletas (id, nome, sexo) VALUES (3599, 'An Seon-Mi', 'F');
INSERT INTO Modalidades (nome, esporte_id) VALUES ('Basketball Women''s Basketball', 6);
INSERT INTO Participacao (atleta_id, time_id, olimpiada_id, modalidade_id, idade, altura, peso, medalha) VALUES (3599, 1, 14, 33, 23.0, 175.0, 62.0, null);
INSERT INTO Atletas (id, nome, sexo) VALUES (3600, 'An Seul-Ki', 'F');
INSERT INTO Esportes (nome) VALUES ('Athletics');
INSERT INTO Modalidades (nome, esporte_id) VALUES ('Athletics Women''s Marathon', 18);
INSERT INTO Participacao (atleta_id, time_id, olimpiada_id, modalidade_id, idade, altura, peso, medalha) VALUES (3600, 1, 4, 34, 24.0, 161.0, 46.0, null);
INSERT INTO Atletas (id, nome, sexo) VALUES (3601, 'An Su-Gyeong', 'F');
INSERT INTO Olimpiadas (jogos, ano, estacao, cidade) VALUES ('2004 Summer', 2004, 'Summer', 'Athina');
INSERT INTO Modalidades (nome, esporte_id) VALUES ('Shooting Women''s Air Pistol, 10 metres', 3);
INSERT INTO Participacao (atleta_id, time_id, olimpiada_id, modalidade_id, idade, altura, peso, medalha) VALUES (3601, 1, 18, 35, 17.0, 160.0, 65.0, null);
INSERT INTO Modalidades (nome, esporte_id) VALUES ('Shooting Women''s Sporting Pistol, 25 metres', 3);
INSERT INTO Participacao (atleta_id, time_id, olimpiada_id, modalidade_id, idade, altura, peso, medalha) VALUES (3601, 1, 18, 36, 17.0, 160.0, 65.0, null);
INSERT INTO Participacao (atleta_id, time_id, olimpiada_id, modalidade_id, idade, altura, peso, medalha) VALUES (3601, 1, 16, 36, 21.0, 160.0, 65.0, null);
INSERT INTO Atletas (id, nome, sexo) VALUES (3602, 'An U-Hyeok', 'M');
INSERT INTO Modalidades (nome, esporte_id) VALUES ('Cycling Men''s Team Pursuit, 4,000 metres', 5);
INSERT INTO Participacao (atleta_id, time_id, olimpiada_id, modalidade_id, idade, altura, peso, medalha) VALUES (3602, 1, 6, 37, 24.0, 178.0, 74.0, null);
INSERT INTO Atletas (id, nome, sexo) VALUES (3604, 'Viktor An', 'M');
INSERT INTO Olimpiadas (jogos, ano, estacao, cidade) VALUES ('2002 Winter', 2002, 'Winter', 'Salt Lake City');
INSERT INTO Modalidades (nome, esporte_id) VALUES ('Short Track Speed Skating Men''s 1,000 metres', 16);
INSERT INTO Participacao (atleta_id, time_id, olimpiada_id, modalidade_id, idade, altura, peso, medalha) VALUES (3604, 1, 19, 38, 16.0, 170.0, 65.0, null);
INSERT INTO Modalidades (nome, esporte_id) VALUES ('Short Track Speed Skating Men''s 1,500 metres', 16);
INSERT INTO Participacao (atleta_id, time_id, olimpiada_id, modalidade_id, idade, altura, peso, medalha) VALUES (3604, 1, 19, 39, 16.0, 170.0, 65.0, null);
INSERT INTO Olimpiadas (jogos, ano, estacao, cidade) VALUES ('2006 Winter', 2006, 'Winter', 'Torino');
INSERT INTO Modalidades (nome, esporte_id) VALUES ('Short Track Speed Skating Men''s 500 metres', 16);
INSERT INTO Participacao (atleta_id, time_id, olimpiada_id, modalidade_id, idade, altura, peso, medalha) VALUES (3604, 1, 20, 40, 20.0, 170.0, 65.0, 'Bronze');
INSERT INTO Participacao (atleta_id, time_id, olimpiada_id, modalidade_id, idade, altura, peso, medalha) VALUES (3604, 1, 20, 38, 20.0, 170.0, 65.0, 'Gold');
INSERT INTO Participacao (atleta_id, time_id, olimpiada_id, modalidade_id, idade, altura, peso, medalha) VALUES (3604, 1, 20, 39, 20.0, 170.0, 65.0, 'Gold');
INSERT INTO Modalidades (nome, esporte_id) VALUES ('Short Track Speed Skating Men''s 5,000 metres Relay', 16);
INSERT INTO Participacao (atleta_id, time_id, olimpiada_id, modalidade_id, idade, altura, peso, medalha) VALUES (3604, 1, 20, 41, 20.0, 170.0, 65.0, 'Gold');
INSERT INTO Atletas (id, nome, sexo) VALUES (3606, 'An Yeong-Han', 'M');
INSERT INTO Modalidades (nome, esporte_id) VALUES ('Athletics Men''s Discus Throw', 18);
INSERT INTO Participacao (atleta_id, time_id, olimpiada_id, modalidade_id, idade, altura, peso, medalha) VALUES (3606, 1, 8, 42, 30.0, null, null, null);
INSERT INTO Atletas (id, nome, sexo) VALUES (3607, 'An Yeong-Sik', 'M');
INSERT INTO Participacao (atleta_id, time_id, olimpiada_id, modalidade_id, idade, altura, peso, medalha) VALUES (3607, 1, 9, 12, null, null, null, null);
INSERT INTO Atletas (id, nome, sexo) VALUES (3608, 'An Yeong-Su', 'M');
INSERT INTO Modalidades (nome, esporte_id) VALUES ('Boxing Men''s Welterweight', 8);
INSERT INTO Participacao (atleta_id, time_id, olimpiada_id, modalidade_id, idade, altura, peso, medalha) VALUES (3608, 1, 5, 43, 20.0, 174.0, 70.0, 'Silver');
INSERT INTO Atletas (id, nome, sexo) VALUES (3609, 'An Yong-Gwon', 'M');
INSERT INTO Esportes (nome) VALUES ('Weightlifting');
INSERT INTO Modalidades (nome, esporte_id) VALUES ('Weightlifting Men''s Super-Heavyweight', 19);
INSERT INTO Participacao (atleta_id, time_id, olimpiada_id, modalidade_id, idade, altura, peso, medalha) VALUES (3609, 1, 18, 44, 21.0, 188.0, 138.0, null);
INSERT INTO Atletas (id, nome, sexo) VALUES (6711, 'Bae Eun-Mi', 'F');
INSERT INTO Esportes (nome) VALUES ('Gymnastics');
INSERT INTO Modalidades (nome, esporte_id) VALUES ('Gymnastics Women''s Individual All-Around', 20);
INSERT INTO Participacao (atleta_id, time_id, olimpiada_id, modalidade_id, idade, altura, peso, medalha) VALUES (6711, 1, 6, 45, 15.0, 155.0, 43.0, null);
INSERT INTO Modalidades (nome, esporte_id) VALUES ('Gymnastics Women''s Team All-Around', 20);
INSERT INTO Participacao (atleta_id, time_id, olimpiada_id, modalidade_id, idade, altura, peso, medalha) VALUES (6711, 1, 6, 46, 15.0, 155.0, 43.0, null);
INSERT INTO Modalidades (nome, esporte_id) VALUES ('Gymnastics Women''s Floor Exercise', 20);
INSERT INTO Participacao (atleta_id, time_id, olimpiada_id, modalidade_id, idade, altura, peso, medalha) VALUES (6711, 1, 6, 47, 15.0, 155.0, 43.0, null);
INSERT INTO Modalidades (nome, esporte_id) VALUES ('Gymnastics Women''s Horse Vault', 20);
INSERT INTO Participacao (atleta_id, time_id, olimpiada_id, modalidade_id, idade, altura, peso, medalha) VALUES (6711, 1, 6, 48, 15.0, 155.0, 43.0, null);
INSERT INTO Modalidades (nome, esporte_id) VALUES ('Gymnastics Women''s Uneven Bars', 20);
INSERT INTO Participacao (atleta_id, time_id, olimpiada_id, modalidade_id, idade, altura, peso, medalha) VALUES (6711, 1, 6, 49, 15.0, 155.0, 43.0, null);
INSERT INTO Modalidades (nome, esporte_id) VALUES ('Gymnastics Women''s Balance Beam', 20);
INSERT INTO Participacao (atleta_id, time_id, olimpiada_id, modalidade_id, idade, altura, peso, medalha) VALUES (6711, 1, 6, 50, 15.0, 155.0, 43.0, null);
INSERT INTO Atletas (id, nome, sexo) VALUES (6712, 'Bae Gi-Tae', 'M');
INSERT INTO Olimpiadas (jogos, ano, estacao, cidade) VALUES ('1984 Winter', 1984, 'Winter', 'Sarajevo');
INSERT INTO Modalidades (nome, esporte_id) VALUES ('Speed Skating Men''s 1,500 metres', 15);
INSERT INTO Participacao (atleta_id, time_id, olimpiada_id, modalidade_id, idade, altura, peso, medalha) VALUES (6712, 1, 21, 51, 18.0, 180.0, 73.0, null);
INSERT INTO Modalidades (nome, esporte_id) VALUES ('Speed Skating Men''s 5,000 metres', 15);
INSERT INTO Participacao (atleta_id, time_id, olimpiada_id, modalidade_id, idade, altura, peso, medalha) VALUES (6712, 1, 21, 52, 18.0, 180.0, 73.0, null);
INSERT INTO Olimpiadas (jogos, ano, estacao, cidade) VALUES ('1988 Winter', 1988, 'Winter', 'Calgary');
INSERT INTO Modalidades (nome, esporte_id) VALUES ('Speed Skating Men''s 500 metres', 15);
INSERT INTO Participacao (atleta_id, time_id, olimpiada_id, modalidade_id, idade, altura, peso, medalha) VALUES (6712, 1, 22, 53, 22.0, 180.0, 73.0, null);
INSERT INTO Modalidades (nome, esporte_id) VALUES ('Speed Skating Men''s 1,000 metres', 15);
INSERT INTO Participacao (atleta_id, time_id, olimpiada_id, modalidade_id, idade, altura, peso, medalha) VALUES (6712, 1, 22, 54, 22.0, 180.0, 73.0, null);
INSERT INTO Atletas (id, nome, sexo) VALUES (6713, 'Bae Gi-Ung', 'M');
INSERT INTO Modalidades (nome, esporte_id) VALUES ('Boxing Men''s Bantamweight', 8);
INSERT INTO Participacao (atleta_id, time_id, olimpiada_id, modalidade_id, idade, altura, peso, medalha) VALUES (6713, 1, 14, 55, 22.0, 170.0, 54.0, null);
INSERT INTO Atletas (id, nome, sexo) VALUES (6714, 'Bae Ho-Jo', 'M');
INSERT INTO Participacao (atleta_id, time_id, olimpiada_id, modalidade_id, idade, altura, peso, medalha) VALUES (6714, 1, 14, 43, 19.0, 174.0, 67.0, null);
INSERT INTO Atletas (id, nome, sexo) VALUES (6715, 'Bae Jae-Hyo', 'M');
INSERT INTO Participacao (atleta_id, time_id, olimpiada_id, modalidade_id, idade, altura, peso, medalha) VALUES (6715, 1, 14, 20, 22.0, 175.0, 77.0, null);
INSERT INTO Atletas (id, nome, sexo) VALUES (6716, 'Bae Jeong-Ho', 'M');
INSERT INTO Esportes (nome) VALUES ('Football');
INSERT INTO Modalidades (nome, esporte_id) VALUES ('Football Men''s Football', 21);
INSERT INTO Participacao (atleta_id, time_id, olimpiada_id, modalidade_id, idade, altura, peso, medalha) VALUES (6716, 1, 8, 56, null, null, null, null);
INSERT INTO Atletas (id, nome, sexo) VALUES (6717, 'Bae Jin-Seok', 'M');
INSERT INTO Olimpiadas (jogos, ano, estacao, cidade) VALUES ('2000 Summer', 2000, 'Summer', 'Sydney');
INSERT INTO Participacao (atleta_id, time_id, olimpiada_id, modalidade_id, idade, altura, peso, medalha) VALUES (6717, 1, 23, 43, 21.0, 175.0, 67.0, null);
INSERT INTO Atletas (id, nome, sexo) VALUES (6718, 'Bae Min-Hee', 'F');
INSERT INTO Participacao (atleta_id, time_id, olimpiada_id, modalidade_id, idade, altura, peso, medalha) VALUES (6718, 1, 16, 26, 20.0, 169.0, 56.0, 'Bronze');
INSERT INTO Atletas (id, nome, sexo) VALUES (6719, 'Bae Seong-Deok', 'M');
INSERT INTO Modalidades (nome, esporte_id) VALUES ('Shooting Men''s Small-Bore Rifle, Three Positions, 50 metres', 3);
INSERT INTO Participacao (atleta_id, time_id, olimpiada_id, modalidade_id, idade, altura, peso, medalha) VALUES (6719, 1, 23, 57, 30.0, 175.0, 67.0, null);
INSERT INTO Modalidades (nome, esporte_id) VALUES ('Shooting Men''s Small-Bore Rifle, Prone, 50 metres', 3);
INSERT INTO Participacao (atleta_id, time_id, olimpiada_id, modalidade_id, idade, altura, peso, medalha) VALUES (6719, 1, 23, 58, 30.0, 175.0, 67.0, null);
INSERT INTO Atletas (id, nome, sexo) VALUES (6720, 'Bae Yeon-Ju', 'F');
INSERT INTO Olimpiadas (jogos, ano, estacao, cidade) VALUES ('2012 Summer', 2012, 'Summer', 'London');
INSERT INTO Esportes (nome) VALUES ('Badminton');
INSERT INTO Modalidades (nome, esporte_id) VALUES ('Badminton Women''s Singles', 22);
INSERT INTO Participacao (atleta_id, time_id, olimpiada_id, modalidade_id, idade, altura, peso, medalha) VALUES (6720, 1, 24, 59, 21.0, 167.0, 57.0, null);
INSERT INTO Participacao (atleta_id, time_id, olimpiada_id, modalidade_id, idade, altura, peso, medalha) VALUES (6720, 1, 4, 59, 25.0, 167.0, 57.0, null);
INSERT INTO Atletas (id, nome, sexo) VALUES (6721, 'Bae Yoo-Na', 'F');
INSERT INTO Participacao (atleta_id, time_id, olimpiada_id, modalidade_id, idade, altura, peso, medalha) VALUES (6721, 1, 4, 18, 26.0, 182.0, 66.0, null);
INSERT INTO Atletas (id, nome, sexo) VALUES (6723, 'Baeg Eun-Bi', 'F');
INSERT INTO Modalidades (nome, esporte_id) VALUES ('Speed Skating Women''s 3,000 metres', 15);
INSERT INTO Participacao (atleta_id, time_id, olimpiada_id, modalidade_id, idade, altura, peso, medalha) VALUES (6723, 1, 2, 60, 14.0, 158.0, 52.0, null);
INSERT INTO Modalidades (nome, esporte_id) VALUES ('Speed Skating Women''s 1,500 metres', 15);
INSERT INTO Participacao (atleta_id, time_id, olimpiada_id, modalidade_id, idade, altura, peso, medalha) VALUES (6723, 1, 3, 61, 18.0, 158.0, 52.0, null);
INSERT INTO Participacao (atleta_id, time_id, olimpiada_id, modalidade_id, idade, altura, peso, medalha) VALUES (6723, 1, 3, 60, 18.0, 158.0, 52.0, null);
INSERT INTO Participacao (atleta_id, time_id, olimpiada_id, modalidade_id, idade, altura, peso, medalha) VALUES (6723, 1, 19, 61, 22.0, 158.0, 52.0, null);
INSERT INTO Participacao (atleta_id, time_id, olimpiada_id, modalidade_id, idade, altura, peso, medalha) VALUES (6723, 1, 19, 60, 22.0, 158.0, 52.0, null);
INSERT INTO Atletas (id, nome, sexo) VALUES (6724, 'Baeg Ok-Ja', 'F');
INSERT INTO Modalidades (nome, esporte_id) VALUES ('Athletics Women''s Shot Put', 18);
INSERT INTO Participacao (atleta_id, time_id, olimpiada_id, modalidade_id, idade, altura, peso, medalha) VALUES (6724, 1, 10, 62, 18.0, 175.0, 78.0, null);
INSERT INTO Participacao (atleta_id, time_id, olimpiada_id, modalidade_id, idade, altura, peso, medalha) VALUES (6724, 1, 11, 62, 22.0, 175.0, 78.0, null);
INSERT INTO Atletas (id, nome, sexo) VALUES (6726, 'Baek Do-Seon', 'M');
INSERT INTO Modalidades (nome, esporte_id) VALUES ('Boxing Men''s Lightweight', 8);
INSERT INTO Participacao (atleta_id, time_id, olimpiada_id, modalidade_id, idade, altura, peso, medalha) VALUES (6726, 1, 9, 63, 26.0, null, null, null);
INSERT INTO Atletas (id, nome, sexo) VALUES (6727, 'Baek Ee-Seul', 'F');
INSERT INTO Participacao (atleta_id, time_id, olimpiada_id, modalidade_id, idade, altura, peso, medalha) VALUES (6727, 1, 4, 21, 21.0, 175.0, 72.0, null);
INSERT INTO Atletas (id, nome, sexo) VALUES (6728, 'Baek Hyeon-Man', 'M');
INSERT INTO Modalidades (nome, esporte_id) VALUES ('Boxing Men''s Heavyweight', 8);
INSERT INTO Participacao (atleta_id, time_id, olimpiada_id, modalidade_id, idade, altura, peso, medalha) VALUES (6728, 1, 6, 64, 24.0, 189.0, 91.0, 'Silver');
INSERT INTO Atletas (id, nome, sexo) VALUES (6729, 'Baek Il-Ju', 'F');
INSERT INTO Modalidades (nome, esporte_id) VALUES ('Swimming Women''s 200 metres Freestyle', 17);
INSERT INTO Participacao (atleta_id, time_id, olimpiada_id, modalidade_id, idade, altura, peso, medalha) VALUES (6729, 1, 24, 65, 26.0, 170.0, 66.0, null);
INSERT INTO Atletas (id, nome, sexo) VALUES (6730, 'Baek Jeong-Nam', 'M');
INSERT INTO Participacao (atleta_id, time_id, olimpiada_id, modalidade_id, idade, altura, peso, medalha) VALUES (6730, 1, 9, 12, null, null, null, null);
INSERT INTO Atletas (id, nome, sexo) VALUES (6731, 'Baek Ji-Hoon', 'M');
INSERT INTO Participacao (atleta_id, time_id, olimpiada_id, modalidade_id, idade, altura, peso, medalha) VALUES (6731, 1, 16, 56, 23.0, 175.0, 65.0, null);
INSERT INTO Atletas (id, nome, sexo) VALUES (6732, 'Baek Jin-Guk', 'M');
INSERT INTO Modalidades (nome, esporte_id) VALUES ('Wrestling Men''s Welterweight, Freestyle', 7);
INSERT INTO Participacao (atleta_id, time_id, olimpiada_id, modalidade_id, idade, altura, peso, medalha) VALUES (6732, 1, 18, 66, 27.0, 170.0, 66.0, null);
INSERT INTO Atletas (id, nome, sexo) VALUES (6733, 'Baek Jong-Seop', 'M');
INSERT INTO Participacao (atleta_id, time_id, olimpiada_id, modalidade_id, idade, altura, peso, medalha) VALUES (6733, 1, 18, 63, 24.0, 172.0, 60.0, null);
INSERT INTO Participacao (atleta_id, time_id, olimpiada_id, modalidade_id, idade, altura, peso, medalha) VALUES (6733, 1, 16, 63, 28.0, 172.0, 60.0, null);
INSERT INTO Atletas (id, nome, sexo) VALUES (6734, 'Baek Myeong-Seon', 'F');
INSERT INTO Participacao (atleta_id, time_id, olimpiada_id, modalidade_id, idade, altura, peso, medalha) VALUES (6734, 1, 13, 18, 20.0, 173.0, 64.0, 'Bronze');
INSERT INTO Atletas (id, nome, sexo) VALUES (6735, 'Baek Sang-Seo', 'M');
INSERT INTO Participacao (atleta_id, time_id, olimpiada_id, modalidade_id, idade, altura, peso, medalha) VALUES (6735, 1, 12, 28, 32.0, null, null, null);
INSERT INTO Atletas (id, nome, sexo) VALUES (6736, 'Baek Seong-Dong', 'M');
INSERT INTO Participacao (atleta_id, time_id, olimpiada_id, modalidade_id, idade, altura, peso, medalha) VALUES (6736, 1, 24, 56, 20.0, 171.0, 66.0, 'Bronze');
INSERT INTO Atletas (id, nome, sexo) VALUES (6737, 'Baek Seung-Do', 'M');
INSERT INTO Modalidades (nome, esporte_id) VALUES ('Athletics Men''s Marathon', 18);
INSERT INTO Participacao (atleta_id, time_id, olimpiada_id, modalidade_id, idade, altura, peso, medalha) VALUES (6737, 1, 23, 67, 32.0, 172.0, 58.0, null);
INSERT INTO Atletas (id, nome, sexo) VALUES (6738, 'Baek Seung-Hyeon', 'M');
INSERT INTO Modalidades (nome, esporte_id) VALUES ('Wrestling Men''s Flyweight, Greco-Roman', 7);
INSERT INTO Participacao (atleta_id, time_id, olimpiada_id, modalidade_id, idade, altura, peso, medalha) VALUES (6738, 1, 13, 68, 27.0, 160.0, 52.0, null);
INSERT INTO Atletas (id, nome, sexo) VALUES (6739, 'Baek Su-Yeon', 'F');
INSERT INTO Modalidades (nome, esporte_id) VALUES ('Swimming Women''s 200 metres Breaststroke', 17);
INSERT INTO Participacao (atleta_id, time_id, olimpiada_id, modalidade_id, idade, altura, peso, medalha) VALUES (6739, 1, 24, 69, 21.0, 173.0, 61.0, null);
INSERT INTO Participacao (atleta_id, time_id, olimpiada_id, modalidade_id, idade, altura, peso, medalha) VALUES (6739, 1, 4, 69, 25.0, 173.0, 61.0, null);
INSERT INTO Atletas (id, nome, sexo) VALUES (6740, 'Baek Won-Cheol', 'M');
INSERT INTO Participacao (atleta_id, time_id, olimpiada_id, modalidade_id, idade, altura, peso, medalha) VALUES (6740, 1, 23, 28, 23.0, 180.0, 83.0, null);
INSERT INTO Participacao (atleta_id, time_id, olimpiada_id, modalidade_id, idade, altura, peso, medalha) VALUES (6740, 1, 18, 28, 27.0, 180.0, 83.0, null);
INSERT INTO Participacao (atleta_id, time_id, olimpiada_id, modalidade_id, idade, altura, peso, medalha) VALUES (6740, 1, 16, 28, 31.0, 180.0, 83.0, null);
INSERT INTO Participacao (atleta_id, time_id, olimpiada_id, modalidade_id, idade, altura, peso, medalha) VALUES (6740, 1, 24, 28, 35.0, 180.0, 83.0, null);
INSERT INTO Atletas (id, nome, sexo) VALUES (6983, 'Bak Ji-Yun', 'F');
INSERT INTO Modalidades (nome, esporte_id) VALUES ('Judo Women''s Half-Middleweight', 2);
INSERT INTO Participacao (atleta_id, time_id, olimpiada_id, modalidade_id, idade, altura, peso, medalha) VALUES (6983, 1, 4, 70, 23.0, 168.0, 63.0, null);
INSERT INTO Atletas (id, nome, sexo) VALUES (7494, 'Bang Dae-Du', 'M');
INSERT INTO Participacao (atleta_id, time_id, olimpiada_id, modalidade_id, idade, altura, peso, medalha) VALUES (7494, 1, 5, 68, 29.0, 159.0, 52.0, 'Bronze');
INSERT INTO Atletas (id, nome, sexo) VALUES (7495, 'Bang Gwi-Man', 'M');
INSERT INTO Participacao (atleta_id, time_id, olimpiada_id, modalidade_id, idade, altura, peso, medalha) VALUES (7495, 1, 18, 5, 21.0, 170.0, 66.0, null);
INSERT INTO Atletas (id, nome, sexo) VALUES (7496, 'Bang Hyeon-Ju', 'F');
INSERT INTO Participacao (atleta_id, time_id, olimpiada_id, modalidade_id, idade, altura, peso, medalha) VALUES (7496, 1, 6, 35, 22.0, 161.0, 48.0, null);
INSERT INTO Participacao (atleta_id, time_id, olimpiada_id, modalidade_id, idade, altura, peso, medalha) VALUES (7496, 1, 12, 35, 26.0, 161.0, 48.0, null);
INSERT INTO Participacao (atleta_id, time_id, olimpiada_id, modalidade_id, idade, altura, peso, medalha) VALUES (7496, 1, 12, 36, 26.0, 161.0, 48.0, null);
INSERT INTO Atletas (id, nome, sexo) VALUES (7497, 'Bang Hyo-Mun', 'M');
INSERT INTO Modalidades (nome, esporte_id) VALUES ('Weightlifting Men''s Flyweight', 19);
INSERT INTO Participacao (atleta_id, time_id, olimpiada_id, modalidade_id, idade, altura, peso, medalha) VALUES (7497, 1, 5, 71, 18.0, 156.0, 56.0, null);
INSERT INTO Atletas (id, nome, sexo) VALUES (7498, 'Bang Ji-Seop', 'M');
INSERT INTO Modalidades (nome, esporte_id) VALUES ('Volleyball Men''s Volleyball', 10);
INSERT INTO Participacao (atleta_id, time_id, olimpiada_id, modalidade_id, idade, altura, peso, medalha) VALUES (7498, 1, 23, 72, 26.0, 192.0, 81.0, null);
INSERT INTO Atletas (id, nome, sexo) VALUES (7499, 'Bang Jin-Hyeok', 'F');
INSERT INTO Participacao (atleta_id, time_id, olimpiada_id, modalidade_id, idade, altura, peso, medalha) VALUES (7499, 1, 23, 21, 25.0, 170.0, 63.0, null);
INSERT INTO Atletas (id, nome, sexo) VALUES (7500, 'Bang Jun-Yeong', 'M');
INSERT INTO Modalidades (nome, esporte_id) VALUES ('Swimming Men''s 100 metres Butterfly', 17);
INSERT INTO Participacao (atleta_id, time_id, olimpiada_id, modalidade_id, idade, altura, peso, medalha) VALUES (7500, 1, 5, 73, 18.0, 169.0, 62.0, null);
INSERT INTO Modalidades (nome, esporte_id) VALUES ('Swimming Men''s 200 metres Butterfly', 17);
INSERT INTO Participacao (atleta_id, time_id, olimpiada_id, modalidade_id, idade, altura, peso, medalha) VALUES (7500, 1, 5, 74, 18.0, 169.0, 62.0, null);
INSERT INTO Atletas (id, nome, sexo) VALUES (7501, 'Bang Seung-Hun', 'M');
INSERT INTO Modalidades (nome, esporte_id) VALUES ('Swimming Men''s 400 metres Freestyle', 17);
INSERT INTO Participacao (atleta_id, time_id, olimpiada_id, modalidade_id, idade, altura, peso, medalha) VALUES (7501, 1, 12, 75, 16.0, null, null, null);
INSERT INTO Modalidades (nome, esporte_id) VALUES ('Swimming Men''s 1,500 metres Freestyle', 17);
INSERT INTO Participacao (atleta_id, time_id, olimpiada_id, modalidade_id, idade, altura, peso, medalha) VALUES (7501, 1, 12, 76, 16.0, null, null, null);
INSERT INTO Atletas (id, nome, sexo) VALUES (7502, 'Bang Shin-Hye', 'F');
INSERT INTO Modalidades (nome, esporte_id) VALUES ('Athletics Women''s 100 metres Hurdles', 18);
INSERT INTO Participacao (atleta_id, time_id, olimpiada_id, modalidade_id, idade, altura, peso, medalha) VALUES (7502, 1, 6, 77, 21.0, 172.0, 59.0, null);
INSERT INTO Atletas (id, nome, sexo) VALUES (7503, 'Bang Sin-Bong', 'M');
INSERT INTO Participacao (atleta_id, time_id, olimpiada_id, modalidade_id, idade, altura, peso, medalha) VALUES (7503, 1, 14, 72, 21.0, 200.0, 85.0, null);
INSERT INTO Participacao (atleta_id, time_id, olimpiada_id, modalidade_id, idade, altura, peso, medalha) VALUES (7503, 1, 23, 72, 25.0, 200.0, 85.0, null);
INSERT INTO Atletas (id, nome, sexo) VALUES (7504, 'Bang Su-Hyeon', 'F');
INSERT INTO Participacao (atleta_id, time_id, olimpiada_id, modalidade_id, idade, altura, peso, medalha) VALUES (7504, 1, 12, 59, 19.0, null, null, 'Silver');
INSERT INTO Participacao (atleta_id, time_id, olimpiada_id, modalidade_id, idade, altura, peso, medalha) VALUES (7504, 1, 14, 59, 23.0, null, null, 'Gold');
INSERT INTO Atletas (id, nome, sexo) VALUES (7505, 'Bang Won-Sun', 'M');
INSERT INTO Participacao (atleta_id, time_id, olimpiada_id, modalidade_id, idade, altura, peso, medalha) VALUES (7505, 1, 8, 12, null, null, null, null);
INSERT INTO Atletas (id, nome, sexo) VALUES (7506, 'Bang Yeol', 'M');
INSERT INTO Participacao (atleta_id, time_id, olimpiada_id, modalidade_id, idade, altura, peso, medalha) VALUES (7506, 1, 7, 12, 23.0, 178.0, 66.0, null);
INSERT INTO Atletas (id, nome, sexo) VALUES (13187, 'Bong Jung-Keun', 'M');
INSERT INTO Participacao (atleta_id, time_id, olimpiada_id, modalidade_id, idade, altura, peso, medalha) VALUES (13187, 1, 16, 20, 28.0, 190.0, 95.0, 'Gold');
INSERT INTO Atletas (id, nome, sexo) VALUES (13188, 'Bong Ug-Won', 'M');
INSERT INTO Modalidades (nome, esporte_id) VALUES ('Wrestling Men''s Lightweight, Freestyle', 7);
INSERT INTO Participacao (atleta_id, time_id, olimpiada_id, modalidade_id, idade, altura, peso, medalha) VALUES (13188, 1, 15, 78, 22.0, 172.0, 67.0, null);
INSERT INTO Atletas (id, nome, sexo) VALUES (15957, 'Bu Sun-Hui', 'F');
INSERT INTO Participacao (atleta_id, time_id, olimpiada_id, modalidade_id, idade, altura, peso, medalha) VALUES (15957, 1, 6, 36, 21.0, 156.0, 46.0, null);
INSERT INTO Participacao (atleta_id, time_id, olimpiada_id, modalidade_id, idade, altura, peso, medalha) VALUES (15957, 1, 14, 35, 29.0, 156.0, 46.0, null);
INSERT INTO Participacao (atleta_id, time_id, olimpiada_id, modalidade_id, idade, altura, peso, medalha) VALUES (15957, 1, 14, 36, 29.0, 156.0, 46.0, null);
INSERT INTO Participacao (atleta_id, time_id, olimpiada_id, modalidade_id, idade, altura, peso, medalha) VALUES (15957, 1, 23, 35, 33.0, 156.0, 46.0, null);
INSERT INTO Participacao (atleta_id, time_id, olimpiada_id, modalidade_id, idade, altura, peso, medalha) VALUES (15957, 1, 23, 36, 33.0, 156.0, 46.0, null);
INSERT INTO Atletas (id, nome, sexo) VALUES (17041, 'Byeon Byeong-Ju', 'M');
INSERT INTO Participacao (atleta_id, time_id, olimpiada_id, modalidade_id, idade, altura, peso, medalha) VALUES (17041, 1, 6, 56, 27.0, 174.0, 69.0, null);
INSERT INTO Atletas (id, nome, sexo) VALUES (17042, 'Byeon Cheon-Sa', 'F');
INSERT INTO Modalidades (nome, esporte_id) VALUES ('Short Track Speed Skating Women''s 1,500 metres', 16);
INSERT INTO Participacao (atleta_id, time_id, olimpiada_id, modalidade_id, idade, altura, peso, medalha) VALUES (17042, 1, 20, 79, 18.0, 167.0, 58.0, null);
INSERT INTO Participacao (atleta_id, time_id, olimpiada_id, modalidade_id, idade, altura, peso, medalha) VALUES (17042, 1, 20, 30, 18.0, 167.0, 58.0, 'Gold');
INSERT INTO Atletas (id, nome, sexo) VALUES (17043, 'Byeon Gyeong-Ja', 'F');
INSERT INTO Participacao (atleta_id, time_id, olimpiada_id, modalidade_id, idade, altura, peso, medalha) VALUES (17043, 1, 13, 18, 20.0, 172.0, 61.0, 'Bronze');
INSERT INTO Atletas (id, nome, sexo) VALUES (17044, 'Byeon Gyeong-Su', 'M');
INSERT INTO Modalidades (nome, esporte_id) VALUES ('Shooting Mixed Trap', 3);
INSERT INTO Participacao (atleta_id, time_id, olimpiada_id, modalidade_id, idade, altura, peso, medalha) VALUES (17044, 1, 6, 80, 30.0, 177.0, 75.0, null);
INSERT INTO Atletas (id, nome, sexo) VALUES (17045, 'Byeon Hye-Yeong', 'F');
INSERT INTO Modalidades (nome, esporte_id) VALUES ('Swimming Women''s 100 metres Breaststroke', 17);
INSERT INTO Participacao (atleta_id, time_id, olimpiada_id, modalidade_id, idade, altura, peso, medalha) VALUES (17045, 1, 14, 81, 13.0, 166.0, 61.0, null);
INSERT INTO Modalidades (nome, esporte_id) VALUES ('Swimming Women''s 4 x 100 metres Medley Relay', 17);
INSERT INTO Participacao (atleta_id, time_id, olimpiada_id, modalidade_id, idade, altura, peso, medalha) VALUES (17045, 1, 14, 82, 13.0, 166.0, 61.0, null);
INSERT INTO Participacao (atleta_id, time_id, olimpiada_id, modalidade_id, idade, altura, peso, medalha) VALUES (17045, 1, 23, 81, 17.0, 166.0, 61.0, null);
INSERT INTO Atletas (id, nome, sexo) VALUES (17046, 'Byeon Jeong-Il', 'M');
INSERT INTO Participacao (atleta_id, time_id, olimpiada_id, modalidade_id, idade, altura, peso, medalha) VALUES (17046, 1, 6, 55, 19.0, 168.0, 54.0, null);
INSERT INTO Atletas (id, nome, sexo) VALUES (17047, 'Byeon Nyeon-Ha', 'F');
INSERT INTO Participacao (atleta_id, time_id, olimpiada_id, modalidade_id, idade, altura, peso, medalha) VALUES (17047, 1, 18, 33, 24.0, 180.0, 68.0, null);
INSERT INTO Participacao (atleta_id, time_id, olimpiada_id, modalidade_id, idade, altura, peso, medalha) VALUES (17047, 1, 16, 33, 28.0, 180.0, 68.0, null);
INSERT INTO Atletas (id, nome, sexo) VALUES (17048, 'Byeon Sang-Su', 'M');
INSERT INTO Esportes (nome) VALUES ('Canoeing');
INSERT INTO Modalidades (nome, esporte_id) VALUES ('Canoeing Men''s Kayak Doubles, 500 metres', 23);
INSERT INTO Participacao (atleta_id, time_id, olimpiada_id, modalidade_id, idade, altura, peso, medalha) VALUES (17048, 1, 6, 83, 24.0, 176.0, 70.0, null);
INSERT INTO Atletas (id, nome, sexo) VALUES (17049, 'Byeon Yeong-Jun', 'M');
INSERT INTO Modalidades (nome, esporte_id) VALUES ('Athletics Men''s 20 kilometres Walk', 18);
INSERT INTO Participacao (atleta_id, time_id, olimpiada_id, modalidade_id, idade, altura, peso, medalha) VALUES (17049, 1, 24, 84, 28.0, 175.0, 59.0, null);
INSERT INTO Participacao (atleta_id, time_id, olimpiada_id, modalidade_id, idade, altura, peso, medalha) VALUES (17049, 1, 4, 84, 32.0, 175.0, 59.0, null);
INSERT INTO Atletas (id, nome, sexo) VALUES (17111, 'Byun Jong-Moon', 'M');
INSERT INTO Esportes (nome) VALUES ('Alpine Skiing');
INSERT INTO Modalidades (nome, esporte_id) VALUES ('Alpine Skiing Men''s Giant Slalom', 24);
INSERT INTO Participacao (atleta_id, time_id, olimpiada_id, modalidade_id, idade, altura, peso, medalha) VALUES (17111, 1, 3, 85, 22.0, 172.0, 77.0, null);
INSERT INTO Modalidades (nome, esporte_id) VALUES ('Alpine Skiing Men''s Slalom', 24);
INSERT INTO Participacao (atleta_id, time_id, olimpiada_id, modalidade_id, idade, altura, peso, medalha) VALUES (17111, 1, 3, 86, 22.0, 172.0, 77.0, null);
INSERT INTO Participacao (atleta_id, time_id, olimpiada_id, modalidade_id, idade, altura, peso, medalha) VALUES (17111, 1, 19, 85, 26.0, 172.0, 77.0, null);
INSERT INTO Participacao (atleta_id, time_id, olimpiada_id, modalidade_id, idade, altura, peso, medalha) VALUES (17111, 1, 19, 86, 26.0, 172.0, 77.0, null);
INSERT INTO Atletas (id, nome, sexo) VALUES (17112, 'Byun Sung-Jin', 'F');
INSERT INTO Esportes (nome) VALUES ('Figure Skating');
INSERT INTO Modalidades (nome, esporte_id) VALUES ('Figure Skating Women''s Singles', 25);
INSERT INTO Participacao (atleta_id, time_id, olimpiada_id, modalidade_id, idade, altura, peso, medalha) VALUES (17112, 1, 22, 87, 17.0, null, null, null);
INSERT INTO Atletas (id, nome, sexo) VALUES (19493, 'Cha Gyeong-Bok', 'M');
INSERT INTO Participacao (atleta_id, time_id, olimpiada_id, modalidade_id, idade, altura, peso, medalha) VALUES (19493, 1, 7, 56, 27.0, 172.0, 64.0, null);
INSERT INTO Atletas (id, nome, sexo) VALUES (19494, 'Cha Han-Sik', 'M');
INSERT INTO Modalidades (nome, esporte_id) VALUES ('Athletics Men''s 3,000 metres Steeplechase', 18);
INSERT INTO Participacao (atleta_id, time_id, olimpiada_id, modalidade_id, idade, altura, peso, medalha) VALUES (19494, 1, 6, 88, 23.0, 168.0, 57.0, null);
INSERT INTO Atletas (id, nome, sexo) VALUES (19496, 'Cha Jae-Gyeong', 'F');
INSERT INTO Participacao (atleta_id, time_id, olimpiada_id, modalidade_id, idade, altura, peso, medalha) VALUES (19496, 1, 12, 26, 20.0, null, null, 'Gold');
INSERT INTO Atletas (id, nome, sexo) VALUES (19497, 'Cha Jong-Bok', 'M');
INSERT INTO Modalidades (nome, esporte_id) VALUES ('Hockey Men''s Hockey', 13);
INSERT INTO Participacao (atleta_id, time_id, olimpiada_id, modalidade_id, idade, altura, peso, medalha) VALUES (19497, 1, 16, 89, 28.0, 179.0, 75.0, null);
INSERT INTO Participacao (atleta_id, time_id, olimpiada_id, modalidade_id, idade, altura, peso, medalha) VALUES (19497, 1, 24, 89, 32.0, 179.0, 75.0, null);
INSERT INTO Atletas (id, nome, sexo) VALUES (19501, 'Cha Se-Na', 'F');
INSERT INTO Participacao (atleta_id, time_id, olimpiada_id, modalidade_id, idade, altura, peso, medalha) VALUES (19501, 1, 24, 21, 26.0, 162.0, 58.0, null);
INSERT INTO Atletas (id, nome, sexo) VALUES (19502, 'Cha Tae-Seong', 'M');
INSERT INTO Participacao (atleta_id, time_id, olimpiada_id, modalidade_id, idade, altura, peso, medalha) VALUES (19502, 1, 7, 56, 30.0, 173.0, 70.0, null);
INSERT INTO Atletas (id, nome, sexo) VALUES (19503, 'Cha Yeong-Cheol', 'M');
INSERT INTO Participacao (atleta_id, time_id, olimpiada_id, modalidade_id, idade, altura, peso, medalha) VALUES (19503, 1, 6, 58, 29.0, 172.0, 65.0, 'Silver');
INSERT INTO Participacao (atleta_id, time_id, olimpiada_id, modalidade_id, idade, altura, peso, medalha) VALUES (19503, 1, 12, 57, 32.0, 172.0, 65.0, null);
INSERT INTO Participacao (atleta_id, time_id, olimpiada_id, modalidade_id, idade, altura, peso, medalha) VALUES (19503, 1, 12, 58, 32.0, 172.0, 65.0, null);
INSERT INTO Participacao (atleta_id, time_id, olimpiada_id, modalidade_id, idade, altura, peso, medalha) VALUES (19503, 1, 14, 57, 36.0, 172.0, 65.0, null);
INSERT INTO Participacao (atleta_id, time_id, olimpiada_id, modalidade_id, idade, altura, peso, medalha) VALUES (19503, 1, 14, 58, 36.0, 172.0, 65.0, null);
INSERT INTO Atletas (id, nome, sexo) VALUES (19540, 'Chae Eun-Hui', 'F');
INSERT INTO Participacao (atleta_id, time_id, olimpiada_id, modalidade_id, idade, altura, peso, medalha) VALUES (19540, 1, 16, 34, 26.0, 158.0, 41.0, null);
INSERT INTO Atletas (id, nome, sexo) VALUES (19541, 'Chae Geun-Bae', 'M');
INSERT INTO Participacao (atleta_id, time_id, olimpiada_id, modalidade_id, idade, altura, peso, medalha) VALUES (19541, 1, 12, 8, 22.0, null, null, null);
INSERT INTO Atletas (id, nome, sexo) VALUES (19542, 'Chae Gwang-Seok', 'M');
INSERT INTO Modalidades (nome, esporte_id) VALUES ('Gymnastics Men''s Individual All-Around', 20);
INSERT INTO Participacao (atleta_id, time_id, olimpiada_id, modalidade_id, idade, altura, peso, medalha) VALUES (19542, 1, 5, 90, 22.0, 164.0, 61.0, null);
INSERT INTO Modalidades (nome, esporte_id) VALUES ('Gymnastics Men''s Team All-Around', 20);
INSERT INTO Participacao (atleta_id, time_id, olimpiada_id, modalidade_id, idade, altura, peso, medalha) VALUES (19542, 1, 5, 91, 22.0, 164.0, 61.0, null);
INSERT INTO Modalidades (nome, esporte_id) VALUES ('Gymnastics Men''s Floor Exercise', 20);
INSERT INTO Participacao (atleta_id, time_id, olimpiada_id, modalidade_id, idade, altura, peso, medalha) VALUES (19542, 1, 5, 92, 22.0, 164.0, 61.0, null);
INSERT INTO Modalidades (nome, esporte_id) VALUES ('Gymnastics Men''s Horse Vault', 20);
INSERT INTO Participacao (atleta_id, time_id, olimpiada_id, modalidade_id, idade, altura, peso, medalha) VALUES (19542, 1, 5, 93, 22.0, 164.0, 61.0, null);
INSERT INTO Modalidades (nome, esporte_id) VALUES ('Gymnastics Men''s Parallel Bars', 20);
INSERT INTO Participacao (atleta_id, time_id, olimpiada_id, modalidade_id, idade, altura, peso, medalha) VALUES (19542, 1, 5, 94, 22.0, 164.0, 61.0, null);
INSERT INTO Modalidades (nome, esporte_id) VALUES ('Gymnastics Men''s Horizontal Bar', 20);
INSERT INTO Participacao (atleta_id, time_id, olimpiada_id, modalidade_id, idade, altura, peso, medalha) VALUES (19542, 1, 5, 95, 22.0, 164.0, 61.0, null);
INSERT INTO Modalidades (nome, esporte_id) VALUES ('Gymnastics Men''s Rings', 20);
INSERT INTO Participacao (atleta_id, time_id, olimpiada_id, modalidade_id, idade, altura, peso, medalha) VALUES (19542, 1, 5, 96, 22.0, 164.0, 61.0, null);
INSERT INTO Modalidades (nome, esporte_id) VALUES ('Gymnastics Men''s Pommelled Horse', 20);
INSERT INTO Participacao (atleta_id, time_id, olimpiada_id, modalidade_id, idade, altura, peso, medalha) VALUES (19542, 1, 5, 97, 22.0, 164.0, 61.0, null);
INSERT INTO Atletas (id, nome, sexo) VALUES (19543, 'Chae Hong-Nak', 'M');
INSERT INTO Participacao (atleta_id, time_id, olimpiada_id, modalidade_id, idade, altura, peso, medalha) VALUES (19543, 1, 5, 67, 23.0, 172.0, 61.0, null);
INSERT INTO Atletas (id, nome, sexo) VALUES (19544, 'Chae Ji-Hun', 'M');
INSERT INTO Participacao (atleta_id, time_id, olimpiada_id, modalidade_id, idade, altura, peso, medalha) VALUES (19544, 1, 2, 40, 19.0, null, null, 'Gold');
INSERT INTO Participacao (atleta_id, time_id, olimpiada_id, modalidade_id, idade, altura, peso, medalha) VALUES (19544, 1, 2, 38, 19.0, null, null, 'Silver');
INSERT INTO Participacao (atleta_id, time_id, olimpiada_id, modalidade_id, idade, altura, peso, medalha) VALUES (19544, 1, 3, 40, 23.0, null, null, null);
INSERT INTO Participacao (atleta_id, time_id, olimpiada_id, modalidade_id, idade, altura, peso, medalha) VALUES (19544, 1, 3, 38, 23.0, null, null, null);
INSERT INTO Participacao (atleta_id, time_id, olimpiada_id, modalidade_id, idade, altura, peso, medalha) VALUES (19544, 1, 3, 41, 23.0, null, null, 'Silver');
INSERT INTO Atletas (id, nome, sexo) VALUES (19545, 'Chae Seong-Bae', 'M');
INSERT INTO Participacao (atleta_id, time_id, olimpiada_id, modalidade_id, idade, altura, peso, medalha) VALUES (19545, 1, 12, 64, 23.0, null, 91.0, null);
INSERT INTO Atletas (id, nome, sexo) VALUES (19760, 'Chang Hye-Jin', 'F');
INSERT INTO Esportes (nome) VALUES ('Archery');
INSERT INTO Modalidades (nome, esporte_id) VALUES ('Archery Women''s Individual', 26);
INSERT INTO Participacao (atleta_id, time_id, olimpiada_id, modalidade_id, idade, altura, peso, medalha) VALUES (19760, 1, 4, 98, 29.0, 158.0, 50.0, 'Gold');
INSERT INTO Modalidades (nome, esporte_id) VALUES ('Archery Women''s Team', 26);
INSERT INTO Participacao (atleta_id, time_id, olimpiada_id, modalidade_id, idade, altura, peso, medalha) VALUES (19760, 1, 4, 99, 29.0, 158.0, 50.0, 'Gold');
INSERT INTO Atletas (id, nome, sexo) VALUES (19771, 'Chang Myung-Su', 'F');
INSERT INTO Olimpiadas (jogos, ano, estacao, cidade) VALUES ('1972 Winter', 1972, 'Winter', 'Sapporo');
INSERT INTO Participacao (atleta_id, time_id, olimpiada_id, modalidade_id, idade, altura, peso, medalha) VALUES (19771, 1, 25, 87, 15.0, null, null, null);
INSERT INTO Atletas (id, nome, sexo) VALUES (19775, 'Chang Ri-Jin', 'M');
INSERT INTO Participacao (atleta_id, time_id, olimpiada_id, modalidade_id, idade, altura, peso, medalha) VALUES (19775, 1, 8, 12, 30.0, 182.0, null, null);
INSERT INTO Atletas (id, nome, sexo) VALUES (20072, 'Chea Jong-Guk', 'M');
INSERT INTO Participacao (atleta_id, time_id, olimpiada_id, modalidade_id, idade, altura, peso, medalha) VALUES (20072, 1, 14, 20, 20.0, 180.0, 78.0, null);
INSERT INTO Atletas (id, nome, sexo) VALUES (20393, 'Cheon Eun-Bi', 'F');
INSERT INTO Participacao (atleta_id, time_id, olimpiada_id, modalidade_id, idade, altura, peso, medalha) VALUES (20393, 1, 24, 21, 20.0, 165.0, 59.0, null);
INSERT INTO Participacao (atleta_id, time_id, olimpiada_id, modalidade_id, idade, altura, peso, medalha) VALUES (20393, 1, 4, 21, 24.0, 165.0, 59.0, null);
INSERT INTO Atletas (id, nome, sexo) VALUES (20394, 'Cheon Eun-Suk', 'F');
INSERT INTO Participacao (atleta_id, time_id, olimpiada_id, modalidade_id, idade, altura, peso, medalha) VALUES (20394, 1, 14, 33, 27.0, 188.0, null, null);
INSERT INTO Atletas (id, nome, sexo) VALUES (20395, 'Cheon Hui-Ju', 'F');
INSERT INTO Participacao (atleta_id, time_id, olimpiada_id, modalidade_id, idade, altura, peso, medalha) VALUES (20395, 1, 2, 27, 18.0, 158.0, 57.0, null);
INSERT INTO Modalidades (nome, esporte_id) VALUES ('Speed Skating Women''s 1,000 metres', 15);
INSERT INTO Participacao (atleta_id, time_id, olimpiada_id, modalidade_id, idade, altura, peso, medalha) VALUES (20395, 1, 2, 100, 18.0, 158.0, 57.0, null);
INSERT INTO Participacao (atleta_id, time_id, olimpiada_id, modalidade_id, idade, altura, peso, medalha) VALUES (20395, 1, 2, 61, 18.0, 158.0, 57.0, null);
INSERT INTO Participacao (atleta_id, time_id, olimpiada_id, modalidade_id, idade, altura, peso, medalha) VALUES (20395, 1, 3, 27, 22.0, 158.0, 57.0, null);
INSERT INTO Participacao (atleta_id, time_id, olimpiada_id, modalidade_id, idade, altura, peso, medalha) VALUES (20395, 1, 3, 100, 22.0, 158.0, 57.0, null);
INSERT INTO Atletas (id, nome, sexo) VALUES (20396, 'Cheon In-Sik', 'M');
INSERT INTO Modalidades (nome, esporte_id) VALUES ('Canoeing Men''s Kayak Singles, 500 metres', 23);
INSERT INTO Participacao (atleta_id, time_id, olimpiada_id, modalidade_id, idade, altura, peso, medalha) VALUES (20396, 1, 6, 101, 20.0, 184.0, 76.0, null);
INSERT INTO Modalidades (nome, esporte_id) VALUES ('Canoeing Men''s Kayak Doubles, 1,000 metres', 23);
INSERT INTO Participacao (atleta_id, time_id, olimpiada_id, modalidade_id, idade, altura, peso, medalha) VALUES (20396, 1, 6, 102, 20.0, 184.0, 76.0, null);
INSERT INTO Atletas (id, nome, sexo) VALUES (20397, 'Cheon Ju-Hyeon', 'M');
INSERT INTO Participacao (atleta_id, time_id, olimpiada_id, modalidade_id, idade, altura, peso, medalha) VALUES (20397, 1, 3, 54, 20.0, 177.0, 76.0, null);
INSERT INTO Participacao (atleta_id, time_id, olimpiada_id, modalidade_id, idade, altura, peso, medalha) VALUES (20397, 1, 3, 51, 20.0, 177.0, 76.0, null);
INSERT INTO Atletas (id, nome, sexo) VALUES (20398, 'Cheon Min-Ho', 'M');
INSERT INTO Participacao (atleta_id, time_id, olimpiada_id, modalidade_id, idade, altura, peso, medalha) VALUES (20398, 1, 18, 8, 17.0, 172.0, 56.0, null);
INSERT INTO Atletas (id, nome, sexo) VALUES (20399, 'Cheon Seong-Tae', 'M');
INSERT INTO Participacao (atleta_id, time_id, olimpiada_id, modalidade_id, idade, altura, peso, medalha) VALUES (20399, 1, 7, 29, 21.0, 181.0, 75.0, null);
INSERT INTO Atletas (id, nome, sexo) VALUES (20400, 'Cheon Seul-Gi', 'F');
INSERT INTO Participacao (atleta_id, time_id, olimpiada_id, modalidade_id, idade, altura, peso, medalha) VALUES (20400, 1, 24, 21, 23.0, 166.0, 72.0, null);
INSERT INTO Atletas (id, nome, sexo) VALUES (20922, 'Cho Byung-Kwan', 'M');
INSERT INTO Modalidades (nome, esporte_id) VALUES ('Wrestling Men''s Middleweight, Freestyle', 7);
INSERT INTO Participacao (atleta_id, time_id, olimpiada_id, modalidade_id, idade, altura, peso, medalha) VALUES (20922, 1, 16, 103, 27.0, 175.0, 82.0, null);
INSERT INTO Atletas (id, nome, sexo) VALUES (20923, 'Cho Gu-Ham', 'M');
INSERT INTO Modalidades (nome, esporte_id) VALUES ('Judo Men''s Half-Heavyweight', 2);
INSERT INTO Participacao (atleta_id, time_id, olimpiada_id, modalidade_id, idade, altura, peso, medalha) VALUES (20923, 1, 4, 104, 24.0, 178.0, 100.0, null);
INSERT INTO Atletas (id, nome, sexo) VALUES (20924, 'Cho Gwang-Hee', 'M');
INSERT INTO Modalidades (nome, esporte_id) VALUES ('Canoeing Men''s Kayak Singles, 200 metres', 23);
INSERT INTO Participacao (atleta_id, time_id, olimpiada_id, modalidade_id, idade, altura, peso, medalha) VALUES (20924, 1, 4, 105, 22.0, 182.0, 92.0, null);
INSERT INTO Modalidades (nome, esporte_id) VALUES ('Canoeing Men''s Kayak Doubles, 200 metres', 23);
INSERT INTO Participacao (atleta_id, time_id, olimpiada_id, modalidade_id, idade, altura, peso, medalha) VALUES (20924, 1, 4, 106, 22.0, 182.0, 92.0, null);
INSERT INTO Atletas (id, nome, sexo) VALUES (20927, 'Cho Hye-Jin', 'F');
INSERT INTO Participacao (atleta_id, time_id, olimpiada_id, modalidade_id, idade, altura, peso, medalha) VALUES (20927, 1, 4, 21, 21.0, 159.0, 56.0, null);
INSERT INTO Atletas (id, nome, sexo) VALUES (20928, 'Cho Hye-Sook', 'F');
INSERT INTO Participacao (atleta_id, time_id, olimpiada_id, modalidade_id, idade, altura, peso, medalha) VALUES (20928, 1, 16, 21, 24.0, 166.0, 61.0, null);
INSERT INTO Atletas (id, nome, sexo) VALUES (20929, 'Cho Jae-Hyung', 'M');
INSERT INTO Modalidades (nome, esporte_id) VALUES ('Figure Skating Men''s Singles', 25);
INSERT INTO Participacao (atleta_id, time_id, olimpiada_id, modalidade_id, idade, altura, peso, medalha) VALUES (20929, 1, 21, 107, 17.0, 169.0, 60.0, null);
INSERT INTO Atletas (id, nome, sexo) VALUES (20934, 'Cho Sung-Hoon', 'M');
INSERT INTO Modalidades (nome, esporte_id) VALUES ('Cross Country Skiing Men''s 15 kilometres', 1);
INSERT INTO Participacao (atleta_id, time_id, olimpiada_id, modalidade_id, idade, altura, peso, medalha) VALUES (20934, 1, 21, 108, 19.0, 178.0, 65.0, null);
INSERT INTO Participacao (atleta_id, time_id, olimpiada_id, modalidade_id, idade, altura, peso, medalha) VALUES (20934, 1, 21, 2, 19.0, 178.0, 65.0, null);
INSERT INTO Participacao (atleta_id, time_id, olimpiada_id, modalidade_id, idade, altura, peso, medalha) VALUES (20934, 1, 22, 108, 23.0, 178.0, 65.0, null);
INSERT INTO Participacao (atleta_id, time_id, olimpiada_id, modalidade_id, idade, altura, peso, medalha) VALUES (20934, 1, 22, 2, 23.0, 178.0, 65.0, null);
INSERT INTO Participacao (atleta_id, time_id, olimpiada_id, modalidade_id, idade, altura, peso, medalha) VALUES (20934, 1, 22, 4, 23.0, 178.0, 65.0, null);
INSERT INTO Atletas (id, nome, sexo) VALUES (20936, 'Cho Yun-Jeong', 'F');
INSERT INTO Participacao (atleta_id, time_id, olimpiada_id, modalidade_id, idade, altura, peso, medalha) VALUES (20936, 1, 12, 98, 22.0, null, null, 'Gold');
INSERT INTO Participacao (atleta_id, time_id, olimpiada_id, modalidade_id, idade, altura, peso, medalha) VALUES (20936, 1, 12, 99, 22.0, null, null, 'Gold');
INSERT INTO Atletas (id, nome, sexo) VALUES (20956, 'Choe Byeong-Kwang', 'M');
INSERT INTO Participacao (atleta_id, time_id, olimpiada_id, modalidade_id, idade, altura, peso, medalha) VALUES (20956, 1, 4, 84, 25.0, 185.0, 73.0, null);
INSERT INTO Atletas (id, nome, sexo) VALUES (20975, 'Choi Ae-Yeong', 'F');
INSERT INTO Participacao (atleta_id, time_id, olimpiada_id, modalidade_id, idade, altura, peso, medalha) VALUES (20975, 1, 5, 33, 25.0, 168.0, 60.0, 'Silver');
INSERT INTO Atletas (id, nome, sexo) VALUES (20976, 'Choi Bok-Ran', 'F');
INSERT INTO Esportes (nome) VALUES ('Fencing');
INSERT INTO Modalidades (nome, esporte_id) VALUES ('Fencing Women''s Foil, Individual', 27);
INSERT INTO Participacao (atleta_id, time_id, olimpiada_id, modalidade_id, idade, altura, peso, medalha) VALUES (20976, 1, 5, 109, 23.0, 165.0, 62.0, null);
INSERT INTO Atletas (id, nome, sexo) VALUES (20977, 'Choi Byeong-Chan', 'M');
INSERT INTO Modalidades (nome, esporte_id) VALUES ('Weightlifting Men''s Middleweight', 19);
INSERT INTO Participacao (atleta_id, time_id, olimpiada_id, modalidade_id, idade, altura, peso, medalha) VALUES (20977, 1, 12, 110, 23.0, null, 74.0, null);
INSERT INTO Atletas (id, nome, sexo) VALUES (20978, 'Choi Byeong-Cheol', 'M');
INSERT INTO Modalidades (nome, esporte_id) VALUES ('Fencing Men''s Foil, Individual', 27);
INSERT INTO Participacao (atleta_id, time_id, olimpiada_id, modalidade_id, idade, altura, peso, medalha) VALUES (20978, 1, 18, 111, 22.0, 173.0, 70.0, null);
INSERT INTO Modalidades (nome, esporte_id) VALUES ('Fencing Men''s Foil, Team', 27);
INSERT INTO Participacao (atleta_id, time_id, olimpiada_id, modalidade_id, idade, altura, peso, medalha) VALUES (20978, 1, 18, 112, 22.0, 173.0, 70.0, null);
INSERT INTO Participacao (atleta_id, time_id, olimpiada_id, modalidade_id, idade, altura, peso, medalha) VALUES (20978, 1, 16, 111, 26.0, 173.0, 70.0, null);
INSERT INTO Participacao (atleta_id, time_id, olimpiada_id, modalidade_id, idade, altura, peso, medalha) VALUES (20978, 1, 24, 111, 30.0, 173.0, 70.0, 'Bronze');
INSERT INTO Atletas (id, nome, sexo) VALUES (20979, 'Choi Byeong-Seop', 'M');
INSERT INTO Participacao (atleta_id, time_id, olimpiada_id, modalidade_id, idade, altura, peso, medalha) VALUES (20979, 1, 7, 66, 26.0, 175.0, 80.0, null);
INSERT INTO Atletas (id, nome, sexo) VALUES (20980, 'Choi Chang-Hwan', 'M');
INSERT INTO Modalidades (nome, esporte_id) VALUES ('Canoeing Men''s Canadian Doubles, 500 metres', 23);
INSERT INTO Participacao (atleta_id, time_id, olimpiada_id, modalidade_id, idade, altura, peso, medalha) VALUES (20980, 1, 6, 113, 20.0, 178.0, 73.0, null);
INSERT INTO Modalidades (nome, esporte_id) VALUES ('Canoeing Men''s Canadian Doubles, 1,000 metres', 23);
INSERT INTO Participacao (atleta_id, time_id, olimpiada_id, modalidade_id, idade, altura, peso, medalha) VALUES (20980, 1, 6, 114, 20.0, 178.0, 73.0, null);
INSERT INTO Atletas (id, nome, sexo) VALUES (20981, 'Choi Cheol-Gwon', 'M');
INSERT INTO Participacao (atleta_id, time_id, olimpiada_id, modalidade_id, idade, altura, peso, medalha) VALUES (20981, 1, 6, 12, 25.0, 179.0, 76.0, null);
INSERT INTO Atletas (id, nome, sexo) VALUES (20982, 'Choi Cheon-Sik', 'M');
INSERT INTO Participacao (atleta_id, time_id, olimpiada_id, modalidade_id, idade, altura, peso, medalha) VALUES (20982, 1, 6, 72, 23.0, 197.0, 92.0, null);
INSERT INTO Participacao (atleta_id, time_id, olimpiada_id, modalidade_id, idade, altura, peso, medalha) VALUES (20982, 1, 14, 72, 30.0, 197.0, 92.0, null);
INSERT INTO Atletas (id, nome, sexo) VALUES (20983, 'Choi Cheor-U', 'M');
INSERT INTO Participacao (atleta_id, time_id, olimpiada_id, modalidade_id, idade, altura, peso, medalha) VALUES (20983, 1, 23, 56, 22.0, 184.0, 75.0, null);
INSERT INTO Atletas (id, nome, sexo) VALUES (20985, 'Choi Chun-Ok', 'F');
INSERT INTO Participacao (atleta_id, time_id, olimpiada_id, modalidade_id, idade, altura, peso, medalha) VALUES (20985, 1, 6, 21, 23.0, 168.0, 65.0, 'Silver');
INSERT INTO Atletas (id, nome, sexo) VALUES (20986, 'Choi Chung-Il', 'M');
INSERT INTO Modalidades (nome, esporte_id) VALUES ('Boxing Men''s Featherweight', 8);
INSERT INTO Participacao (atleta_id, time_id, olimpiada_id, modalidade_id, idade, altura, peso, medalha) VALUES (20986, 1, 13, 115, 18.0, 171.0, 60.0, null);
INSERT INTO Atletas (id, nome, sexo) VALUES (20987, 'Choi Chung-Seok', 'M');
INSERT INTO Modalidades (nome, esporte_id) VALUES ('Shooting Mixed Small-Bore Rifle, Prone, 50 metres', 3);
INSERT INTO Participacao (atleta_id, time_id, olimpiada_id, modalidade_id, idade, altura, peso, medalha) VALUES (20987, 1, 11, 116, 32.0, 176.0, 63.0, null);
INSERT INTO Participacao (atleta_id, time_id, olimpiada_id, modalidade_id, idade, altura, peso, medalha) VALUES (20987, 1, 13, 116, 36.0, 176.0, 63.0, null);
INSERT INTO Atletas (id, nome, sexo) VALUES (20988, 'Choi Chung-Sik', 'M');
INSERT INTO Olimpiadas (jogos, ano, estacao, cidade) VALUES ('1952 Summer', 1952, 'Summer', 'Helsinki');
INSERT INTO Participacao (atleta_id, time_id, olimpiada_id, modalidade_id, idade, altura, peso, medalha) VALUES (20988, 1, 26, 67, 20.0, null, null, null);
INSERT INTO Participacao (atleta_id, time_id, olimpiada_id, modalidade_id, idade, altura, peso, medalha) VALUES (20988, 1, 9, 67, 25.0, null, null, null);
INSERT INTO Atletas (id, nome, sexo) VALUES (20989, 'Choi Dae-Yeong', 'F');
INSERT INTO Modalidades (nome, esporte_id) VALUES ('Shooting Women''s Air Rifle, 10 metres', 3);
INSERT INTO Participacao (atleta_id, time_id, olimpiada_id, modalidade_id, idade, altura, peso, medalha) VALUES (20989, 1, 23, 117, 18.0, 158.0, 53.0, null);
INSERT INTO Atletas (id, nome, sexo) VALUES (20990, 'Choi Deok-Hun', 'M');
INSERT INTO Modalidades (nome, esporte_id) VALUES ('Wrestling Men''s Middleweight, Greco-Roman', 7);
INSERT INTO Participacao (atleta_id, time_id, olimpiada_id, modalidade_id, idade, altura, peso, medalha) VALUES (20990, 1, 18, 118, 28.0, 176.0, 74.0, null);
INSERT INTO Atletas (id, nome, sexo) VALUES (20991, 'Choi Don-Hui', 'F');
INSERT INTO Participacao (atleta_id, time_id, olimpiada_id, modalidade_id, idade, altura, peso, medalha) VALUES (20991, 1, 7, 18, 18.0, 165.0, 59.0, null);
INSERT INTO Atletas (id, nome, sexo) VALUES (20992, 'Choi Dong-Gil', 'M');
INSERT INTO Modalidades (nome, esporte_id) VALUES ('Weightlifting Men''s Heavyweight I', 19);
INSERT INTO Participacao (atleta_id, time_id, olimpiada_id, modalidade_id, idade, altura, peso, medalha) VALUES (20992, 1, 12, 119, 22.0, null, 97.0, null);
INSERT INTO Participacao (atleta_id, time_id, olimpiada_id, modalidade_id, idade, altura, peso, medalha) VALUES (20992, 1, 14, 119, 26.0, null, 97.0, null);
INSERT INTO Atletas (id, nome, sexo) VALUES (20994, 'Choi Eun-Gyeong', 'F');
INSERT INTO Participacao (atleta_id, time_id, olimpiada_id, modalidade_id, idade, altura, peso, medalha) VALUES (20994, 1, 14, 21, 24.0, null, null, 'Silver');
INSERT INTO Atletas (id, nome, sexo) VALUES (20995, 'Choi Eun-Gyeong', 'F');
INSERT INTO Modalidades (nome, esporte_id) VALUES ('Short Track Speed Skating Women''s 500 metres', 16);
INSERT INTO Participacao (atleta_id, time_id, olimpiada_id, modalidade_id, idade, altura, peso, medalha) VALUES (20995, 1, 19, 120, 17.0, 165.0, 62.0, null);
INSERT INTO Modalidades (nome, esporte_id) VALUES ('Short Track Speed Skating Women''s 1,000 metres', 16);
INSERT INTO Participacao (atleta_id, time_id, olimpiada_id, modalidade_id, idade, altura, peso, medalha) VALUES (20995, 1, 19, 121, 17.0, 165.0, 62.0, null);
INSERT INTO Participacao (atleta_id, time_id, olimpiada_id, modalidade_id, idade, altura, peso, medalha) VALUES (20995, 1, 19, 79, 17.0, 165.0, 62.0, 'Silver');
INSERT INTO Participacao (atleta_id, time_id, olimpiada_id, modalidade_id, idade, altura, peso, medalha) VALUES (20995, 1, 19, 30, 17.0, 165.0, 62.0, 'Gold');
INSERT INTO Participacao (atleta_id, time_id, olimpiada_id, modalidade_id, idade, altura, peso, medalha) VALUES (20995, 1, 20, 121, 21.0, 165.0, 62.0, null);
INSERT INTO Participacao (atleta_id, time_id, olimpiada_id, modalidade_id, idade, altura, peso, medalha) VALUES (20995, 1, 20, 79, 21.0, 165.0, 62.0, 'Silver');
INSERT INTO Participacao (atleta_id, time_id, olimpiada_id, modalidade_id, idade, altura, peso, medalha) VALUES (20995, 1, 20, 30, 21.0, 165.0, 62.0, 'Gold');
INSERT INTO Atletas (id, nome, sexo) VALUES (20996, 'Choi Eun-Sook', 'F');
INSERT INTO Modalidades (nome, esporte_id) VALUES ('Fencing Women''s epee, Team', 27);
INSERT INTO Participacao (atleta_id, time_id, olimpiada_id, modalidade_id, idade, altura, peso, medalha) VALUES (20996, 1, 24, 122, 26.0, 169.0, 59.0, 'Silver');
INSERT INTO Participacao (atleta_id, time_id, olimpiada_id, modalidade_id, idade, altura, peso, medalha) VALUES (20996, 1, 4, 122, 30.0, 169.0, 59.0, null);
INSERT INTO Atletas (id, nome, sexo) VALUES (20997, 'Choi Eun-Suk', 'F');
INSERT INTO Modalidades (nome, esporte_id) VALUES ('Cycling Women''s Road Race, Individual', 5);
INSERT INTO Participacao (atleta_id, time_id, olimpiada_id, modalidade_id, idade, altura, peso, medalha) VALUES (20997, 1, 5, 123, 20.0, 164.0, 57.0, null);
INSERT INTO Atletas (id, nome, sexo) VALUES (20998, 'Choi Gang-Hui', 'M');
INSERT INTO Participacao (atleta_id, time_id, olimpiada_id, modalidade_id, idade, altura, peso, medalha) VALUES (20998, 1, 6, 56, 29.0, 175.0, 68.0, null);
INSERT INTO Atletas (id, nome, sexo) VALUES (20999, 'Choi Geun-Nyeon', 'M');
INSERT INTO Participacao (atleta_id, time_id, olimpiada_id, modalidade_id, idade, altura, peso, medalha) VALUES (20999, 1, 5, 28, 19.0, 176.0, 63.0, null);
INSERT INTO Atletas (id, nome, sexo) VALUES (21000, 'Choi Gi-Su', 'M');
INSERT INTO Participacao (atleta_id, time_id, olimpiada_id, modalidade_id, idade, altura, peso, medalha) VALUES (21000, 1, 12, 15, 22.0, 177.0, 80.0, null);
INSERT INTO Modalidades (nome, esporte_id) VALUES ('Boxing Men''s Light-Heavyweight', 8);
INSERT INTO Participacao (atleta_id, time_id, olimpiada_id, modalidade_id, idade, altura, peso, medalha) VALUES (21000, 1, 23, 124, 30.0, 177.0, 80.0, null);
INSERT INTO Atletas (id, nome, sexo) VALUES (21001, 'Choi Gwang-Hui', 'F');
INSERT INTO Participacao (atleta_id, time_id, olimpiada_id, modalidade_id, idade, altura, peso, medalha) VALUES (21001, 1, 14, 18, 22.0, 173.0, 73.0, null);
INSERT INTO Participacao (atleta_id, time_id, olimpiada_id, modalidade_id, idade, altura, peso, medalha) VALUES (21001, 1, 23, 18, 26.0, 173.0, 73.0, null);
INSERT INTO Participacao (atleta_id, time_id, olimpiada_id, modalidade_id, idade, altura, peso, medalha) VALUES (21001, 1, 18, 18, 30.0, 173.0, 73.0, null);
INSERT INTO Atletas (id, nome, sexo) VALUES (21002, 'Choi Gwang-Hyeon', 'M');
INSERT INTO Modalidades (nome, esporte_id) VALUES ('Judo Men''s Extra-Lightweight', 2);
INSERT INTO Participacao (atleta_id, time_id, olimpiada_id, modalidade_id, idade, altura, peso, medalha) VALUES (21002, 1, 24, 125, 26.0, 165.0, 60.0, null);
INSERT INTO Atletas (id, nome, sexo) VALUES (21003, 'Choi Gwi-Seung', 'M');
INSERT INTO Esportes (nome) VALUES ('Modern Pentathlon');
INSERT INTO Modalidades (nome, esporte_id) VALUES ('Modern Pentathlon Men''s Individual', 28);
INSERT INTO Participacao (atleta_id, time_id, olimpiada_id, modalidade_id, idade, altura, peso, medalha) VALUES (21003, 1, 7, 126, 23.0, 181.0, 73.0, null);
INSERT INTO Atletas (id, nome, sexo) VALUES (21004, 'Choi Gyeong-Hui', 'F');
INSERT INTO Participacao (atleta_id, time_id, olimpiada_id, modalidade_id, idade, altura, peso, medalha) VALUES (21004, 1, 5, 33, 18.0, 166.0, 61.0, 'Silver');
INSERT INTO Participacao (atleta_id, time_id, olimpiada_id, modalidade_id, idade, altura, peso, medalha) VALUES (21004, 1, 6, 33, 22.0, 166.0, 61.0, null);
INSERT INTO Atletas (id, nome, sexo) VALUES (21005, 'Choi Gyeong-Hui', 'F');
INSERT INTO Participacao (atleta_id, time_id, olimpiada_id, modalidade_id, idade, altura, peso, medalha) VALUES (21005, 1, 18, 34, 22.0, 160.0, 46.0, null);
INSERT INTO Atletas (id, nome, sexo) VALUES (21006, 'Choi Gyeong-Su', 'M');
INSERT INTO Participacao (atleta_id, time_id, olimpiada_id, modalidade_id, idade, altura, peso, medalha) VALUES (21006, 1, 13, 14, 30.0, 162.0, 62.0, null);
INSERT INTO Atletas (id, nome, sexo) VALUES (21008, 'Choi Gyu-Jin', 'M');
INSERT INTO Participacao (atleta_id, time_id, olimpiada_id, modalidade_id, idade, altura, peso, medalha) VALUES (21008, 1, 24, 14, 27.0, 168.0, 55.0, null);
INSERT INTO Atletas (id, nome, sexo) VALUES (21009, 'Choi Gyu-Wung', 'M');
INSERT INTO Modalidades (nome, esporte_id) VALUES ('Swimming Men''s 200 metres Breaststroke', 17);
INSERT INTO Participacao (atleta_id, time_id, olimpiada_id, modalidade_id, idade, altura, peso, medalha) VALUES (21009, 1, 24, 127, 22.0, 181.0, 75.0, null);
INSERT INTO Participacao (atleta_id, time_id, olimpiada_id, modalidade_id, idade, altura, peso, medalha) VALUES (21009, 1, 4, 127, 26.0, 181.0, 75.0, null);
INSERT INTO Atletas (id, nome, sexo) VALUES (21011, 'Choi Hang-Gi', 'M');
INSERT INTO Modalidades (nome, esporte_id) VALUES ('Weightlifting Men''s Featherweight', 19);
INSERT INTO Participacao (atleta_id, time_id, olimpiada_id, modalidade_id, idade, altura, peso, medalha) VALUES (21011, 1, 8, 128, null, null, 59.0, null);
INSERT INTO Atletas (id, nome, sexo) VALUES (21012, 'Choi Heung-Cheol', 'M');
INSERT INTO Esportes (nome) VALUES ('Ski Jumping');
INSERT INTO Modalidades (nome, esporte_id) VALUES ('Ski Jumping Men''s Normal Hill, Individual', 29);
INSERT INTO Participacao (atleta_id, time_id, olimpiada_id, modalidade_id, idade, altura, peso, medalha) VALUES (21012, 1, 3, 129, 16.0, 173.0, 60.0, null);
INSERT INTO Modalidades (nome, esporte_id) VALUES ('Ski Jumping Men''s Large Hill, Individual', 29);
INSERT INTO Participacao (atleta_id, time_id, olimpiada_id, modalidade_id, idade, altura, peso, medalha) VALUES (21012, 1, 3, 130, 16.0, 173.0, 60.0, null);
INSERT INTO Modalidades (nome, esporte_id) VALUES ('Ski Jumping Men''s Large Hill, Team', 29);
INSERT INTO Participacao (atleta_id, time_id, olimpiada_id, modalidade_id, idade, altura, peso, medalha) VALUES (21012, 1, 3, 131, 16.0, 173.0, 60.0, null);
INSERT INTO Participacao (atleta_id, time_id, olimpiada_id, modalidade_id, idade, altura, peso, medalha) VALUES (21012, 1, 19, 129, 20.0, 173.0, 60.0, null);
INSERT INTO Participacao (atleta_id, time_id, olimpiada_id, modalidade_id, idade, altura, peso, medalha) VALUES (21012, 1, 19, 130, 20.0, 173.0, 60.0, null);
INSERT INTO Participacao (atleta_id, time_id, olimpiada_id, modalidade_id, idade, altura, peso, medalha) VALUES (21012, 1, 19, 131, 20.0, 173.0, 60.0, null);
INSERT INTO Participacao (atleta_id, time_id, olimpiada_id, modalidade_id, idade, altura, peso, medalha) VALUES (21012, 1, 20, 129, 24.0, 173.0, 60.0, null);
INSERT INTO Participacao (atleta_id, time_id, olimpiada_id, modalidade_id, idade, altura, peso, medalha) VALUES (21012, 1, 20, 130, 24.0, 173.0, 60.0, null);
INSERT INTO Participacao (atleta_id, time_id, olimpiada_id, modalidade_id, idade, altura, peso, medalha) VALUES (21012, 1, 20, 131, 24.0, 173.0, 60.0, null);
INSERT INTO Participacao (atleta_id, time_id, olimpiada_id, modalidade_id, idade, altura, peso, medalha) VALUES (21012, 1, 17, 129, 28.0, 173.0, 60.0, null);
INSERT INTO Participacao (atleta_id, time_id, olimpiada_id, modalidade_id, idade, altura, peso, medalha) VALUES (21012, 1, 17, 130, 28.0, 173.0, 60.0, null);
INSERT INTO Olimpiadas (jogos, ano, estacao, cidade) VALUES ('2014 Winter', 2014, 'Winter', 'Sochi');
INSERT INTO Participacao (atleta_id, time_id, olimpiada_id, modalidade_id, idade, altura, peso, medalha) VALUES (21012, 1, 27, 129, 32.0, 173.0, 60.0, null);
INSERT INTO Participacao (atleta_id, time_id, olimpiada_id, modalidade_id, idade, altura, peso, medalha) VALUES (21012, 1, 27, 130, 32.0, 173.0, 60.0, null);
INSERT INTO Participacao (atleta_id, time_id, olimpiada_id, modalidade_id, idade, altura, peso, medalha) VALUES (21012, 1, 27, 131, 32.0, 173.0, 60.0, null);
INSERT INTO Atletas (id, nome, sexo) VALUES (21013, 'Choi Hye-Jin', 'F');
INSERT INTO Esportes (nome) VALUES ('Diving');
INSERT INTO Modalidades (nome, esporte_id) VALUES ('Diving Women''s Platform', 30);
INSERT INTO Participacao (atleta_id, time_id, olimpiada_id, modalidade_id, idade, altura, peso, medalha) VALUES (21013, 1, 23, 132, 17.0, 161.0, 56.0, null);
INSERT INTO Atletas (id, nome, sexo) VALUES (21014, 'Choi Hye-Ra', 'F');
INSERT INTO Participacao (atleta_id, time_id, olimpiada_id, modalidade_id, idade, altura, peso, medalha) VALUES (21014, 1, 16, 31, 17.0, 165.0, 56.0, null);
INSERT INTO Participacao (atleta_id, time_id, olimpiada_id, modalidade_id, idade, altura, peso, medalha) VALUES (21014, 1, 16, 32, 17.0, 165.0, 56.0, null);
INSERT INTO Modalidades (nome, esporte_id) VALUES ('Swimming Women''s 200 metres Individual Medley', 17);
INSERT INTO Participacao (atleta_id, time_id, olimpiada_id, modalidade_id, idade, altura, peso, medalha) VALUES (21014, 1, 16, 133, 17.0, 165.0, 56.0, null);
INSERT INTO Participacao (atleta_id, time_id, olimpiada_id, modalidade_id, idade, altura, peso, medalha) VALUES (21014, 1, 24, 32, 21.0, 165.0, 56.0, null);
INSERT INTO Participacao (atleta_id, time_id, olimpiada_id, modalidade_id, idade, altura, peso, medalha) VALUES (21014, 1, 24, 133, 21.0, 165.0, 56.0, null);
INSERT INTO Atletas (id, nome, sexo) VALUES (21015, 'Choi Hye-Sook', 'F');
INSERT INTO Participacao (atleta_id, time_id, olimpiada_id, modalidade_id, idade, altura, peso, medalha) VALUES (21015, 1, 22, 61, 17.0, null, null, null);
INSERT INTO Participacao (atleta_id, time_id, olimpiada_id, modalidade_id, idade, altura, peso, medalha) VALUES (21015, 1, 22, 60, 17.0, null, null, null);
INSERT INTO Atletas (id, nome, sexo) VALUES (21016, 'Choi Hyeon-Ho', 'M');
INSERT INTO Participacao (atleta_id, time_id, olimpiada_id, modalidade_id, idade, altura, peso, medalha) VALUES (21016, 1, 23, 28, 24.0, 194.0, 88.0, null);
INSERT INTO Atletas (id, nome, sexo) VALUES (21017, 'Choi Hyeon-Jeong', 'F');
INSERT INTO Participacao (atleta_id, time_id, olimpiada_id, modalidade_id, idade, altura, peso, medalha) VALUES (21017, 1, 23, 26, 19.0, 172.0, 67.0, null);
INSERT INTO Atletas (id, nome, sexo) VALUES (21018, 'Choi Hyeon-Ju', 'F');
INSERT INTO Participacao (atleta_id, time_id, olimpiada_id, modalidade_id, idade, altura, peso, medalha) VALUES (21018, 1, 24, 98, 27.0, 172.0, 65.0, null);
INSERT INTO Participacao (atleta_id, time_id, olimpiada_id, modalidade_id, idade, altura, peso, medalha) VALUES (21018, 1, 24, 99, 27.0, 172.0, 65.0, 'Gold');
INSERT INTO Atletas (id, nome, sexo) VALUES (21019, 'Choi Im-Heon', 'M');
INSERT INTO Participacao (atleta_id, time_id, olimpiada_id, modalidade_id, idade, altura, peso, medalha) VALUES (21019, 1, 19, 108, 19.0, 182.0, 70.0, null);
INSERT INTO Participacao (atleta_id, time_id, olimpiada_id, modalidade_id, idade, altura, peso, medalha) VALUES (21019, 1, 20, 108, 23.0, 182.0, 70.0, null);
INSERT INTO Modalidades (nome, esporte_id) VALUES ('Cross Country Skiing Men''s 30 km Skiathlon', 1);
INSERT INTO Participacao (atleta_id, time_id, olimpiada_id, modalidade_id, idade, altura, peso, medalha) VALUES (21019, 1, 20, 134, 23.0, 182.0, 70.0, null);
INSERT INTO Modalidades (nome, esporte_id) VALUES ('Cross Country Skiing Men''s Team Sprint', 1);
INSERT INTO Participacao (atleta_id, time_id, olimpiada_id, modalidade_id, idade, altura, peso, medalha) VALUES (21019, 1, 20, 135, 23.0, 182.0, 70.0, null);
INSERT INTO Atletas (id, nome, sexo) VALUES (21020, 'Choi Im-Jeong', 'F');
INSERT INTO Participacao (atleta_id, time_id, olimpiada_id, modalidade_id, idade, altura, peso, medalha) VALUES (21020, 1, 18, 26, 23.0, 182.0, 75.0, 'Silver');
INSERT INTO Participacao (atleta_id, time_id, olimpiada_id, modalidade_id, idade, altura, peso, medalha) VALUES (21020, 1, 16, 26, 27.0, 182.0, 75.0, 'Bronze');
INSERT INTO Participacao (atleta_id, time_id, olimpiada_id, modalidade_id, idade, altura, peso, medalha) VALUES (21020, 1, 24, 26, 31.0, 182.0, 75.0, null);
INSERT INTO Atletas (id, nome, sexo) VALUES (21023, 'Choi In-Jeong', 'F');
INSERT INTO Modalidades (nome, esporte_id) VALUES ('Fencing Women''s epee, Individual', 27);
INSERT INTO Participacao (atleta_id, time_id, olimpiada_id, modalidade_id, idade, altura, peso, medalha) VALUES (21023, 1, 24, 136, 22.0, 174.0, 59.0, null);
INSERT INTO Participacao (atleta_id, time_id, olimpiada_id, modalidade_id, idade, altura, peso, medalha) VALUES (21023, 1, 24, 122, 22.0, 174.0, 59.0, 'Silver');
INSERT INTO Participacao (atleta_id, time_id, olimpiada_id, modalidade_id, idade, altura, peso, medalha) VALUES (21023, 1, 4, 136, 26.0, 174.0, 59.0, null);
INSERT INTO Participacao (atleta_id, time_id, olimpiada_id, modalidade_id, idade, altura, peso, medalha) VALUES (21023, 1, 4, 122, 26.0, 174.0, 59.0, null);
INSERT INTO Atletas (id, nome, sexo) VALUES (21024, 'Choi Jae-Bong', 'M');
INSERT INTO Participacao (atleta_id, time_id, olimpiada_id, modalidade_id, idade, altura, peso, medalha) VALUES (21024, 1, 3, 51, 17.0, 178.0, 78.0, null);
INSERT INTO Participacao (atleta_id, time_id, olimpiada_id, modalidade_id, idade, altura, peso, medalha) VALUES (21024, 1, 3, 52, 17.0, 178.0, 78.0, null);
INSERT INTO Participacao (atleta_id, time_id, olimpiada_id, modalidade_id, idade, altura, peso, medalha) VALUES (21024, 1, 19, 53, 21.0, 178.0, 78.0, null);
INSERT INTO Participacao (atleta_id, time_id, olimpiada_id, modalidade_id, idade, altura, peso, medalha) VALUES (21024, 1, 19, 54, 21.0, 178.0, 78.0, null);
INSERT INTO Participacao (atleta_id, time_id, olimpiada_id, modalidade_id, idade, altura, peso, medalha) VALUES (21024, 1, 19, 51, 21.0, 178.0, 78.0, null);
INSERT INTO Participacao (atleta_id, time_id, olimpiada_id, modalidade_id, idade, altura, peso, medalha) VALUES (21024, 1, 20, 53, 25.0, 178.0, 78.0, null);
INSERT INTO Participacao (atleta_id, time_id, olimpiada_id, modalidade_id, idade, altura, peso, medalha) VALUES (21024, 1, 20, 54, 25.0, 178.0, 78.0, null);
INSERT INTO Atletas (id, nome, sexo) VALUES (21025, 'Choi Jae-U', 'M');
INSERT INTO Esportes (nome) VALUES ('Freestyle Skiing');
INSERT INTO Modalidades (nome, esporte_id) VALUES ('Freestyle Skiing Men''s Moguls', 31);
INSERT INTO Participacao (atleta_id, time_id, olimpiada_id, modalidade_id, idade, altura, peso, medalha) VALUES (21025, 1, 27, 137, 19.0, 177.0, 75.0, null);
INSERT INTO Atletas (id, nome, sexo) VALUES (21026, 'Choi Jeong-Hyeok', 'M');
INSERT INTO Modalidades (nome, esporte_id) VALUES ('Wrestling Men''s Featherweight, Freestyle', 7);
INSERT INTO Participacao (atleta_id, time_id, olimpiada_id, modalidade_id, idade, altura, peso, medalha) VALUES (21026, 1, 10, 138, null, 163.0, 63.0, null);
INSERT INTO Atletas (id, nome, sexo) VALUES (21027, 'Choi Jeong-Ryong', 'M');
INSERT INTO Participacao (atleta_id, time_id, olimpiada_id, modalidade_id, idade, altura, peso, medalha) VALUES (21027, 1, 5, 80, 39.0, 174.0, 74.0, null);
INSERT INTO Atletas (id, nome, sexo) VALUES (21028, 'Choi Jeong-Yun', 'F');
INSERT INTO Esportes (nome) VALUES ('Synchronized Swimming');
INSERT INTO Modalidades (nome, esporte_id) VALUES ('Synchronized Swimming Women''s Solo', 32);
INSERT INTO Participacao (atleta_id, time_id, olimpiada_id, modalidade_id, idade, altura, peso, medalha) VALUES (21028, 1, 6, 139, 16.0, 165.0, 56.0, null);
INSERT INTO Atletas (id, nome, sexo) VALUES (21029, 'Choi Jong-Geun', 'M');
INSERT INTO Modalidades (nome, esporte_id) VALUES ('Weightlifting Men''s Heavyweight', 19);
INSERT INTO Participacao (atleta_id, time_id, olimpiada_id, modalidade_id, idade, altura, peso, medalha) VALUES (21029, 1, 23, 140, 24.0, 180.0, 105.0, null);
INSERT INTO Atletas (id, nome, sexo) VALUES (21030, 'Choi Jong-Gyu', 'M');
INSERT INTO Participacao (atleta_id, time_id, olimpiada_id, modalidade_id, idade, altura, peso, medalha) VALUES (21030, 1, 10, 12, 21.0, 188.0, 80.0, null);
INSERT INTO Atletas (id, nome, sexo) VALUES (21031, 'Choi Jong-Ok', 'M');
INSERT INTO Participacao (atleta_id, time_id, olimpiada_id, modalidade_id, idade, altura, peso, medalha) VALUES (21031, 1, 11, 72, 27.0, 180.0, 70.0, null);
INSERT INTO Atletas (id, nome, sexo) VALUES (21032, 'Choi Jun-Sang', 'M');
INSERT INTO Modalidades (nome, esporte_id) VALUES ('Equestrianism Mixed Dressage, Individual', 9);
INSERT INTO Participacao (atleta_id, time_id, olimpiada_id, modalidade_id, idade, altura, peso, medalha) VALUES (21032, 1, 16, 141, 30.0, 178.0, 70.0, null);
INSERT INTO Atletas (id, nome, sexo) VALUES (21033, 'Choi Jung-Hui', 'F');
INSERT INTO Participacao (atleta_id, time_id, olimpiada_id, modalidade_id, idade, altura, peso, medalha) VALUES (21033, 1, 25, 27, 20.0, 164.0, 55.0, null);
INSERT INTO Participacao (atleta_id, time_id, olimpiada_id, modalidade_id, idade, altura, peso, medalha) VALUES (21033, 1, 25, 100, 20.0, 164.0, 55.0, null);
INSERT INTO Participacao (atleta_id, time_id, olimpiada_id, modalidade_id, idade, altura, peso, medalha) VALUES (21033, 1, 25, 61, 20.0, 164.0, 55.0, null);
INSERT INTO Atletas (id, nome, sexo) VALUES (21037, 'Choi Kyu-Baek', 'M');
INSERT INTO Participacao (atleta_id, time_id, olimpiada_id, modalidade_id, idade, altura, peso, medalha) VALUES (21037, 1, 4, 56, 22.0, 188.0, 77.0, null);
INSERT INTO Atletas (id, nome, sexo) VALUES (21039, 'Choi Mi-Seon', 'F');
INSERT INTO Participacao (atleta_id, time_id, olimpiada_id, modalidade_id, idade, altura, peso, medalha) VALUES (21039, 1, 6, 62, 19.0, 174.0, 72.0, null);
INSERT INTO Atletas (id, nome, sexo) VALUES (21040, 'Choi Mi-Seon', 'F');
INSERT INTO Participacao (atleta_id, time_id, olimpiada_id, modalidade_id, idade, altura, peso, medalha) VALUES (21040, 1, 23, 45, 20.0, 160.0, 56.0, null);
INSERT INTO Participacao (atleta_id, time_id, olimpiada_id, modalidade_id, idade, altura, peso, medalha) VALUES (21040, 1, 23, 47, 20.0, 160.0, 56.0, null);
INSERT INTO Participacao (atleta_id, time_id, olimpiada_id, modalidade_id, idade, altura, peso, medalha) VALUES (21040, 1, 23, 48, 20.0, 160.0, 56.0, null);
INSERT INTO Participacao (atleta_id, time_id, olimpiada_id, modalidade_id, idade, altura, peso, medalha) VALUES (21040, 1, 23, 49, 20.0, 160.0, 56.0, null);
INSERT INTO Participacao (atleta_id, time_id, olimpiada_id, modalidade_id, idade, altura, peso, medalha) VALUES (21040, 1, 23, 50, 20.0, 160.0, 56.0, null);
INSERT INTO Atletas (id, nome, sexo) VALUES (21041, 'Choi Mi-Sun', 'F');
INSERT INTO Participacao (atleta_id, time_id, olimpiada_id, modalidade_id, idade, altura, peso, medalha) VALUES (21041, 1, 14, 21, 23.0, null, null, 'Silver');
INSERT INTO Atletas (id, nome, sexo) VALUES (21042, 'Choi Mi-Sun', 'F');
INSERT INTO Participacao (atleta_id, time_id, olimpiada_id, modalidade_id, idade, altura, peso, medalha) VALUES (21042, 1, 4, 98, 20.0, 168.0, 53.0, null);
INSERT INTO Participacao (atleta_id, time_id, olimpiada_id, modalidade_id, idade, altura, peso, medalha) VALUES (21042, 1, 4, 99, 20.0, 168.0, 53.0, 'Gold');
INSERT INTO Atletas (id, nome, sexo) VALUES (21043, 'Choi Min-Ho', 'M');
INSERT INTO Participacao (atleta_id, time_id, olimpiada_id, modalidade_id, idade, altura, peso, medalha) VALUES (21043, 1, 18, 125, 23.0, 163.0, 65.0, 'Bronze');
INSERT INTO Participacao (atleta_id, time_id, olimpiada_id, modalidade_id, idade, altura, peso, medalha) VALUES (21043, 1, 16, 125, 27.0, 163.0, 65.0, 'Gold');
INSERT INTO Atletas (id, nome, sexo) VALUES (21044, 'Choi Min-Kyu', 'M');
INSERT INTO Participacao (atleta_id, time_id, olimpiada_id, modalidade_id, idade, altura, peso, medalha) VALUES (21044, 1, 4, 106, 23.0, 184.0, 84.0, null);
INSERT INTO Atletas (id, nome, sexo) VALUES (21045, 'Choi Min-Kyung', 'F');
INSERT INTO Participacao (atleta_id, time_id, olimpiada_id, modalidade_id, idade, altura, peso, medalha) VALUES (21045, 1, 3, 120, 15.0, 162.0, 60.0, null);
INSERT INTO Participacao (atleta_id, time_id, olimpiada_id, modalidade_id, idade, altura, peso, medalha) VALUES (21045, 1, 19, 30, 19.0, 162.0, 60.0, 'Gold');
INSERT INTO Atletas (id, nome, sexo) VALUES (21046, 'Choi Myeong-Jin', 'M');
INSERT INTO Modalidades (nome, esporte_id) VALUES ('Equestrianism Mixed Three-Day Event, Individual', 9);
INSERT INTO Participacao (atleta_id, time_id, olimpiada_id, modalidade_id, idade, altura, peso, medalha) VALUES (21046, 1, 6, 142, 32.0, 174.0, 62.0, null);
INSERT INTO Modalidades (nome, esporte_id) VALUES ('Equestrianism Mixed Three-Day Event, Team', 9);
INSERT INTO Participacao (atleta_id, time_id, olimpiada_id, modalidade_id, idade, altura, peso, medalha) VALUES (21046, 1, 6, 143, 32.0, 174.0, 62.0, null);
INSERT INTO Participacao (atleta_id, time_id, olimpiada_id, modalidade_id, idade, altura, peso, medalha) VALUES (21046, 1, 12, 142, 36.0, 174.0, 62.0, null);
INSERT INTO Atletas (id, nome, sexo) VALUES (21047, 'Choi Myeong-Jong', 'M');
INSERT INTO Participacao (atleta_id, time_id, olimpiada_id, modalidade_id, idade, altura, peso, medalha) VALUES (21047, 1, 15, 66, 27.0, 173.0, 73.0, null);
INSERT INTO Atletas (id, nome, sexo) VALUES (21048, 'Choi Myeong-Suk', 'F');
INSERT INTO Participacao (atleta_id, time_id, olimpiada_id, modalidade_id, idade, altura, peso, medalha) VALUES (21048, 1, 26, 62, 18.0, null, null, null);
INSERT INTO Atletas (id, nome, sexo) VALUES (21050, 'Choi Nam-Yeon', 'M');
INSERT INTO Olimpiadas (jogos, ano, estacao, cidade) VALUES ('1964 Winter', 1964, 'Winter', 'Innsbruck');
INSERT INTO Participacao (atleta_id, time_id, olimpiada_id, modalidade_id, idade, altura, peso, medalha) VALUES (21050, 1, 28, 51, 21.0, null, null, null);
INSERT INTO Participacao (atleta_id, time_id, olimpiada_id, modalidade_id, idade, altura, peso, medalha) VALUES (21050, 1, 28, 52, 21.0, null, null, null);
INSERT INTO Atletas (id, nome, sexo) VALUES (21052, 'Choi Sang-Guk', 'M');
INSERT INTO Participacao (atleta_id, time_id, olimpiada_id, modalidade_id, idade, altura, peso, medalha) VALUES (21052, 1, 6, 56, 27.0, 173.0, 66.0, null);
INSERT INTO Atletas (id, nome, sexo) VALUES (21053, 'Choi Sang-Seon', 'M');
INSERT INTO Participacao (atleta_id, time_id, olimpiada_id, modalidade_id, idade, altura, peso, medalha) VALUES (21053, 1, 14, 14, 24.0, 168.0, 63.0, null);
INSERT INTO Modalidades (nome, esporte_id) VALUES ('Wrestling Men''s Lightweight, Greco-Roman', 7);
INSERT INTO Participacao (atleta_id, time_id, olimpiada_id, modalidade_id, idade, altura, peso, medalha) VALUES (21053, 1, 23, 144, 28.0, 168.0, 63.0, null);
INSERT INTO Atletas (id, nome, sexo) VALUES (21054, 'Choi Se-Beom', 'F');
INSERT INTO Modalidades (nome, esporte_id) VALUES ('Athletics Women''s 800 metres', 18);
INSERT INTO Participacao (atleta_id, time_id, olimpiada_id, modalidade_id, idade, altura, peso, medalha) VALUES (21054, 1, 6, 145, 16.0, 160.0, 44.0, null);
INSERT INTO Modalidades (nome, esporte_id) VALUES ('Athletics Women''s 4 x 400 metres Relay', 18);
INSERT INTO Participacao (atleta_id, time_id, olimpiada_id, modalidade_id, idade, altura, peso, medalha) VALUES (21054, 1, 6, 146, 16.0, 160.0, 44.0, null);
INSERT INTO Atletas (id, nome, sexo) VALUES (21055, 'Choi Seo-U', 'M');
INSERT INTO Participacao (atleta_id, time_id, olimpiada_id, modalidade_id, idade, altura, peso, medalha) VALUES (21055, 1, 3, 129, 15.0, 162.0, 54.0, null);
INSERT INTO Participacao (atleta_id, time_id, olimpiada_id, modalidade_id, idade, altura, peso, medalha) VALUES (21055, 1, 3, 130, 15.0, 162.0, 54.0, null);
INSERT INTO Participacao (atleta_id, time_id, olimpiada_id, modalidade_id, idade, altura, peso, medalha) VALUES (21055, 1, 3, 131, 15.0, 162.0, 54.0, null);
INSERT INTO Participacao (atleta_id, time_id, olimpiada_id, modalidade_id, idade, altura, peso, medalha) VALUES (21055, 1, 19, 129, 19.0, 162.0, 54.0, null);
INSERT INTO Participacao (atleta_id, time_id, olimpiada_id, modalidade_id, idade, altura, peso, medalha) VALUES (21055, 1, 19, 130, 19.0, 162.0, 54.0, null);
INSERT INTO Participacao (atleta_id, time_id, olimpiada_id, modalidade_id, idade, altura, peso, medalha) VALUES (21055, 1, 19, 131, 19.0, 162.0, 54.0, null);
INSERT INTO Participacao (atleta_id, time_id, olimpiada_id, modalidade_id, idade, altura, peso, medalha) VALUES (21055, 1, 20, 129, 23.0, 162.0, 54.0, null);
INSERT INTO Participacao (atleta_id, time_id, olimpiada_id, modalidade_id, idade, altura, peso, medalha) VALUES (21055, 1, 20, 130, 23.0, 162.0, 54.0, null);
INSERT INTO Participacao (atleta_id, time_id, olimpiada_id, modalidade_id, idade, altura, peso, medalha) VALUES (21055, 1, 20, 131, 23.0, 162.0, 54.0, null);
INSERT INTO Participacao (atleta_id, time_id, olimpiada_id, modalidade_id, idade, altura, peso, medalha) VALUES (21055, 1, 17, 129, 27.0, 162.0, 54.0, null);
INSERT INTO Participacao (atleta_id, time_id, olimpiada_id, modalidade_id, idade, altura, peso, medalha) VALUES (21055, 1, 17, 130, 27.0, 162.0, 54.0, null);
INSERT INTO Participacao (atleta_id, time_id, olimpiada_id, modalidade_id, idade, altura, peso, medalha) VALUES (21055, 1, 27, 129, 31.0, 162.0, 54.0, null);
INSERT INTO Participacao (atleta_id, time_id, olimpiada_id, modalidade_id, idade, altura, peso, medalha) VALUES (21055, 1, 27, 130, 31.0, 162.0, 54.0, null);
INSERT INTO Participacao (atleta_id, time_id, olimpiada_id, modalidade_id, idade, altura, peso, medalha) VALUES (21055, 1, 27, 131, 31.0, 162.0, 54.0, null);
INSERT INTO Atletas (id, nome, sexo) VALUES (21056, 'Choi Seok-Jae', 'M');
INSERT INTO Participacao (atleta_id, time_id, olimpiada_id, modalidade_id, idade, altura, peso, medalha) VALUES (21056, 1, 6, 28, 22.0, 183.0, 87.0, 'Silver');
INSERT INTO Participacao (atleta_id, time_id, olimpiada_id, modalidade_id, idade, altura, peso, medalha) VALUES (21056, 1, 12, 28, 26.0, 183.0, 87.0, null);
INSERT INTO Atletas (id, nome, sexo) VALUES (21057, 'Choi Seon-Ho', 'M');
INSERT INTO Modalidades (nome, esporte_id) VALUES ('Judo Men''s Middleweight', 2);
INSERT INTO Participacao (atleta_id, time_id, olimpiada_id, modalidade_id, idade, altura, peso, medalha) VALUES (21057, 1, 16, 147, 31.0, 178.0, 90.0, null);
INSERT INTO Atletas (id, nome, sexo) VALUES (21058, 'Choi Seon-Hyeong', 'F');
INSERT INTO Modalidades (nome, esporte_id) VALUES ('Canoeing Women''s Kayak Doubles, 500 metres', 23);
INSERT INTO Participacao (atleta_id, time_id, olimpiada_id, modalidade_id, idade, altura, peso, medalha) VALUES (21058, 1, 6, 148, 18.0, 167.0, 62.0, null);
INSERT INTO Modalidades (nome, esporte_id) VALUES ('Canoeing Women''s Kayak Fours, 500 metres', 23);
INSERT INTO Participacao (atleta_id, time_id, olimpiada_id, modalidade_id, idade, altura, peso, medalha) VALUES (21058, 1, 6, 149, 18.0, 167.0, 62.0, null);
INSERT INTO Atletas (id, nome, sexo) VALUES (21059, 'Choi Seon-Yong', 'M');
INSERT INTO Esportes (nome) VALUES ('Water Polo');
INSERT INTO Modalidades (nome, esporte_id) VALUES ('Water Polo Men''s Water Polo', 33);
INSERT INTO Participacao (atleta_id, time_id, olimpiada_id, modalidade_id, idade, altura, peso, medalha) VALUES (21059, 1, 6, 150, 25.0, 188.0, 83.0, null);
INSERT INTO Atletas (id, nome, sexo) VALUES (21060, 'Choi Seong-Gon', 'M');
INSERT INTO Participacao (atleta_id, time_id, olimpiada_id, modalidade_id, idade, altura, peso, medalha) VALUES (21060, 1, 8, 56, null, null, null, null);
INSERT INTO Atletas (id, nome, sexo) VALUES (21061, 'Choi Seong-Guk', 'M');
INSERT INTO Participacao (atleta_id, time_id, olimpiada_id, modalidade_id, idade, altura, peso, medalha) VALUES (21061, 1, 18, 56, 21.0, 178.0, 68.0, null);
INSERT INTO Atletas (id, nome, sexo) VALUES (21062, 'Choi Seong-Yong', 'M');
INSERT INTO Participacao (atleta_id, time_id, olimpiada_id, modalidade_id, idade, altura, peso, medalha) VALUES (21062, 1, 14, 56, 20.0, 173.0, 70.0, null);
INSERT INTO Atletas (id, nome, sexo) VALUES (21063, 'Choi Seung-Uk', 'M');
INSERT INTO Participacao (atleta_id, time_id, olimpiada_id, modalidade_id, idade, altura, peso, medalha) VALUES (21063, 1, 18, 28, 28.0, 182.0, 85.0, null);
INSERT INTO Atletas (id, nome, sexo) VALUES (21064, 'Choi Seung-Wu', 'M');
INSERT INTO Participacao (atleta_id, time_id, olimpiada_id, modalidade_id, idade, altura, peso, medalha) VALUES (21064, 1, 24, 37, 22.0, 172.0, 57.0, null);
INSERT INTO Atletas (id, nome, sexo) VALUES (21065, 'Choi Seung-Yong', 'F');
INSERT INTO Participacao (atleta_id, time_id, olimpiada_id, modalidade_id, idade, altura, peso, medalha) VALUES (21065, 1, 3, 27, 18.0, 160.0, 58.0, null);
INSERT INTO Participacao (atleta_id, time_id, olimpiada_id, modalidade_id, idade, altura, peso, medalha) VALUES (21065, 1, 3, 100, 18.0, 160.0, 58.0, null);
INSERT INTO Participacao (atleta_id, time_id, olimpiada_id, modalidade_id, idade, altura, peso, medalha) VALUES (21065, 1, 19, 27, 22.0, 160.0, 58.0, null);
INSERT INTO Participacao (atleta_id, time_id, olimpiada_id, modalidade_id, idade, altura, peso, medalha) VALUES (21065, 1, 19, 100, 22.0, 160.0, 58.0, null);
INSERT INTO Participacao (atleta_id, time_id, olimpiada_id, modalidade_id, idade, altura, peso, medalha) VALUES (21065, 1, 20, 27, 26.0, 160.0, 58.0, null);
INSERT INTO Atletas (id, nome, sexo) VALUES (21066, 'Choi Seung-Youn', 'F');
INSERT INTO Participacao (atleta_id, time_id, olimpiada_id, modalidade_id, idade, altura, peso, medalha) VALUES (21066, 1, 21, 27, 19.0, 159.0, 57.0, null);
INSERT INTO Participacao (atleta_id, time_id, olimpiada_id, modalidade_id, idade, altura, peso, medalha) VALUES (21066, 1, 21, 100, 19.0, 159.0, 57.0, null);
INSERT INTO Participacao (atleta_id, time_id, olimpiada_id, modalidade_id, idade, altura, peso, medalha) VALUES (21066, 1, 21, 61, 19.0, 159.0, 57.0, null);
INSERT INTO Atletas (id, nome, sexo) VALUES (21067, 'Choi Sin-Il', 'M');
INSERT INTO Participacao (atleta_id, time_id, olimpiada_id, modalidade_id, idade, altura, peso, medalha) VALUES (21067, 1, 7, 29, 22.0, 186.0, 86.0, null);
INSERT INTO Atletas (id, nome, sexo) VALUES (21068, 'Choi Su-Min', 'F');
INSERT INTO Participacao (atleta_id, time_id, olimpiada_id, modalidade_id, idade, altura, peso, medalha) VALUES (21068, 1, 4, 26, 26.0, 177.0, 64.0, null);
INSERT INTO Atletas (id, nome, sexo) VALUES (21069, 'Choi Su-Min', 'F');
INSERT INTO Modalidades (nome, esporte_id) VALUES ('Swimming Women''s 200 metres Backstroke', 17);
INSERT INTO Participacao (atleta_id, time_id, olimpiada_id, modalidade_id, idade, altura, peso, medalha) VALUES (21069, 1, 23, 151, 19.0, 165.0, 53.0, null);
INSERT INTO Atletas (id, nome, sexo) VALUES (21070, 'Choi Sug-I', 'F');
INSERT INTO Modalidades (nome, esporte_id) VALUES ('Judo Women''s Heavyweight', 2);
INSERT INTO Participacao (atleta_id, time_id, olimpiada_id, modalidade_id, idade, altura, peso, medalha) VALUES (21070, 1, 18, 152, 24.0, 172.0, 95.0, null);
INSERT INTO Atletas (id, nome, sexo) VALUES (21071, 'Choi Sun-Ho', 'M');
INSERT INTO Participacao (atleta_id, time_id, olimpiada_id, modalidade_id, idade, altura, peso, medalha) VALUES (21071, 1, 6, 56, 26.0, 185.0, 78.0, null);
INSERT INTO Atletas (id, nome, sexo) VALUES (21072, 'Choi Tae-Gon', 'M');
INSERT INTO Participacao (atleta_id, time_id, olimpiada_id, modalidade_id, idade, altura, peso, medalha) VALUES (21072, 1, 9, 12, null, null, null, null);
INSERT INTO Atletas (id, nome, sexo) VALUES (21073, 'Choi Tae-Seop', 'M');
INSERT INTO Participacao (atleta_id, time_id, olimpiada_id, modalidade_id, idade, altura, peso, medalha) VALUES (21073, 1, 5, 28, 21.0, 182.0, 75.0, null);
INSERT INTO Atletas (id, nome, sexo) VALUES (21074, 'Choi Tae-Uk', 'M');
INSERT INTO Participacao (atleta_id, time_id, olimpiada_id, modalidade_id, idade, altura, peso, medalha) VALUES (21074, 1, 18, 56, 23.0, 173.0, 67.0, null);
INSERT INTO Atletas (id, nome, sexo) VALUES (21075, 'Choi Tae-Ung', 'M');
INSERT INTO Participacao (atleta_id, time_id, olimpiada_id, modalidade_id, idade, altura, peso, medalha) VALUES (21075, 1, 23, 72, 24.0, 185.0, 75.0, null);
INSERT INTO Atletas (id, nome, sexo) VALUES (21076, 'Choi Won-Gon', 'M');
INSERT INTO Participacao (atleta_id, time_id, olimpiada_id, modalidade_id, idade, altura, peso, medalha) VALUES (21076, 1, 18, 56, 22.0, 175.0, 64.0, null);
INSERT INTO Atletas (id, nome, sexo) VALUES (21077, 'Choi Won-Tae', 'M');
INSERT INTO Modalidades (nome, esporte_id) VALUES ('Archery Men''s Individual', 26);
INSERT INTO Participacao (atleta_id, time_id, olimpiada_id, modalidade_id, idade, altura, peso, medalha) VALUES (21077, 1, 5, 153, 16.0, 170.0, 58.0, null);
INSERT INTO Atletas (id, nome, sexo) VALUES (21078, 'Choi Yeong-Bae', 'M');
INSERT INTO Olimpiadas (jogos, ano, estacao, cidade) VALUES ('1960 Winter', 1960, 'Winter', 'Squaw Valley');
INSERT INTO Participacao (atleta_id, time_id, olimpiada_id, modalidade_id, idade, altura, peso, medalha) VALUES (21078, 1, 29, 51, 21.0, null, null, null);
INSERT INTO Participacao (atleta_id, time_id, olimpiada_id, modalidade_id, idade, altura, peso, medalha) VALUES (21078, 1, 29, 52, 21.0, null, null, null);
INSERT INTO Modalidades (nome, esporte_id) VALUES ('Speed Skating Men''s 10,000 metres', 15);
INSERT INTO Participacao (atleta_id, time_id, olimpiada_id, modalidade_id, idade, altura, peso, medalha) VALUES (21078, 1, 29, 154, 21.0, null, null, null);
INSERT INTO Participacao (atleta_id, time_id, olimpiada_id, modalidade_id, idade, altura, peso, medalha) VALUES (21078, 1, 28, 53, 25.0, null, null, null);
INSERT INTO Participacao (atleta_id, time_id, olimpiada_id, modalidade_id, idade, altura, peso, medalha) VALUES (21078, 1, 28, 51, 25.0, null, null, null);
INSERT INTO Participacao (atleta_id, time_id, olimpiada_id, modalidade_id, idade, altura, peso, medalha) VALUES (21078, 1, 28, 52, 25.0, null, null, null);
INSERT INTO Participacao (atleta_id, time_id, olimpiada_id, modalidade_id, idade, altura, peso, medalha) VALUES (21078, 1, 28, 154, 25.0, null, null, null);
INSERT INTO Atletas (id, nome, sexo) VALUES (21079, 'Choi Yeong-Gi', 'M');
INSERT INTO Modalidades (nome, esporte_id) VALUES ('Athletics Men''s Triple Jump', 18);
INSERT INTO Participacao (atleta_id, time_id, olimpiada_id, modalidade_id, idade, altura, peso, medalha) VALUES (21079, 1, 26, 155, 26.0, null, null, null);
INSERT INTO Participacao (atleta_id, time_id, olimpiada_id, modalidade_id, idade, altura, peso, medalha) VALUES (21079, 1, 9, 155, 30.0, null, null, null);
INSERT INTO Atletas (id, nome, sexo) VALUES (21080, 'Choi Yeong-Gil', 'M');
INSERT INTO Participacao (atleta_id, time_id, olimpiada_id, modalidade_id, idade, altura, peso, medalha) VALUES (21080, 1, 7, 24, 22.0, 164.0, 62.0, null);
INSERT INTO Atletas (id, nome, sexo) VALUES (21081, 'Choi Yeong-Ja', 'F');
INSERT INTO Esportes (nome) VALUES ('Tennis');
INSERT INTO Modalidades (nome, esporte_id) VALUES ('Tennis Women''s Singles', 34);
INSERT INTO Participacao (atleta_id, time_id, olimpiada_id, modalidade_id, idade, altura, peso, medalha) VALUES (21081, 1, 14, 156, 21.0, 170.0, 62.0, null);
INSERT INTO Atletas (id, nome, sexo) VALUES (21082, 'Choi Yeong-Rae', 'M');
INSERT INTO Modalidades (nome, esporte_id) VALUES ('Shooting Men''s Air Pistol, 10 metres', 3);
INSERT INTO Participacao (atleta_id, time_id, olimpiada_id, modalidade_id, idade, altura, peso, medalha) VALUES (21082, 1, 24, 157, 30.0, 166.0, 74.0, null);
INSERT INTO Participacao (atleta_id, time_id, olimpiada_id, modalidade_id, idade, altura, peso, medalha) VALUES (21082, 1, 24, 22, 30.0, 166.0, 74.0, 'Silver');
INSERT INTO Atletas (id, nome, sexo) VALUES (21083, 'Choi Yeong-Suk', 'F');
INSERT INTO Participacao (atleta_id, time_id, olimpiada_id, modalidade_id, idade, altura, peso, medalha) VALUES (21083, 1, 7, 45, 17.0, 153.0, 48.0, null);
INSERT INTO Participacao (atleta_id, time_id, olimpiada_id, modalidade_id, idade, altura, peso, medalha) VALUES (21083, 1, 7, 47, 17.0, 153.0, 48.0, null);
INSERT INTO Participacao (atleta_id, time_id, olimpiada_id, modalidade_id, idade, altura, peso, medalha) VALUES (21083, 1, 7, 48, 17.0, 153.0, 48.0, null);
INSERT INTO Participacao (atleta_id, time_id, olimpiada_id, modalidade_id, idade, altura, peso, medalha) VALUES (21083, 1, 7, 49, 17.0, 153.0, 48.0, null);
INSERT INTO Participacao (atleta_id, time_id, olimpiada_id, modalidade_id, idade, altura, peso, medalha) VALUES (21083, 1, 7, 50, 17.0, 153.0, 48.0, null);
INSERT INTO Atletas (id, nome, sexo) VALUES (21084, 'Choi Yong-Hee', 'M');
INSERT INTO Modalidades (nome, esporte_id) VALUES ('Alpine Skiing Men''s Downhill', 24);
INSERT INTO Participacao (atleta_id, time_id, olimpiada_id, modalidade_id, idade, altura, peso, medalha) VALUES (21084, 1, 1, 158, 20.0, null, null, null);
INSERT INTO Modalidades (nome, esporte_id) VALUES ('Alpine Skiing Men''s Super G', 24);
INSERT INTO Participacao (atleta_id, time_id, olimpiada_id, modalidade_id, idade, altura, peso, medalha) VALUES (21084, 1, 1, 159, 20.0, null, null, null);
INSERT INTO Participacao (atleta_id, time_id, olimpiada_id, modalidade_id, idade, altura, peso, medalha) VALUES (21084, 1, 1, 85, 20.0, null, null, null);
INSERT INTO Participacao (atleta_id, time_id, olimpiada_id, modalidade_id, idade, altura, peso, medalha) VALUES (21084, 1, 1, 86, 20.0, null, null, null);
INSERT INTO Modalidades (nome, esporte_id) VALUES ('Alpine Skiing Men''s Combined', 24);
INSERT INTO Participacao (atleta_id, time_id, olimpiada_id, modalidade_id, idade, altura, peso, medalha) VALUES (21084, 1, 1, 160, 20.0, null, null, null);
INSERT INTO Atletas (id, nome, sexo) VALUES (21085, 'Choi Yong-Jin', 'M');
INSERT INTO Olimpiadas (jogos, ano, estacao, cidade) VALUES ('1948 Winter', 1948, 'Winter', 'Sankt Moritz');
INSERT INTO Participacao (atleta_id, time_id, olimpiada_id, modalidade_id, idade, altura, peso, medalha) VALUES (21085, 1, 30, 53, 25.0, null, null, null);
INSERT INTO Participacao (atleta_id, time_id, olimpiada_id, modalidade_id, idade, altura, peso, medalha) VALUES (21085, 1, 30, 51, 25.0, null, null, null);
INSERT INTO Atletas (id, nome, sexo) VALUES (21086, 'Choi Yong-Sin', 'M');
INSERT INTO Participacao (atleta_id, time_id, olimpiada_id, modalidade_id, idade, altura, peso, medalha) VALUES (21086, 1, 23, 6, 22.0, 176.0, 73.0, null);
INSERT INTO Atletas (id, nome, sexo) VALUES (21087, 'Choi Yong-Su', 'M');
INSERT INTO Participacao (atleta_id, time_id, olimpiada_id, modalidade_id, idade, altura, peso, medalha) VALUES (21087, 1, 14, 56, 22.0, 183.0, 73.0, null);
INSERT INTO Atletas (id, nome, sexo) VALUES (21088, 'Choi Yun-A', 'F');
INSERT INTO Participacao (atleta_id, time_id, olimpiada_id, modalidade_id, idade, altura, peso, medalha) VALUES (21088, 1, 16, 33, 22.0, 170.0, 62.0, null);
INSERT INTO Atletas (id, nome, sexo) VALUES (21089, 'Choi Yun-Chil', 'M');
INSERT INTO Participacao (atleta_id, time_id, olimpiada_id, modalidade_id, idade, altura, peso, medalha) VALUES (21089, 1, 8, 67, 20.0, null, null, null);
INSERT INTO Participacao (atleta_id, time_id, olimpiada_id, modalidade_id, idade, altura, peso, medalha) VALUES (21089, 1, 26, 67, 23.0, null, null, null);
INSERT INTO Atletas (id, nome, sexo) VALUES (21090, 'Choi Yun-Gyeom', 'M');
INSERT INTO Participacao (atleta_id, time_id, olimpiada_id, modalidade_id, idade, altura, peso, medalha) VALUES (21090, 1, 6, 56, 26.0, 176.0, 75.0, null);
INSERT INTO Atletas (id, nome, sexo) VALUES (21091, 'Choi Yun-Hui', 'F');
INSERT INTO Modalidades (nome, esporte_id) VALUES ('Swimming Women''s 100 metres Backstroke', 17);
INSERT INTO Participacao (atleta_id, time_id, olimpiada_id, modalidade_id, idade, altura, peso, medalha) VALUES (21091, 1, 5, 161, 16.0, 163.0, 57.0, null);
INSERT INTO Participacao (atleta_id, time_id, olimpiada_id, modalidade_id, idade, altura, peso, medalha) VALUES (21091, 1, 5, 151, 16.0, 163.0, 57.0, null);
INSERT INTO Atletas (id, nome, sexo) VALUES (21092, 'Choi Yun-Hui', 'F');
INSERT INTO Modalidades (nome, esporte_id) VALUES ('Athletics Women''s Pole Vault', 18);
INSERT INTO Participacao (atleta_id, time_id, olimpiada_id, modalidade_id, idade, altura, peso, medalha) VALUES (21092, 1, 24, 162, 26.0, 172.0, 62.0, null);
INSERT INTO Atletas (id, nome, sexo) VALUES (21093, 'Choi Yun-Suk', 'F');
INSERT INTO Participacao (atleta_id, time_id, olimpiada_id, modalidade_id, idade, altura, peso, medalha) VALUES (21093, 1, 19, 61, 22.0, 175.0, 58.0, null);
INSERT INTO Atletas (id, nome, sexo) VALUES (21094, 'Choi Yun-Yeol', 'M');
INSERT INTO Participacao (atleta_id, time_id, olimpiada_id, modalidade_id, idade, altura, peso, medalha) VALUES (21094, 1, 14, 56, 22.0, null, null, null);
INSERT INTO Atletas (id, nome, sexo) VALUES (21353, 'Chu Gi-Yeong', 'M');
INSERT INTO Modalidades (nome, esporte_id) VALUES ('Athletics Men''s Javelin Throw', 18);
INSERT INTO Participacao (atleta_id, time_id, olimpiada_id, modalidade_id, idade, altura, peso, medalha) VALUES (21353, 1, 14, 163, 19.0, 180.0, 80.0, null);
INSERT INTO Atletas (id, nome, sexo) VALUES (21355, 'Chu Hwa-Il', 'M');
INSERT INTO Modalidades (nome, esporte_id) VALUES ('Shooting Men''s Free Rifle, Three Positions, 300 metres', 3);
INSERT INTO Participacao (atleta_id, time_id, olimpiada_id, modalidade_id, idade, altura, peso, medalha) VALUES (21355, 1, 9, 164, 24.0, 164.0, 62.0, null);
INSERT INTO Participacao (atleta_id, time_id, olimpiada_id, modalidade_id, idade, altura, peso, medalha) VALUES (21355, 1, 7, 58, 32.0, 164.0, 62.0, null);
INSERT INTO Atletas (id, nome, sexo) VALUES (21424, 'Chun In-Gee', 'F');
INSERT INTO Modalidades (nome, esporte_id) VALUES ('Golf Women''s Individual', 4);
INSERT INTO Participacao (atleta_id, time_id, olimpiada_id, modalidade_id, idade, altura, peso, medalha) VALUES (21424, 1, 4, 165, 21.0, 175.0, 70.0, null);
INSERT INTO Atletas (id, nome, sexo) VALUES (25170, 'Dang Ye-Seo', 'F');
INSERT INTO Esportes (nome) VALUES ('Table Tennis');
INSERT INTO Modalidades (nome, esporte_id) VALUES ('Table Tennis Women''s Singles', 35);
INSERT INTO Participacao (atleta_id, time_id, olimpiada_id, modalidade_id, idade, altura, peso, medalha) VALUES (25170, 1, 16, 166, 27.0, 158.0, 50.0, null);
INSERT INTO Modalidades (nome, esporte_id) VALUES ('Table Tennis Women''s Team', 35);
INSERT INTO Participacao (atleta_id, time_id, olimpiada_id, modalidade_id, idade, altura, peso, medalha) VALUES (25170, 1, 16, 167, 27.0, 158.0, 50.0, 'Bronze');
INSERT INTO Participacao (atleta_id, time_id, olimpiada_id, modalidade_id, idade, altura, peso, medalha) VALUES (25170, 1, 24, 167, 31.0, 158.0, 50.0, null);
INSERT INTO Atletas (id, nome, sexo) VALUES (28933, 'Do Eun-Cheol', 'M');
INSERT INTO Modalidades (nome, esporte_id) VALUES ('Cycling Men''s Points Race', 5);
INSERT INTO Participacao (atleta_id, time_id, olimpiada_id, modalidade_id, idade, altura, peso, medalha) VALUES (28933, 1, 6, 168, 25.0, 178.0, 74.0, null);
INSERT INTO Atletas (id, nome, sexo) VALUES (32754, 'Eo Jae-Sik', 'M');
INSERT INTO Olimpiadas (jogos, ano, estacao, cidade) VALUES ('1968 Winter', 1968, 'Winter', 'Grenoble');
INSERT INTO Participacao (atleta_id, time_id, olimpiada_id, modalidade_id, idade, altura, peso, medalha) VALUES (32754, 1, 31, 85, 19.0, 174.0, 70.0, null);
INSERT INTO Participacao (atleta_id, time_id, olimpiada_id, modalidade_id, idade, altura, peso, medalha) VALUES (32754, 1, 31, 86, 19.0, 174.0, 70.0, null);
INSERT INTO Atletas (id, nome, sexo) VALUES (32755, 'Eom Hyo-Won', 'M');
INSERT INTO Participacao (atleta_id, time_id, olimpiada_id, modalidade_id, idade, altura, peso, medalha) VALUES (32755, 1, 24, 28, 25.0, 185.0, 86.0, null);
INSERT INTO Atletas (id, nome, sexo) VALUES (32756, 'Eom In-Yeong', 'M');
INSERT INTO Modalidades (nome, esporte_id) VALUES ('Cycling Men''s Keirin', 5);
INSERT INTO Participacao (atleta_id, time_id, olimpiada_id, modalidade_id, idade, altura, peso, medalha) VALUES (32756, 1, 23, 169, 29.0, 175.0, 80.0, null);
INSERT INTO Atletas (id, nome, sexo) VALUES (32757, 'Eom Ji-Eun', 'F');
INSERT INTO Modalidades (nome, esporte_id) VALUES ('Wrestling Women''s Lightweight, Freestyle', 7);
INSERT INTO Participacao (atleta_id, time_id, olimpiada_id, modalidade_id, idade, altura, peso, medalha) VALUES (32757, 1, 24, 170, 25.0, 161.0, 55.0, null);
INSERT INTO Atletas (id, nome, sexo) VALUES (32758, 'Eom Jin-Han', 'M');
INSERT INTO Modalidades (nome, esporte_id) VALUES ('Wrestling Men''s Light-Heavyweight, Greco-Roman', 7);
INSERT INTO Participacao (atleta_id, time_id, olimpiada_id, modalidade_id, idade, altura, peso, medalha) VALUES (32758, 1, 6, 171, 24.0, 187.0, 90.0, null);
INSERT INTO Participacao (atleta_id, time_id, olimpiada_id, modalidade_id, idade, altura, peso, medalha) VALUES (32758, 1, 12, 171, 28.0, 187.0, 90.0, null);
INSERT INTO Participacao (atleta_id, time_id, olimpiada_id, modalidade_id, idade, altura, peso, medalha) VALUES (32758, 1, 14, 171, 32.0, 187.0, 90.0, null);
INSERT INTO Atletas (id, nome, sexo) VALUES (32759, 'Eom Min-Ji', 'F');
INSERT INTO Esportes (nome) VALUES ('Curling');
INSERT INTO Modalidades (nome, esporte_id) VALUES ('Curling Women''s Curling', 36);
INSERT INTO Participacao (atleta_id, time_id, olimpiada_id, modalidade_id, idade, altura, peso, medalha) VALUES (32759, 1, 27, 172, 23.0, 158.0, null, null);
INSERT INTO Atletas (id, nome, sexo) VALUES (32760, 'Eom Par-Yong', 'M');
INSERT INTO Modalidades (nome, esporte_id) VALUES ('Athletics Men''s 200 metres', 18);
INSERT INTO Participacao (atleta_id, time_id, olimpiada_id, modalidade_id, idade, altura, peso, medalha) VALUES (32760, 1, 26, 173, 21.0, null, null, null);
INSERT INTO Atletas (id, nome, sexo) VALUES (32761, 'Eom Yeong-Seop', 'M');
INSERT INTO Modalidades (nome, esporte_id) VALUES ('Cycling Men''s Sprint', 5);
INSERT INTO Participacao (atleta_id, time_id, olimpiada_id, modalidade_id, idade, altura, peso, medalha) VALUES (32761, 1, 6, 174, 24.0, 182.0, 76.0, null);
INSERT INTO Modalidades (nome, esporte_id) VALUES ('Cycling Men''s 1,000 metres Time Trial', 5);
INSERT INTO Participacao (atleta_id, time_id, olimpiada_id, modalidade_id, idade, altura, peso, medalha) VALUES (32761, 1, 6, 175, 24.0, 182.0, 76.0, null);
INSERT INTO Atletas (id, nome, sexo) VALUES (33399, 'Eu Woo-Youn', 'M');
INSERT INTO Participacao (atleta_id, time_id, olimpiada_id, modalidade_id, idade, altura, peso, medalha) VALUES (33399, 1, 21, 158, 17.0, 170.0, 70.0, null);
INSERT INTO Participacao (atleta_id, time_id, olimpiada_id, modalidade_id, idade, altura, peso, medalha) VALUES (33399, 1, 21, 85, 17.0, 170.0, 70.0, null);
INSERT INTO Participacao (atleta_id, time_id, olimpiada_id, modalidade_id, idade, altura, peso, medalha) VALUES (33399, 1, 21, 86, 17.0, 170.0, 70.0, null);
INSERT INTO Atletas (id, nome, sexo) VALUES (33405, 'Eum Mi-Young', 'F');
INSERT INTO Participacao (atleta_id, time_id, olimpiada_id, modalidade_id, idade, altura, peso, medalha) VALUES (33405, 1, 16, 21, 24.0, 161.0, 58.0, null);
INSERT INTO Atletas (id, nome, sexo) VALUES (38304, 'Gang Bong-Hyeon', 'M');
INSERT INTO Participacao (atleta_id, time_id, olimpiada_id, modalidade_id, idade, altura, peso, medalha) VALUES (38304, 1, 8, 12, null, null, null, null);
INSERT INTO Atletas (id, nome, sexo) VALUES (38305, 'Gang Cheol', 'M');
INSERT INTO Participacao (atleta_id, time_id, olimpiada_id, modalidade_id, idade, altura, peso, medalha) VALUES (38305, 1, 12, 56, 20.0, 176.0, null, null);
INSERT INTO Participacao (atleta_id, time_id, olimpiada_id, modalidade_id, idade, altura, peso, medalha) VALUES (38305, 1, 23, 56, 28.0, 176.0, null, null);
INSERT INTO Atletas (id, nome, sexo) VALUES (38306, 'Gang Chil-Gu', 'M');
INSERT INTO Participacao (atleta_id, time_id, olimpiada_id, modalidade_id, idade, altura, peso, medalha) VALUES (38306, 1, 19, 129, 17.0, 170.0, 59.0, null);
INSERT INTO Participacao (atleta_id, time_id, olimpiada_id, modalidade_id, idade, altura, peso, medalha) VALUES (38306, 1, 19, 130, 17.0, 170.0, 59.0, null);
INSERT INTO Participacao (atleta_id, time_id, olimpiada_id, modalidade_id, idade, altura, peso, medalha) VALUES (38306, 1, 19, 131, 17.0, 170.0, 59.0, null);
INSERT INTO Participacao (atleta_id, time_id, olimpiada_id, modalidade_id, idade, altura, peso, medalha) VALUES (38306, 1, 20, 129, 21.0, 170.0, 59.0, null);
INSERT INTO Participacao (atleta_id, time_id, olimpiada_id, modalidade_id, idade, altura, peso, medalha) VALUES (38306, 1, 20, 130, 21.0, 170.0, 59.0, null);
INSERT INTO Participacao (atleta_id, time_id, olimpiada_id, modalidade_id, idade, altura, peso, medalha) VALUES (38306, 1, 20, 131, 21.0, 170.0, 59.0, null);
INSERT INTO Participacao (atleta_id, time_id, olimpiada_id, modalidade_id, idade, altura, peso, medalha) VALUES (38306, 1, 27, 129, 29.0, 170.0, 59.0, null);
INSERT INTO Participacao (atleta_id, time_id, olimpiada_id, modalidade_id, idade, altura, peso, medalha) VALUES (38306, 1, 27, 130, 29.0, 170.0, 59.0, null);
INSERT INTO Participacao (atleta_id, time_id, olimpiada_id, modalidade_id, idade, altura, peso, medalha) VALUES (38306, 1, 27, 131, 29.0, 170.0, 59.0, null);
INSERT INTO Atletas (id, nome, sexo) VALUES (38307, 'Gang Cho-Hyeon', 'F');
INSERT INTO Participacao (atleta_id, time_id, olimpiada_id, modalidade_id, idade, altura, peso, medalha) VALUES (38307, 1, 23, 117, 17.0, 157.0, 45.0, 'Silver');
INSERT INTO Atletas (id, nome, sexo) VALUES (38308, 'Gang Chun-Won', 'M');
INSERT INTO Participacao (atleta_id, time_id, olimpiada_id, modalidade_id, idade, altura, peso, medalha) VALUES (38308, 1, 15, 55, 19.0, 164.0, 54.0, null);
INSERT INTO Atletas (id, nome, sexo) VALUES (38309, 'Gang Deok-Su', 'M');
INSERT INTO Participacao (atleta_id, time_id, olimpiada_id, modalidade_id, idade, altura, peso, medalha) VALUES (38309, 1, 5, 28, 25.0, 177.0, 78.0, null);
INSERT INTO Atletas (id, nome, sexo) VALUES (38310, 'Gang Dong-Hui', 'M');
INSERT INTO Participacao (atleta_id, time_id, olimpiada_id, modalidade_id, idade, altura, peso, medalha) VALUES (38310, 1, 14, 12, 29.0, 180.0, 87.0, null);
INSERT INTO Atletas (id, nome, sexo) VALUES (38311, 'Gang Dong-U', 'M');
INSERT INTO Modalidades (nome, esporte_id) VALUES ('Cycling Men''s Mountainbike, Cross-Country', 5);
INSERT INTO Participacao (atleta_id, time_id, olimpiada_id, modalidade_id, idade, altura, peso, medalha) VALUES (38311, 1, 23, 176, 22.0, 180.0, 70.0, null);
INSERT INTO Atletas (id, nome, sexo) VALUES (38312, 'Gang Du-Man', 'M');
INSERT INTO Participacao (atleta_id, time_id, olimpiada_id, modalidade_id, idade, altura, peso, medalha) VALUES (38312, 1, 7, 171, 31.0, 189.0, 88.0, null);
INSERT INTO Participacao (atleta_id, time_id, olimpiada_id, modalidade_id, idade, altura, peso, medalha) VALUES (38312, 1, 7, 103, 31.0, 189.0, 88.0, null);
INSERT INTO Atletas (id, nome, sexo) VALUES (38313, 'Gang Du-Tae', 'M');
INSERT INTO Participacao (atleta_id, time_id, olimpiada_id, modalidade_id, idade, altura, peso, medalha) VALUES (38313, 1, 5, 72, 25.0, 197.0, 86.0, null);
INSERT INTO Atletas (id, nome, sexo) VALUES (38314, 'Gang Geon-Uk', 'M');
INSERT INTO Participacao (atleta_id, time_id, olimpiada_id, modalidade_id, idade, altura, peso, medalha) VALUES (38314, 1, 14, 89, 25.0, 173.0, 69.0, null);
INSERT INTO Participacao (atleta_id, time_id, olimpiada_id, modalidade_id, idade, altura, peso, medalha) VALUES (38314, 1, 23, 89, 29.0, 173.0, 69.0, 'Silver');
INSERT INTO Atletas (id, nome, sexo) VALUES (38315, 'Gang Gi-Jin', 'M');
INSERT INTO Participacao (atleta_id, time_id, olimpiada_id, modalidade_id, idade, altura, peso, medalha) VALUES (38315, 1, 12, 101, 19.0, null, null, null);
INSERT INTO Modalidades (nome, esporte_id) VALUES ('Canoeing Men''s Kayak Fours, 1,000 metres', 23);
INSERT INTO Participacao (atleta_id, time_id, olimpiada_id, modalidade_id, idade, altura, peso, medalha) VALUES (38315, 1, 12, 177, 19.0, null, null, null);
INSERT INTO Atletas (id, nome, sexo) VALUES (38316, 'Gang Gwang-Bae', 'M');
INSERT INTO Esportes (nome) VALUES ('Luge');
INSERT INTO Modalidades (nome, esporte_id) VALUES ('Luge Men''s Singles', 37);
INSERT INTO Participacao (atleta_id, time_id, olimpiada_id, modalidade_id, idade, altura, peso, medalha) VALUES (38316, 1, 3, 178, 24.0, 180.0, 95.0, null);
INSERT INTO Esportes (nome) VALUES ('Skeleton');
INSERT INTO Modalidades (nome, esporte_id) VALUES ('Skeleton Men''s Skeleton', 38);
INSERT INTO Participacao (atleta_id, time_id, olimpiada_id, modalidade_id, idade, altura, peso, medalha) VALUES (38316, 1, 19, 179, 28.0, 180.0, 95.0, null);
INSERT INTO Participacao (atleta_id, time_id, olimpiada_id, modalidade_id, idade, altura, peso, medalha) VALUES (38316, 1, 20, 179, 32.0, 180.0, 95.0, null);
INSERT INTO Esportes (nome) VALUES ('Bobsleigh');
INSERT INTO Modalidades (nome, esporte_id) VALUES ('Bobsleigh Men''s Four', 39);
INSERT INTO Participacao (atleta_id, time_id, olimpiada_id, modalidade_id, idade, altura, peso, medalha) VALUES (38316, 1, 17, 180, 36.0, 180.0, 95.0, null);
INSERT INTO Atletas (id, nome, sexo) VALUES (38317, 'Gang Gyeong-Hyo', 'M');
INSERT INTO Participacao (atleta_id, time_id, olimpiada_id, modalidade_id, idade, altura, peso, medalha) VALUES (38317, 1, 5, 126, 19.0, 170.0, 64.0, null);
INSERT INTO Modalidades (nome, esporte_id) VALUES ('Modern Pentathlon Men''s Team', 28);
INSERT INTO Participacao (atleta_id, time_id, olimpiada_id, modalidade_id, idade, altura, peso, medalha) VALUES (38317, 1, 5, 181, 19.0, 170.0, 64.0, null);
INSERT INTO Participacao (atleta_id, time_id, olimpiada_id, modalidade_id, idade, altura, peso, medalha) VALUES (38317, 1, 6, 126, 23.0, 170.0, 64.0, null);
INSERT INTO Participacao (atleta_id, time_id, olimpiada_id, modalidade_id, idade, altura, peso, medalha) VALUES (38317, 1, 6, 181, 23.0, 170.0, 64.0, null);
INSERT INTO Atletas (id, nome, sexo) VALUES (38319, 'Gang Hui-Chan', 'M');
INSERT INTO Modalidades (nome, esporte_id) VALUES ('Table Tennis Men''s Singles', 35);
INSERT INTO Participacao (atleta_id, time_id, olimpiada_id, modalidade_id, idade, altura, peso, medalha) VALUES (38319, 1, 12, 182, 22.0, null, null, null);
INSERT INTO Atletas (id, nome, sexo) VALUES (38320, 'Gang Hye-Ja', 'F');
INSERT INTO Participacao (atleta_id, time_id, olimpiada_id, modalidade_id, idade, altura, peso, medalha) VALUES (38320, 1, 6, 117, 22.0, 163.0, 57.0, null);
INSERT INTO Atletas (id, nome, sexo) VALUES (38321, 'Gang Hye-Mi', 'F');
INSERT INTO Participacao (atleta_id, time_id, olimpiada_id, modalidade_id, idade, altura, peso, medalha) VALUES (38321, 1, 14, 18, 22.0, 173.0, 62.0, null);
INSERT INTO Participacao (atleta_id, time_id, olimpiada_id, modalidade_id, idade, altura, peso, medalha) VALUES (38321, 1, 23, 18, 26.0, 173.0, 62.0, null);
INSERT INTO Participacao (atleta_id, time_id, olimpiada_id, modalidade_id, idade, altura, peso, medalha) VALUES (38321, 1, 18, 18, 30.0, 173.0, 62.0, null);
INSERT INTO Atletas (id, nome, sexo) VALUES (38322, 'Gang Hyeok', 'M');
INSERT INTO Participacao (atleta_id, time_id, olimpiada_id, modalidade_id, idade, altura, peso, medalha) VALUES (38322, 1, 14, 20, 21.0, 181.0, 81.0, null);
INSERT INTO Atletas (id, nome, sexo) VALUES (38323, 'Gang Hyeong-Cheol', 'M');
INSERT INTO Modalidades (nome, esporte_id) VALUES ('Shooting Men''s Rapid-Fire Pistol, 25 metres', 3);
INSERT INTO Participacao (atleta_id, time_id, olimpiada_id, modalidade_id, idade, altura, peso, medalha) VALUES (38323, 1, 18, 183, 22.0, 172.0, 71.0, null);
INSERT INTO Atletas (id, nome, sexo) VALUES (38324, 'Gang Il-Gu', 'M');
INSERT INTO Participacao (atleta_id, time_id, olimpiada_id, modalidade_id, idade, altura, peso, medalha) VALUES (38324, 1, 23, 28, 24.0, 184.0, 85.0, null);
INSERT INTO Participacao (atleta_id, time_id, olimpiada_id, modalidade_id, idade, altura, peso, medalha) VALUES (38324, 1, 16, 28, 32.0, 184.0, 85.0, null);
INSERT INTO Atletas (id, nome, sexo) VALUES (38325, 'Gang In-Seok', 'M');
INSERT INTO Participacao (atleta_id, time_id, olimpiada_id, modalidade_id, idade, altura, peso, medalha) VALUES (38325, 1, 8, 63, 21.0, null, null, null);
INSERT INTO Atletas (id, nome, sexo) VALUES (38326, 'Gang Jae-Won', 'M');
INSERT INTO Participacao (atleta_id, time_id, olimpiada_id, modalidade_id, idade, altura, peso, medalha) VALUES (38326, 1, 5, 28, 18.0, 184.0, 75.0, null);
INSERT INTO Participacao (atleta_id, time_id, olimpiada_id, modalidade_id, idade, altura, peso, medalha) VALUES (38326, 1, 6, 28, 22.0, 184.0, 75.0, 'Silver');
INSERT INTO Participacao (atleta_id, time_id, olimpiada_id, modalidade_id, idade, altura, peso, medalha) VALUES (38326, 1, 12, 28, 26.0, 184.0, 75.0, null);
INSERT INTO Atletas (id, nome, sexo) VALUES (38327, 'Gang Jeong-Ho', 'M');
INSERT INTO Participacao (atleta_id, time_id, olimpiada_id, modalidade_id, idade, altura, peso, medalha) VALUES (38327, 1, 15, 138, 21.0, 168.0, 62.0, null);
INSERT INTO Atletas (id, nome, sexo) VALUES (38328, 'Gang Ji-Eun', 'F');
INSERT INTO Modalidades (nome, esporte_id) VALUES ('Shooting Women''s Trap', 3);
INSERT INTO Participacao (atleta_id, time_id, olimpiada_id, modalidade_id, idade, altura, peso, medalha) VALUES (38328, 1, 24, 184, 21.0, 163.0, 55.0, null);
INSERT INTO Atletas (id, nome, sexo) VALUES (38329, 'Gang Ji-Suk', 'F');
INSERT INTO Participacao (atleta_id, time_id, olimpiada_id, modalidade_id, idade, altura, peso, medalha) VALUES (38329, 1, 23, 33, 21.0, 198.0, 82.0, null);
INSERT INTO Participacao (atleta_id, time_id, olimpiada_id, modalidade_id, idade, altura, peso, medalha) VALUES (38329, 1, 18, 33, 25.0, 198.0, 82.0, null);
INSERT INTO Atletas (id, nome, sexo) VALUES (38330, 'Gang Jun-Ho', 'M');
INSERT INTO Participacao (atleta_id, time_id, olimpiada_id, modalidade_id, idade, altura, peso, medalha) VALUES (38330, 1, 26, 55, 24.0, null, null, 'Bronze');
INSERT INTO Atletas (id, nome, sexo) VALUES (38331, 'Gang Man-Gu', 'M');
INSERT INTO Modalidades (nome, esporte_id) VALUES ('Rowing Men''s Coxed Fours', 11);
INSERT INTO Participacao (atleta_id, time_id, olimpiada_id, modalidade_id, idade, altura, peso, medalha) VALUES (38331, 1, 6, 185, 19.0, 187.0, 80.0, null);
INSERT INTO Atletas (id, nome, sexo) VALUES (38332, 'Gang Man-Su', 'M');
INSERT INTO Participacao (atleta_id, time_id, olimpiada_id, modalidade_id, idade, altura, peso, medalha) VALUES (38332, 1, 11, 72, 17.0, 195.0, 95.0, null);
INSERT INTO Participacao (atleta_id, time_id, olimpiada_id, modalidade_id, idade, altura, peso, medalha) VALUES (38332, 1, 13, 72, 20.0, 195.0, 95.0, null);
INSERT INTO Participacao (atleta_id, time_id, olimpiada_id, modalidade_id, idade, altura, peso, medalha) VALUES (38332, 1, 5, 72, 28.0, 195.0, 95.0, null);
INSERT INTO Atletas (id, nome, sexo) VALUES (38333, 'Gang Mi-Suk', 'F');
INSERT INTO Modalidades (nome, esporte_id) VALUES ('Weightlifting Women''s Light-Heavyweight', 19);
INSERT INTO Participacao (atleta_id, time_id, olimpiada_id, modalidade_id, idade, altura, peso, medalha) VALUES (38333, 1, 18, 186, 26.0, 162.0, 69.0, null);
INSERT INTO Atletas (id, nome, sexo) VALUES (38334, 'Gang Mi-Yeong', 'F');
INSERT INTO Participacao (atleta_id, time_id, olimpiada_id, modalidade_id, idade, altura, peso, medalha) VALUES (38334, 1, 2, 27, 15.0, 169.0, 64.0, null);
INSERT INTO Participacao (atleta_id, time_id, olimpiada_id, modalidade_id, idade, altura, peso, medalha) VALUES (38334, 1, 2, 100, 15.0, 169.0, 64.0, null);
INSERT INTO Participacao (atleta_id, time_id, olimpiada_id, modalidade_id, idade, altura, peso, medalha) VALUES (38334, 1, 3, 27, 19.0, 169.0, 64.0, null);
INSERT INTO Participacao (atleta_id, time_id, olimpiada_id, modalidade_id, idade, altura, peso, medalha) VALUES (38334, 1, 3, 100, 19.0, 169.0, 64.0, null);
INSERT INTO Atletas (id, nome, sexo) VALUES (38335, 'Gang Min-Heung', 'F');
INSERT INTO Participacao (atleta_id, time_id, olimpiada_id, modalidade_id, idade, altura, peso, medalha) VALUES (38335, 1, 6, 19, 21.0, 168.0, 68.0, null);
INSERT INTO Atletas (id, nome, sexo) VALUES (38336, 'Gang Min-Ho', 'M');
INSERT INTO Participacao (atleta_id, time_id, olimpiada_id, modalidade_id, idade, altura, peso, medalha) VALUES (38336, 1, 16, 20, 22.0, 185.0, 98.0, 'Gold');
INSERT INTO Atletas (id, nome, sexo) VALUES (38337, 'Gang Min-Hyeok', 'M');
INSERT INTO Participacao (atleta_id, time_id, olimpiada_id, modalidade_id, idade, altura, peso, medalha) VALUES (38337, 1, 19, 85, 20.0, 175.0, 75.0, null);
INSERT INTO Participacao (atleta_id, time_id, olimpiada_id, modalidade_id, idade, altura, peso, medalha) VALUES (38337, 1, 19, 86, 20.0, 175.0, 75.0, null);
INSERT INTO Participacao (atleta_id, time_id, olimpiada_id, modalidade_id, idade, altura, peso, medalha) VALUES (38337, 1, 20, 85, 24.0, 175.0, 75.0, null);
INSERT INTO Participacao (atleta_id, time_id, olimpiada_id, modalidade_id, idade, altura, peso, medalha) VALUES (38337, 1, 20, 86, 24.0, 175.0, 75.0, null);
INSERT INTO Atletas (id, nome, sexo) VALUES (38338, 'Gang Mun-Gwon', 'M');
INSERT INTO Participacao (atleta_id, time_id, olimpiada_id, modalidade_id, idade, altura, peso, medalha) VALUES (38338, 1, 16, 89, 20.0, 175.0, 71.0, null);
INSERT INTO Participacao (atleta_id, time_id, olimpiada_id, modalidade_id, idade, altura, peso, medalha) VALUES (38338, 1, 24, 89, 24.0, 175.0, 71.0, null);
INSERT INTO Atletas (id, nome, sexo) VALUES (38339, 'Gang Mun-Gyu', 'M');
INSERT INTO Participacao (atleta_id, time_id, olimpiada_id, modalidade_id, idade, altura, peso, medalha) VALUES (38339, 1, 24, 89, 24.0, 175.0, 71.0, null);
INSERT INTO Atletas (id, nome, sexo) VALUES (38340, 'Gang Myeong-A', 'F');
INSERT INTO Modalidades (nome, esporte_id) VALUES ('Shooting Women''s Small-Bore Rifle, Three Positions, 50 metres', 3);
INSERT INTO Participacao (atleta_id, time_id, olimpiada_id, modalidade_id, idade, altura, peso, medalha) VALUES (38340, 1, 12, 187, 20.0, null, null, null);
INSERT INTO Atletas (id, nome, sexo) VALUES (38341, 'Gang Pil-Seon', 'M');
INSERT INTO Participacao (atleta_id, time_id, olimpiada_id, modalidade_id, idade, altura, peso, medalha) VALUES (38341, 1, 14, 20, 24.0, 182.0, 83.0, null);
INSERT INTO Atletas (id, nome, sexo) VALUES (38342, 'Gang Seong-Hyeong', 'M');
INSERT INTO Participacao (atleta_id, time_id, olimpiada_id, modalidade_id, idade, altura, peso, medalha) VALUES (38342, 1, 12, 72, 22.0, null, null, null);
INSERT INTO Atletas (id, nome, sexo) VALUES (38343, 'Gang Sin-Yeong', 'F');
INSERT INTO Modalidades (nome, esporte_id) VALUES ('Judo Women''s Lightweight', 2);
INSERT INTO Participacao (atleta_id, time_id, olimpiada_id, modalidade_id, idade, altura, peso, medalha) VALUES (38343, 1, 16, 188, 31.0, 170.0, 57.0, null);
INSERT INTO Atletas (id, nome, sexo) VALUES (38344, 'Gang Su-Il', 'M');
INSERT INTO Participacao (atleta_id, time_id, olimpiada_id, modalidade_id, idade, altura, peso, medalha) VALUES (38344, 1, 7, 90, 21.0, 159.0, 52.0, null);
INSERT INTO Participacao (atleta_id, time_id, olimpiada_id, modalidade_id, idade, altura, peso, medalha) VALUES (38344, 1, 7, 91, 21.0, 159.0, 52.0, null);
INSERT INTO Participacao (atleta_id, time_id, olimpiada_id, modalidade_id, idade, altura, peso, medalha) VALUES (38344, 1, 7, 92, 21.0, 159.0, 52.0, null);
INSERT INTO Participacao (atleta_id, time_id, olimpiada_id, modalidade_id, idade, altura, peso, medalha) VALUES (38344, 1, 7, 93, 21.0, 159.0, 52.0, null);
INSERT INTO Participacao (atleta_id, time_id, olimpiada_id, modalidade_id, idade, altura, peso, medalha) VALUES (38344, 1, 7, 94, 21.0, 159.0, 52.0, null);
INSERT INTO Participacao (atleta_id, time_id, olimpiada_id, modalidade_id, idade, altura, peso, medalha) VALUES (38344, 1, 7, 95, 21.0, 159.0, 52.0, null);
INSERT INTO Participacao (atleta_id, time_id, olimpiada_id, modalidade_id, idade, altura, peso, medalha) VALUES (38344, 1, 7, 96, 21.0, 159.0, 52.0, null);
INSERT INTO Participacao (atleta_id, time_id, olimpiada_id, modalidade_id, idade, altura, peso, medalha) VALUES (38344, 1, 7, 97, 21.0, 159.0, 52.0, null);
INSERT INTO Atletas (id, nome, sexo) VALUES (38345, 'Gang Sun-Deok', 'F');
INSERT INTO Participacao (atleta_id, time_id, olimpiada_id, modalidade_id, idade, altura, peso, medalha) VALUES (38345, 1, 14, 34, 21.0, 160.0, 48.0, null);
INSERT INTO Atletas (id, nome, sexo) VALUES (38346, 'Gang Tae-Gu', 'M');
INSERT INTO Participacao (atleta_id, time_id, olimpiada_id, modalidade_id, idade, altura, peso, medalha) VALUES (38346, 1, 5, 28, 23.0, 176.0, 77.0, null);
INSERT INTO Atletas (id, nome, sexo) VALUES (38347, 'Gang Yeong-Seo', 'F');
INSERT INTO Participacao (atleta_id, time_id, olimpiada_id, modalidade_id, idade, altura, peso, medalha) VALUES (38347, 1, 16, 151, 14.0, 155.0, 39.0, null);
INSERT INTO Atletas (id, nome, sexo) VALUES (38348, 'Gang Yeong-Seo', 'F');
INSERT INTO Modalidades (nome, esporte_id) VALUES ('Alpine Skiing Women''s Slalom', 24);
INSERT INTO Participacao (atleta_id, time_id, olimpiada_id, modalidade_id, idade, altura, peso, medalha) VALUES (38348, 1, 27, 189, 16.0, 168.0, 60.0, null);
INSERT INTO Atletas (id, nome, sexo) VALUES (38349, 'Gang Yun-Mi', 'F');
INSERT INTO Participacao (atleta_id, time_id, olimpiada_id, modalidade_id, idade, altura, peso, medalha) VALUES (38349, 1, 20, 120, 18.0, 155.0, 46.0, null);
INSERT INTO Participacao (atleta_id, time_id, olimpiada_id, modalidade_id, idade, altura, peso, medalha) VALUES (38349, 1, 20, 30, 18.0, 155.0, 46.0, 'Gold');
INSERT INTO Atletas (id, nome, sexo) VALUES (40060, 'Gi Seong-Yong', 'M');
INSERT INTO Participacao (atleta_id, time_id, olimpiada_id, modalidade_id, idade, altura, peso, medalha) VALUES (40060, 1, 16, 56, 19.0, 187.0, 75.0, null);
INSERT INTO Participacao (atleta_id, time_id, olimpiada_id, modalidade_id, idade, altura, peso, medalha) VALUES (40060, 1, 24, 56, 23.0, 187.0, 75.0, 'Bronze');
INSERT INTO Atletas (id, nome, sexo) VALUES (40411, 'Gim Sung-Hee', 'F');
INSERT INTO Participacao (atleta_id, time_id, olimpiada_id, modalidade_id, idade, altura, peso, medalha) VALUES (40411, 1, 16, 21, 25.0, 163.0, 57.0, null);
INSERT INTO Atletas (id, nome, sexo) VALUES (40425, 'Gin Gang-Hwan', 'M');
INSERT INTO Modalidades (nome, esporte_id) VALUES ('Athletics Men''s Hammer Throw', 18);
INSERT INTO Participacao (atleta_id, time_id, olimpiada_id, modalidade_id, idade, altura, peso, medalha) VALUES (40425, 1, 8, 190, 31.0, null, null, null);
INSERT INTO Atletas (id, nome, sexo) VALUES (40877, 'Go Gi-Hyeon', 'F');
INSERT INTO Participacao (atleta_id, time_id, olimpiada_id, modalidade_id, idade, altura, peso, medalha) VALUES (40877, 1, 19, 121, 15.0, 168.0, 58.0, 'Silver');
INSERT INTO Participacao (atleta_id, time_id, olimpiada_id, modalidade_id, idade, altura, peso, medalha) VALUES (40877, 1, 19, 79, 15.0, 168.0, 58.0, 'Gold');
INSERT INTO Atletas (id, nome, sexo) VALUES (40878, 'Go Gwang-Gu', 'M');
INSERT INTO Participacao (atleta_id, time_id, olimpiada_id, modalidade_id, idade, altura, peso, medalha) VALUES (40878, 1, 12, 71, 19.0, null, 53.0, null);
INSERT INTO Participacao (atleta_id, time_id, olimpiada_id, modalidade_id, idade, altura, peso, medalha) VALUES (40878, 1, 14, 71, 23.0, null, 53.0, null);
INSERT INTO Atletas (id, nome, sexo) VALUES (40879, 'Go Gwang-Min', 'F');
INSERT INTO Participacao (atleta_id, time_id, olimpiada_id, modalidade_id, idade, altura, peso, medalha) VALUES (40879, 1, 18, 21, 23.0, 165.0, 58.0, null);
INSERT INTO Atletas (id, nome, sexo) VALUES (40880, 'Go Gwang-Seon', 'M');
INSERT INTO Participacao (atleta_id, time_id, olimpiada_id, modalidade_id, idade, altura, peso, medalha) VALUES (40880, 1, 6, 29, 19.0, 187.0, 88.0, null);
INSERT INTO Atletas (id, nome, sexo) VALUES (40881, 'Go Gyeong-Du', 'M');
INSERT INTO Modalidades (nome, esporte_id) VALUES ('Judo Men''s Heavyweight', 2);
INSERT INTO Participacao (atleta_id, time_id, olimpiada_id, modalidade_id, idade, altura, peso, medalha) VALUES (40881, 1, 23, 191, 28.0, 180.0, 120.0, null);
INSERT INTO Atletas (id, nome, sexo) VALUES (40882, 'Go Gyeong-Su', 'M');
INSERT INTO Participacao (atleta_id, time_id, olimpiada_id, modalidade_id, idade, altura, peso, medalha) VALUES (40882, 1, 16, 28, 23.0, 182.0, 78.0, null);
INSERT INTO Participacao (atleta_id, time_id, olimpiada_id, modalidade_id, idade, altura, peso, medalha) VALUES (40882, 1, 24, 28, 27.0, 182.0, 78.0, null);
INSERT INTO Atletas (id, nome, sexo) VALUES (40883, 'Go Jeong-Jeon', 'F');
INSERT INTO Participacao (atleta_id, time_id, olimpiada_id, modalidade_id, idade, altura, peso, medalha) VALUES (40883, 1, 14, 136, 24.0, 168.0, 59.0, null);
INSERT INTO Participacao (atleta_id, time_id, olimpiada_id, modalidade_id, idade, altura, peso, medalha) VALUES (40883, 1, 14, 122, 24.0, 168.0, 59.0, null);
INSERT INTO Participacao (atleta_id, time_id, olimpiada_id, modalidade_id, idade, altura, peso, medalha) VALUES (40883, 1, 23, 136, 29.0, 168.0, 59.0, null);
INSERT INTO Atletas (id, nome, sexo) VALUES (40884, 'Go Jin-Won', 'M');
INSERT INTO Participacao (atleta_id, time_id, olimpiada_id, modalidade_id, idade, altura, peso, medalha) VALUES (40884, 1, 13, 78, 19.0, 170.0, 68.0, null);
INSERT INTO Atletas (id, nome, sexo) VALUES (40885, 'Go Jong-Su', 'M');
INSERT INTO Participacao (atleta_id, time_id, olimpiada_id, modalidade_id, idade, altura, peso, medalha) VALUES (40885, 1, 23, 56, 21.0, 175.0, 72.0, null);
INSERT INTO Atletas (id, nome, sexo) VALUES (40886, 'Go Jung-Nam', 'F');
INSERT INTO Participacao (atleta_id, time_id, olimpiada_id, modalidade_id, idade, altura, peso, medalha) VALUES (40886, 1, 18, 122, 28.0, 164.0, 56.0, null);
INSERT INTO Atletas (id, nome, sexo) VALUES (40887, 'Go Nak-Chun', 'M');
INSERT INTO Participacao (atleta_id, time_id, olimpiada_id, modalidade_id, idade, altura, peso, medalha) VALUES (40887, 1, 6, 111, 25.0, 174.0, 76.0, null);
INSERT INTO Participacao (atleta_id, time_id, olimpiada_id, modalidade_id, idade, altura, peso, medalha) VALUES (40887, 1, 6, 112, 25.0, 174.0, 76.0, null);
INSERT INTO Atletas (id, nome, sexo) VALUES (40888, 'Go Saeng-Geun', 'M');
INSERT INTO Participacao (atleta_id, time_id, olimpiada_id, modalidade_id, idade, altura, peso, medalha) VALUES (40888, 1, 11, 55, 21.0, 168.0, 54.0, null);
INSERT INTO Atletas (id, nome, sexo) VALUES (40889, 'Go Se-Tae', 'M');
INSERT INTO Participacao (atleta_id, time_id, olimpiada_id, modalidade_id, idade, altura, peso, medalha) VALUES (40889, 1, 9, 12, null, 182.0, 90.0, null);
INSERT INTO Atletas (id, nome, sexo) VALUES (40890, 'Go Seok-Chang', 'M');
INSERT INTO Participacao (atleta_id, time_id, olimpiada_id, modalidade_id, idade, altura, peso, medalha) VALUES (40890, 1, 5, 28, 21.0, 187.0, 82.0, null);
INSERT INTO Participacao (atleta_id, time_id, olimpiada_id, modalidade_id, idade, altura, peso, medalha) VALUES (40890, 1, 6, 28, 25.0, 187.0, 82.0, 'Silver');
INSERT INTO Atletas (id, nome, sexo) VALUES (40891, 'Go Seong-Hyeon', 'M');
INSERT INTO Modalidades (nome, esporte_id) VALUES ('Badminton Mixed Doubles', 22);
INSERT INTO Participacao (atleta_id, time_id, olimpiada_id, modalidade_id, idade, altura, peso, medalha) VALUES (40891, 1, 4, 192, 29.0, 182.0, 85.0, null);
INSERT INTO Atletas (id, nome, sexo) VALUES (40893, 'Go Un-Ho', 'M');
INSERT INTO Modalidades (nome, esporte_id) VALUES ('Swimming Men''s 100 metres Freestyle', 17);
INSERT INTO Participacao (atleta_id, time_id, olimpiada_id, modalidade_id, idade, altura, peso, medalha) VALUES (40893, 1, 14, 193, 17.0, null, null, null);
INSERT INTO Modalidades (nome, esporte_id) VALUES ('Swimming Men''s 200 metres Freestyle', 17);
INSERT INTO Participacao (atleta_id, time_id, olimpiada_id, modalidade_id, idade, altura, peso, medalha) VALUES (40893, 1, 14, 194, 17.0, null, null, null);
INSERT INTO Modalidades (nome, esporte_id) VALUES ('Swimming Men''s 4 x 200 metres Freestyle Relay', 17);
INSERT INTO Participacao (atleta_id, time_id, olimpiada_id, modalidade_id, idade, altura, peso, medalha) VALUES (40893, 1, 14, 195, 17.0, null, null, null);
INSERT INTO Modalidades (nome, esporte_id) VALUES ('Swimming Men''s 4 x 100 metres Medley Relay', 17);
INSERT INTO Participacao (atleta_id, time_id, olimpiada_id, modalidade_id, idade, altura, peso, medalha) VALUES (40893, 1, 14, 196, 17.0, null, null, null);
INSERT INTO Atletas (id, nome, sexo) VALUES (40894, 'Go Yeong-Chang', 'M');
INSERT INTO Participacao (atleta_id, time_id, olimpiada_id, modalidade_id, idade, altura, peso, medalha) VALUES (40894, 1, 15, 110, 34.0, 167.0, 75.0, null);
INSERT INTO Atletas (id, nome, sexo) VALUES (40895, 'Go Yeong-Ho', 'M');
INSERT INTO Participacao (atleta_id, time_id, olimpiada_id, modalidade_id, idade, altura, peso, medalha) VALUES (40895, 1, 12, 78, 26.0, null, null, null);
INSERT INTO Atletas (id, nome, sexo) VALUES (40896, 'Go Yeong-Hui', 'F');
INSERT INTO Participacao (atleta_id, time_id, olimpiada_id, modalidade_id, idade, altura, peso, medalha) VALUES (40896, 1, 5, 187, 28.0, 159.0, 47.0, null);
INSERT INTO Atletas (id, nome, sexo) VALUES (40897, 'Go Yeong-Min', 'M');
INSERT INTO Participacao (atleta_id, time_id, olimpiada_id, modalidade_id, idade, altura, peso, medalha) VALUES (40897, 1, 16, 20, 24.0, 182.0, 73.0, 'Gold');
INSERT INTO Atletas (id, nome, sexo) VALUES (40898, 'Go Yeong-Sam', 'M');
INSERT INTO Participacao (atleta_id, time_id, olimpiada_id, modalidade_id, idade, altura, peso, medalha) VALUES (40898, 1, 14, 64, 25.0, 179.0, 91.0, null);
INSERT INTO Atletas (id, nome, sexo) VALUES (40899, 'Go Yo-Da', 'M');
INSERT INTO Participacao (atleta_id, time_id, olimpiada_id, modalidade_id, idade, altura, peso, medalha) VALUES (40899, 1, 12, 124, 22.0, null, null, null);
INSERT INTO Atletas (id, nome, sexo) VALUES (41415, 'Gong Hyeon-A', 'F');
INSERT INTO Participacao (atleta_id, time_id, olimpiada_id, modalidade_id, idade, altura, peso, medalha) VALUES (41415, 1, 14, 187, 24.0, null, null, null);
INSERT INTO Atletas (id, nome, sexo) VALUES (41416, 'Gong Ja-Yeong', 'F');
INSERT INTO Participacao (atleta_id, time_id, olimpiada_id, modalidade_id, idade, altura, peso, medalha) VALUES (41416, 1, 16, 70, 23.0, 165.0, 65.0, null);
INSERT INTO Atletas (id, nome, sexo) VALUES (41417, 'Gong Jeong-Bae', 'F');
INSERT INTO Modalidades (nome, esporte_id) VALUES ('Rowing Women''s Coxless Pairs', 11);
INSERT INTO Participacao (atleta_id, time_id, olimpiada_id, modalidade_id, idade, altura, peso, medalha) VALUES (41417, 1, 6, 197, 20.0, 176.0, 70.0, null);
INSERT INTO Atletas (id, nome, sexo) VALUES (41424, 'Gong Sang-Jeong', 'F');
INSERT INTO Participacao (atleta_id, time_id, olimpiada_id, modalidade_id, idade, altura, peso, medalha) VALUES (41424, 1, 27, 30, 17.0, 161.0, 50.0, 'Gold');
INSERT INTO Atletas (id, nome, sexo) VALUES (43412, 'Gu Bon-Gil', 'M');
INSERT INTO Modalidades (nome, esporte_id) VALUES ('Fencing Men''s Sabre, Individual', 27);
INSERT INTO Participacao (atleta_id, time_id, olimpiada_id, modalidade_id, idade, altura, peso, medalha) VALUES (43412, 1, 24, 198, 23.0, 182.0, 70.0, null);
INSERT INTO Modalidades (nome, esporte_id) VALUES ('Fencing Men''s Sabre, Team', 27);
INSERT INTO Participacao (atleta_id, time_id, olimpiada_id, modalidade_id, idade, altura, peso, medalha) VALUES (43412, 1, 24, 199, 23.0, 182.0, 70.0, 'Gold');
INSERT INTO Participacao (atleta_id, time_id, olimpiada_id, modalidade_id, idade, altura, peso, medalha) VALUES (43412, 1, 4, 198, 27.0, 182.0, 70.0, null);
INSERT INTO Atletas (id, nome, sexo) VALUES (43413, 'Gu Dae-Seong', 'M');
INSERT INTO Participacao (atleta_id, time_id, olimpiada_id, modalidade_id, idade, altura, peso, medalha) VALUES (43413, 1, 23, 20, 31.0, 183.0, 82.0, 'Bronze');
INSERT INTO Atletas (id, nome, sexo) VALUES (43414, 'Gu Gi-Ran', 'F');
INSERT INTO Participacao (atleta_id, time_id, olimpiada_id, modalidade_id, idade, altura, peso, medalha) VALUES (43414, 1, 23, 18, 23.0, 170.0, 64.0, null);
INSERT INTO Atletas (id, nome, sexo) VALUES (43415, 'Gu Gyo-Dong', 'M');
INSERT INTO Modalidades (nome, esporte_id) VALUES ('Fencing Men''s epee, Team', 27);
INSERT INTO Participacao (atleta_id, time_id, olimpiada_id, modalidade_id, idade, altura, peso, medalha) VALUES (43415, 1, 12, 200, 19.0, null, null, null);
INSERT INTO Atletas (id, nome, sexo) VALUES (43416, 'Gu Hyeon-Suk', 'F');
INSERT INTO Participacao (atleta_id, time_id, olimpiada_id, modalidade_id, idade, altura, peso, medalha) VALUES (43416, 1, 12, 70, 23.0, null, null, null);
INSERT INTO Atletas (id, nome, sexo) VALUES (43417, 'Gu Hyo-Jin', 'F');
INSERT INTO Participacao (atleta_id, time_id, olimpiada_id, modalidade_id, idade, altura, peso, medalha) VALUES (43417, 1, 23, 69, 15.0, 158.0, 53.0, null);
INSERT INTO Participacao (atleta_id, time_id, olimpiada_id, modalidade_id, idade, altura, peso, medalha) VALUES (43417, 1, 23, 82, 15.0, 158.0, 53.0, null);
INSERT INTO Atletas (id, nome, sexo) VALUES (43418, 'Gu Ja-Cheol', 'M');
INSERT INTO Participacao (atleta_id, time_id, olimpiada_id, modalidade_id, idade, altura, peso, medalha) VALUES (43418, 1, 24, 56, 23.0, 182.0, 83.0, 'Bronze');
INSERT INTO Atletas (id, nome, sexo) VALUES (43419, 'Gu Ja-Cheong', 'M');
INSERT INTO Participacao (atleta_id, time_id, olimpiada_id, modalidade_id, idade, altura, peso, medalha) VALUES (43419, 1, 5, 153, 17.0, 173.0, 68.0, null);
INSERT INTO Atletas (id, nome, sexo) VALUES (43421, 'Gu Jin-Su', 'M');
INSERT INTO Participacao (atleta_id, time_id, olimpiada_id, modalidade_id, idade, altura, peso, medalha) VALUES (43421, 1, 14, 89, 28.0, null, null, null);
INSERT INTO Atletas (id, nome, sexo) VALUES (43425, 'Gu Min-Jeong', 'F');
INSERT INTO Participacao (atleta_id, time_id, olimpiada_id, modalidade_id, idade, altura, peso, medalha) VALUES (43425, 1, 23, 18, 27.0, 181.0, 73.0, null);
INSERT INTO Participacao (atleta_id, time_id, olimpiada_id, modalidade_id, idade, altura, peso, medalha) VALUES (43425, 1, 18, 18, 30.0, 181.0, 73.0, null);
INSERT INTO Atletas (id, nome, sexo) VALUES (43426, 'Gu Mun-Yeong', 'F');
INSERT INTO Participacao (atleta_id, time_id, olimpiada_id, modalidade_id, idade, altura, peso, medalha) VALUES (43426, 1, 12, 21, 21.0, null, null, null);
INSERT INTO Atletas (id, nome, sexo) VALUES (43427, 'Gu Sang-Beom', 'M');
INSERT INTO Participacao (atleta_id, time_id, olimpiada_id, modalidade_id, idade, altura, peso, medalha) VALUES (43427, 1, 6, 56, 24.0, 175.0, 70.0, null);
INSERT INTO Atletas (id, nome, sexo) VALUES (43428, 'Gu Seong-Eun', 'F');
INSERT INTO Participacao (atleta_id, time_id, olimpiada_id, modalidade_id, idade, altura, peso, medalha) VALUES (43428, 1, 16, 123, 23.0, 166.0, 55.0, null);
INSERT INTO Atletas (id, nome, sexo) VALUES (43429, 'Gu Sung-Yun', 'M');
INSERT INTO Participacao (atleta_id, time_id, olimpiada_id, modalidade_id, idade, altura, peso, medalha) VALUES (43429, 1, 4, 56, 22.0, 195.0, 82.0, null);
INSERT INTO Atletas (id, nome, sexo) VALUES (43775, 'Guk In-Suk', 'F');
INSERT INTO Participacao (atleta_id, time_id, olimpiada_id, modalidade_id, idade, altura, peso, medalha) VALUES (43775, 1, 6, 19, 22.0, 172.0, 66.0, null);
INSERT INTO Atletas (id, nome, sexo) VALUES (44311, 'Gwag Yong-Ja', 'F');
INSERT INTO Participacao (atleta_id, time_id, olimpiada_id, modalidade_id, idade, altura, peso, medalha) VALUES (44311, 1, 7, 18, 17.0, 167.0, 60.0, null);
INSERT INTO Atletas (id, nome, sexo) VALUES (44312, 'Gwak Dae-Seong', 'M');
INSERT INTO Participacao (atleta_id, time_id, olimpiada_id, modalidade_id, idade, altura, peso, medalha) VALUES (44312, 1, 14, 6, 23.0, null, null, 'Silver');
INSERT INTO Atletas (id, nome, sexo) VALUES (44313, 'Gwak Dong-Han', 'M');
INSERT INTO Participacao (atleta_id, time_id, olimpiada_id, modalidade_id, idade, altura, peso, medalha) VALUES (44313, 1, 4, 147, 24.0, 183.0, 90.0, 'Bronze');
INSERT INTO Atletas (id, nome, sexo) VALUES (44314, 'Gwak Gyeong-Geun', 'M');
INSERT INTO Participacao (atleta_id, time_id, olimpiada_id, modalidade_id, idade, altura, peso, medalha) VALUES (44314, 1, 12, 56, 19.0, null, null, null);
INSERT INTO Atletas (id, nome, sexo) VALUES (44315, 'Gwak Hyeon-Chae', 'M');
INSERT INTO Participacao (atleta_id, time_id, olimpiada_id, modalidade_id, idade, altura, peso, medalha) VALUES (44315, 1, 10, 12, 21.0, 184.0, 73.0, null);
INSERT INTO Atletas (id, nome, sexo) VALUES (44316, 'Gwak Jeong-Hun', 'M');
INSERT INTO Participacao (atleta_id, time_id, olimpiada_id, modalidade_id, idade, altura, peso, medalha) VALUES (44316, 1, 5, 58, 26.0, 169.0, 67.0, null);
INSERT INTO Participacao (atleta_id, time_id, olimpiada_id, modalidade_id, idade, altura, peso, medalha) VALUES (44316, 1, 6, 58, 30.0, 169.0, 67.0, null);
INSERT INTO Atletas (id, nome, sexo) VALUES (44317, 'Gwak Min-Jeong', 'F');
INSERT INTO Participacao (atleta_id, time_id, olimpiada_id, modalidade_id, idade, altura, peso, medalha) VALUES (44317, 1, 17, 87, 16.0, 159.0, 41.0, null);
INSERT INTO Atletas (id, nome, sexo) VALUES (44318, 'Gwak Yun-Gi', 'M');
INSERT INTO Participacao (atleta_id, time_id, olimpiada_id, modalidade_id, idade, altura, peso, medalha) VALUES (44318, 1, 17, 40, 20.0, 164.0, 57.0, null);
INSERT INTO Participacao (atleta_id, time_id, olimpiada_id, modalidade_id, idade, altura, peso, medalha) VALUES (44318, 1, 17, 41, 20.0, 164.0, 57.0, 'Silver');
INSERT INTO Atletas (id, nome, sexo) VALUES (44323, 'Gwon Chang-Suk', 'F');
INSERT INTO Participacao (atleta_id, time_id, olimpiada_id, modalidade_id, idade, altura, peso, medalha) VALUES (44323, 1, 12, 21, 21.0, null, null, null);
INSERT INTO Participacao (atleta_id, time_id, olimpiada_id, modalidade_id, idade, altura, peso, medalha) VALUES (44323, 1, 14, 21, 25.0, null, null, 'Silver');
INSERT INTO Atletas (id, nome, sexo) VALUES (44324, 'Gwon Deog-Yong', 'M');
INSERT INTO Modalidades (nome, esporte_id) VALUES ('Wrestling Men''s Light-Flyweight, Greco-Roman', 7);
INSERT INTO Participacao (atleta_id, time_id, olimpiada_id, modalidade_id, idade, altura, peso, medalha) VALUES (44324, 1, 6, 201, 26.0, 155.0, 52.0, null);
INSERT INTO Participacao (atleta_id, time_id, olimpiada_id, modalidade_id, idade, altura, peso, medalha) VALUES (44324, 1, 12, 201, 29.0, 155.0, 52.0, null);
INSERT INTO Atletas (id, nome, sexo) VALUES (44325, 'Gwon Eun-Jeong', 'F');
INSERT INTO Participacao (atleta_id, time_id, olimpiada_id, modalidade_id, idade, altura, peso, medalha) VALUES (44325, 1, 14, 33, 21.0, 175.0, 68.0, null);
INSERT INTO Atletas (id, nome, sexo) VALUES (44326, 'Gwon Gyeong-Min', 'M');
INSERT INTO Modalidades (nome, esporte_id) VALUES ('Diving Men''s Platform', 30);
INSERT INTO Participacao (atleta_id, time_id, olimpiada_id, modalidade_id, idade, altura, peso, medalha) VALUES (44326, 1, 14, 202, 14.0, 165.0, 60.0, null);
INSERT INTO Modalidades (nome, esporte_id) VALUES ('Diving Men''s Springboard', 30);
INSERT INTO Participacao (atleta_id, time_id, olimpiada_id, modalidade_id, idade, altura, peso, medalha) VALUES (44326, 1, 23, 203, 18.0, 165.0, 60.0, null);
INSERT INTO Atletas (id, nome, sexo) VALUES (44327, 'Gwon Han-Na', 'F');
INSERT INTO Participacao (atleta_id, time_id, olimpiada_id, modalidade_id, idade, altura, peso, medalha) VALUES (44327, 1, 24, 26, 22.0, 173.0, 65.0, null);
INSERT INTO Participacao (atleta_id, time_id, olimpiada_id, modalidade_id, idade, altura, peso, medalha) VALUES (44327, 1, 4, 26, 26.0, 173.0, 65.0, null);
INSERT INTO Atletas (id, nome, sexo) VALUES (44328, 'Gwon Hyeok', 'M');
INSERT INTO Participacao (atleta_id, time_id, olimpiada_id, modalidade_id, idade, altura, peso, medalha) VALUES (44328, 1, 16, 20, 24.0, 187.0, 90.0, 'Gold');
INSERT INTO Atletas (id, nome, sexo) VALUES (44329, 'Gwon Ik-Hyeon', 'M');
INSERT INTO Participacao (atleta_id, time_id, olimpiada_id, modalidade_id, idade, altura, peso, medalha) VALUES (44329, 1, 8, 10, 28.0, null, null, null);
INSERT INTO Participacao (atleta_id, time_id, olimpiada_id, modalidade_id, idade, altura, peso, medalha) VALUES (44329, 1, 26, 10, 32.0, null, null, null);
INSERT INTO Modalidades (nome, esporte_id) VALUES ('Cycling Men''s Road Race, Team', 5);
INSERT INTO Participacao (atleta_id, time_id, olimpiada_id, modalidade_id, idade, altura, peso, medalha) VALUES (44329, 1, 26, 204, 32.0, null, null, null);
INSERT INTO Atletas (id, nome, sexo) VALUES (44330, 'Gwon Jung-Hyeon', 'M');
INSERT INTO Participacao (atleta_id, time_id, olimpiada_id, modalidade_id, idade, altura, peso, medalha) VALUES (44330, 1, 10, 10, 26.0, 170.0, 65.0, null);
INSERT INTO Participacao (atleta_id, time_id, olimpiada_id, modalidade_id, idade, altura, peso, medalha) VALUES (44330, 1, 10, 174, 26.0, 170.0, 65.0, null);
INSERT INTO Modalidades (nome, esporte_id) VALUES ('Cycling Men''s Individual Pursuit, 4,000 metres', 5);
INSERT INTO Participacao (atleta_id, time_id, olimpiada_id, modalidade_id, idade, altura, peso, medalha) VALUES (44330, 1, 10, 205, 26.0, 170.0, 65.0, null);
INSERT INTO Atletas (id, nome, sexo) VALUES (44331, 'Gwon Sang-Won', 'M');
INSERT INTO Participacao (atleta_id, time_id, olimpiada_id, modalidade_id, idade, altura, peso, medalha) VALUES (44331, 1, 6, 193, 19.0, 178.0, 72.0, null);
INSERT INTO Participacao (atleta_id, time_id, olimpiada_id, modalidade_id, idade, altura, peso, medalha) VALUES (44331, 1, 6, 194, 19.0, 178.0, 72.0, null);
INSERT INTO Modalidades (nome, esporte_id) VALUES ('Swimming Men''s 4 x 100 metres Freestyle Relay', 17);
INSERT INTO Participacao (atleta_id, time_id, olimpiada_id, modalidade_id, idade, altura, peso, medalha) VALUES (44331, 1, 6, 206, 19.0, 178.0, 72.0, null);
INSERT INTO Participacao (atleta_id, time_id, olimpiada_id, modalidade_id, idade, altura, peso, medalha) VALUES (44331, 1, 6, 195, 19.0, 178.0, 72.0, null);
INSERT INTO Participacao (atleta_id, time_id, olimpiada_id, modalidade_id, idade, altura, peso, medalha) VALUES (44331, 1, 6, 196, 19.0, 178.0, 72.0, null);
INSERT INTO Atletas (id, nome, sexo) VALUES (44332, 'Gwon Seong-Nak', 'M');
INSERT INTO Participacao (atleta_id, time_id, olimpiada_id, modalidade_id, idade, altura, peso, medalha) VALUES (44332, 1, 6, 67, 23.0, 176.0, 64.0, null);
INSERT INTO Atletas (id, nome, sexo) VALUES (44333, 'Gwon Su-Hyeon', 'F');
INSERT INTO Participacao (atleta_id, time_id, olimpiada_id, modalidade_id, idade, altura, peso, medalha) VALUES (44333, 1, 14, 21, 22.0, null, null, 'Silver');
INSERT INTO Atletas (id, nome, sexo) VALUES (44334, 'Gwon Sun-Cheon', 'M');
INSERT INTO Participacao (atleta_id, time_id, olimpiada_id, modalidade_id, idade, altura, peso, medalha) VALUES (44334, 1, 20, 53, 22.0, 181.0, 82.0, null);
INSERT INTO Atletas (id, nome, sexo) VALUES (44335, 'Gwon Sun-Geun', 'M');
INSERT INTO Participacao (atleta_id, time_id, olimpiada_id, modalidade_id, idade, altura, peso, medalha) VALUES (44335, 1, 6, 194, 19.0, 173.0, 67.0, null);
INSERT INTO Participacao (atleta_id, time_id, olimpiada_id, modalidade_id, idade, altura, peso, medalha) VALUES (44335, 1, 6, 75, 19.0, 173.0, 67.0, null);
INSERT INTO Participacao (atleta_id, time_id, olimpiada_id, modalidade_id, idade, altura, peso, medalha) VALUES (44335, 1, 6, 206, 19.0, 173.0, 67.0, null);
INSERT INTO Participacao (atleta_id, time_id, olimpiada_id, modalidade_id, idade, altura, peso, medalha) VALUES (44335, 1, 6, 195, 19.0, 173.0, 67.0, null);
INSERT INTO Atletas (id, nome, sexo) VALUES (44336, 'Gwon Taeg-Yeol', 'M');
INSERT INTO Participacao (atleta_id, time_id, olimpiada_id, modalidade_id, idade, altura, peso, medalha) VALUES (44336, 1, 6, 57, 30.0, 177.0, 76.0, null);
INSERT INTO Atletas (id, nome, sexo) VALUES (44337, 'Gwon Yu-Ri', 'F');
INSERT INTO Modalidades (nome, esporte_id) VALUES ('Swimming Women''s 800 metres Freestyle', 17);
INSERT INTO Participacao (atleta_id, time_id, olimpiada_id, modalidade_id, idade, altura, peso, medalha) VALUES (44337, 1, 18, 207, 15.0, 167.0, 54.0, null);
INSERT INTO Participacao (atleta_id, time_id, olimpiada_id, modalidade_id, idade, altura, peso, medalha) VALUES (44337, 1, 18, 32, 15.0, 167.0, 54.0, null);
INSERT INTO Atletas (id, nome, sexo) VALUES (44353, 'Gyeong Seong-Hyeon', 'M');
INSERT INTO Participacao (atleta_id, time_id, olimpiada_id, modalidade_id, idade, altura, peso, medalha) VALUES (44353, 1, 27, 85, 23.0, 176.0, 83.0, null);
INSERT INTO Participacao (atleta_id, time_id, olimpiada_id, modalidade_id, idade, altura, peso, medalha) VALUES (44353, 1, 27, 86, 23.0, 176.0, 83.0, null);
INSERT INTO Atletas (id, nome, sexo) VALUES (44413, 'Ha Chang-Deok', 'M');
INSERT INTO Participacao (atleta_id, time_id, olimpiada_id, modalidade_id, idade, altura, peso, medalha) VALUES (44413, 1, 18, 111, 22.0, 180.0, 74.0, null);
INSERT INTO Participacao (atleta_id, time_id, olimpiada_id, modalidade_id, idade, altura, peso, medalha) VALUES (44413, 1, 18, 112, 22.0, 180.0, 74.0, null);
INSERT INTO Atletas (id, nome, sexo) VALUES (44415, 'Ha Eun-Ju', 'F');
INSERT INTO Modalidades (nome, esporte_id) VALUES ('Swimming Women''s 400 metres Freestyle', 17);
INSERT INTO Participacao (atleta_id, time_id, olimpiada_id, modalidade_id, idade, altura, peso, medalha) VALUES (44415, 1, 18, 208, 17.0, 170.0, 53.0, null);
INSERT INTO Atletas (id, nome, sexo) VALUES (44416, 'Ha Hong-Seon', 'M');
INSERT INTO Participacao (atleta_id, time_id, olimpiada_id, modalidade_id, idade, altura, peso, medalha) VALUES (44416, 1, 17, 51, 18.0, 181.0, 73.0, null);
INSERT INTO Modalidades (nome, esporte_id) VALUES ('Speed Skating Men''s Team Pursuit (8 laps)', 15);
INSERT INTO Participacao (atleta_id, time_id, olimpiada_id, modalidade_id, idade, altura, peso, medalha) VALUES (44416, 1, 17, 209, 18.0, 181.0, 73.0, null);
INSERT INTO Atletas (id, nome, sexo) VALUES (44417, 'Ha Hyeong-Ju', 'M');
INSERT INTO Participacao (atleta_id, time_id, olimpiada_id, modalidade_id, idade, altura, peso, medalha) VALUES (44417, 1, 5, 104, 22.0, 184.0, 95.0, 'Gold');
INSERT INTO Participacao (atleta_id, time_id, olimpiada_id, modalidade_id, idade, altura, peso, medalha) VALUES (44417, 1, 6, 104, 26.0, 184.0, 95.0, null);
INSERT INTO Atletas (id, nome, sexo) VALUES (44418, 'Ha Jae-Min', 'M');
INSERT INTO Esportes (nome) VALUES ('Sailing');
INSERT INTO Modalidades (nome, esporte_id) VALUES ('Sailing Men''s One Person Dinghy', 40);
INSERT INTO Participacao (atleta_id, time_id, olimpiada_id, modalidade_id, idade, altura, peso, medalha) VALUES (44418, 1, 16, 210, 19.0, 186.0, 83.0, null);
INSERT INTO Participacao (atleta_id, time_id, olimpiada_id, modalidade_id, idade, altura, peso, medalha) VALUES (44418, 1, 24, 210, 23.0, 186.0, 83.0, null);
INSERT INTO Participacao (atleta_id, time_id, olimpiada_id, modalidade_id, idade, altura, peso, medalha) VALUES (44418, 1, 4, 210, 27.0, 186.0, 83.0, null);
INSERT INTO Atletas (id, nome, sexo) VALUES (44419, 'Ha Jeong-Eun', 'F');
INSERT INTO Participacao (atleta_id, time_id, olimpiada_id, modalidade_id, idade, altura, peso, medalha) VALUES (44419, 1, 24, 192, 25.0, 173.0, 66.0, null);
INSERT INTO Atletas (id, nome, sexo) VALUES (44420, 'Ha Jin-Sik', 'M');
INSERT INTO Participacao (atleta_id, time_id, olimpiada_id, modalidade_id, idade, altura, peso, medalha) VALUES (44420, 1, 6, 29, 21.0, 187.0, 84.0, null);
INSERT INTO Atletas (id, nome, sexo) VALUES (44421, 'Ha Jong-Ho', 'M');
INSERT INTO Modalidades (nome, esporte_id) VALUES ('Boxing Men''s Middleweight', 8);
INSERT INTO Participacao (atleta_id, time_id, olimpiada_id, modalidade_id, idade, altura, peso, medalha) VALUES (44421, 1, 6, 211, 25.0, 180.0, 75.0, null);
INSERT INTO Atletas (id, nome, sexo) VALUES (44422, 'Ha Jong-Hwa', 'M');
INSERT INTO Participacao (atleta_id, time_id, olimpiada_id, modalidade_id, idade, altura, peso, medalha) VALUES (44422, 1, 12, 72, 22.0, null, null, null);
INSERT INTO Participacao (atleta_id, time_id, olimpiada_id, modalidade_id, idade, altura, peso, medalha) VALUES (44422, 1, 14, 72, 26.0, null, null, null);
INSERT INTO Atletas (id, nome, sexo) VALUES (44423, 'Ha Jun-Im', 'F');
INSERT INTO Participacao (atleta_id, time_id, olimpiada_id, modalidade_id, idade, altura, peso, medalha) VALUES (44423, 1, 24, 18, 22.0, 189.0, 74.0, null);
INSERT INTO Atletas (id, nome, sexo) VALUES (44424, 'Ha Seok-Ju', 'M');
INSERT INTO Participacao (atleta_id, time_id, olimpiada_id, modalidade_id, idade, altura, peso, medalha) VALUES (44424, 1, 14, 56, 28.0, 174.0, 72.0, null);
INSERT INTO Atletas (id, nome, sexo) VALUES (44425, 'Ha Su-Gyeong', 'F');
INSERT INTO Participacao (atleta_id, time_id, olimpiada_id, modalidade_id, idade, altura, peso, medalha) VALUES (44425, 1, 6, 139, 19.0, 165.0, 54.0, null);
INSERT INTO Modalidades (nome, esporte_id) VALUES ('Synchronized Swimming Women''s Duet', 32);
INSERT INTO Participacao (atleta_id, time_id, olimpiada_id, modalidade_id, idade, altura, peso, medalha) VALUES (44425, 1, 6, 212, 19.0, 165.0, 54.0, null);
INSERT INTO Atletas (id, nome, sexo) VALUES (44427, 'Ha Tae-Yeon', 'M');
INSERT INTO Participacao (atleta_id, time_id, olimpiada_id, modalidade_id, idade, altura, peso, medalha) VALUES (44427, 1, 14, 68, 20.0, 160.0, 59.0, null);
INSERT INTO Atletas (id, nome, sexo) VALUES (44428, 'Ha Ui-Geon', 'M');
INSERT INTO Participacao (atleta_id, time_id, olimpiada_id, modalidade_id, idade, altura, peso, medalha) VALUES (44428, 1, 7, 12, 21.0, 189.0, 80.0, null);
INSERT INTO Participacao (atleta_id, time_id, olimpiada_id, modalidade_id, idade, altura, peso, medalha) VALUES (44428, 1, 10, 12, 25.0, 189.0, 80.0, null);
INSERT INTO Atletas (id, nome, sexo) VALUES (45159, 'Ham Chan-Mi', 'F');
INSERT INTO Participacao (atleta_id, time_id, olimpiada_id, modalidade_id, idade, altura, peso, medalha) VALUES (45159, 1, 24, 151, 18.0, 172.0, 59.0, null);
INSERT INTO Atletas (id, nome, sexo) VALUES (45160, 'Ham Deog-Won', 'M');
INSERT INTO Modalidades (nome, esporte_id) VALUES ('Wrestling Men''s Super-Heavyweight, Freestyle', 7);
INSERT INTO Participacao (atleta_id, time_id, olimpiada_id, modalidade_id, idade, altura, peso, medalha) VALUES (45160, 1, 6, 213, 27.0, 182.0, 103.0, null);
INSERT INTO Atletas (id, nome, sexo) VALUES (45163, 'Ham Jeong-Uk', 'M');
INSERT INTO Modalidades (nome, esporte_id) VALUES ('Rowing Men''s Single Sculls', 11);
INSERT INTO Participacao (atleta_id, time_id, olimpiada_id, modalidade_id, idade, altura, peso, medalha) VALUES (45163, 1, 18, 214, 19.0, 190.0, 86.0, null);
INSERT INTO Atletas (id, nome, sexo) VALUES (45164, 'Ham Sang-Myeong', 'M');
INSERT INTO Participacao (atleta_id, time_id, olimpiada_id, modalidade_id, idade, altura, peso, medalha) VALUES (45164, 1, 4, 55, 20.0, 168.0, 56.0, null);
INSERT INTO Atletas (id, nome, sexo) VALUES (45417, 'Han Byeong-Guk', 'M');
INSERT INTO Participacao (atleta_id, time_id, olimpiada_id, modalidade_id, idade, altura, peso, medalha) VALUES (45417, 1, 14, 89, 25.0, null, null, null);
INSERT INTO Atletas (id, nome, sexo) VALUES (45420, 'Han Chung-Sik', 'M');
INSERT INTO Participacao (atleta_id, time_id, olimpiada_id, modalidade_id, idade, altura, peso, medalha) VALUES (45420, 1, 5, 90, 23.0, 165.0, 60.0, null);
INSERT INTO Participacao (atleta_id, time_id, olimpiada_id, modalidade_id, idade, altura, peso, medalha) VALUES (45420, 1, 5, 91, 23.0, 165.0, 60.0, null);
INSERT INTO Participacao (atleta_id, time_id, olimpiada_id, modalidade_id, idade, altura, peso, medalha) VALUES (45420, 1, 5, 92, 23.0, 165.0, 60.0, null);
INSERT INTO Participacao (atleta_id, time_id, olimpiada_id, modalidade_id, idade, altura, peso, medalha) VALUES (45420, 1, 5, 93, 23.0, 165.0, 60.0, null);
INSERT INTO Participacao (atleta_id, time_id, olimpiada_id, modalidade_id, idade, altura, peso, medalha) VALUES (45420, 1, 5, 94, 23.0, 165.0, 60.0, null);
INSERT INTO Participacao (atleta_id, time_id, olimpiada_id, modalidade_id, idade, altura, peso, medalha) VALUES (45420, 1, 5, 95, 23.0, 165.0, 60.0, null);
INSERT INTO Participacao (atleta_id, time_id, olimpiada_id, modalidade_id, idade, altura, peso, medalha) VALUES (45420, 1, 5, 96, 23.0, 165.0, 60.0, null);
INSERT INTO Participacao (atleta_id, time_id, olimpiada_id, modalidade_id, idade, altura, peso, medalha) VALUES (45420, 1, 5, 97, 23.0, 165.0, 60.0, null);
INSERT INTO Atletas (id, nome, sexo) VALUES (45422, 'Han Do-Ryeong', 'M');
INSERT INTO Participacao (atleta_id, time_id, olimpiada_id, modalidade_id, idade, altura, peso, medalha) VALUES (45422, 1, 18, 126, 27.0, 178.0, 72.0, null);
INSERT INTO Atletas (id, nome, sexo) VALUES (45425, 'Han Geum-Sil', 'F');
INSERT INTO Participacao (atleta_id, time_id, olimpiada_id, modalidade_id, idade, altura, peso, medalha) VALUES (45425, 1, 6, 21, 20.0, 169.0, 63.0, 'Silver');
INSERT INTO Participacao (atleta_id, time_id, olimpiada_id, modalidade_id, idade, altura, peso, medalha) VALUES (45425, 1, 12, 21, 24.0, 169.0, 63.0, null);
INSERT INTO Atletas (id, nome, sexo) VALUES (45426, 'Han Gi-Beom', 'M');
INSERT INTO Participacao (atleta_id, time_id, olimpiada_id, modalidade_id, idade, altura, peso, medalha) VALUES (45426, 1, 6, 12, 24.0, 207.0, 85.0, null);
INSERT INTO Atletas (id, nome, sexo) VALUES (45427, 'Han Gi-Ju', 'M');
INSERT INTO Participacao (atleta_id, time_id, olimpiada_id, modalidade_id, idade, altura, peso, medalha) VALUES (45427, 1, 16, 20, 21.0, 186.0, 90.0, 'Gold');
INSERT INTO Atletas (id, nome, sexo) VALUES (45428, 'Han Gwang-Ho', 'M');
INSERT INTO Participacao (atleta_id, time_id, olimpiada_id, modalidade_id, idade, altura, peso, medalha) VALUES (45428, 1, 12, 90, 19.0, null, null, null);
INSERT INTO Participacao (atleta_id, time_id, olimpiada_id, modalidade_id, idade, altura, peso, medalha) VALUES (45428, 1, 12, 91, 19.0, null, null, null);
INSERT INTO Participacao (atleta_id, time_id, olimpiada_id, modalidade_id, idade, altura, peso, medalha) VALUES (45428, 1, 12, 92, 19.0, null, null, null);
INSERT INTO Participacao (atleta_id, time_id, olimpiada_id, modalidade_id, idade, altura, peso, medalha) VALUES (45428, 1, 12, 93, 19.0, null, null, null);
INSERT INTO Participacao (atleta_id, time_id, olimpiada_id, modalidade_id, idade, altura, peso, medalha) VALUES (45428, 1, 12, 94, 19.0, null, null, null);
INSERT INTO Participacao (atleta_id, time_id, olimpiada_id, modalidade_id, idade, altura, peso, medalha) VALUES (45428, 1, 12, 95, 19.0, null, null, null);
INSERT INTO Participacao (atleta_id, time_id, olimpiada_id, modalidade_id, idade, altura, peso, medalha) VALUES (45428, 1, 12, 96, 19.0, null, null, null);
INSERT INTO Participacao (atleta_id, time_id, olimpiada_id, modalidade_id, idade, altura, peso, medalha) VALUES (45428, 1, 12, 97, 19.0, null, null, null);
INSERT INTO Atletas (id, nome, sexo) VALUES (45429, 'Han Gwang-Hyeong', 'M');
INSERT INTO Modalidades (nome, esporte_id) VALUES ('Boxing Men''s Flyweight', 8);
INSERT INTO Participacao (atleta_id, time_id, olimpiada_id, modalidade_id, idade, altura, peso, medalha) VALUES (45429, 1, 12, 215, 26.0, null, null, null);
INSERT INTO Atletas (id, nome, sexo) VALUES (45431, 'Han Gyeong-Ae', 'F');
INSERT INTO Participacao (atleta_id, time_id, olimpiada_id, modalidade_id, idade, altura, peso, medalha) VALUES (45431, 1, 5, 18, 22.0, 176.0, 65.0, null);
INSERT INTO Atletas (id, nome, sexo) VALUES (45432, 'Han Gyeong-Im', 'F');
INSERT INTO Participacao (atleta_id, time_id, olimpiada_id, modalidade_id, idade, altura, peso, medalha) VALUES (45432, 1, 6, 45, 17.0, 155.0, 46.0, null);
INSERT INTO Participacao (atleta_id, time_id, olimpiada_id, modalidade_id, idade, altura, peso, medalha) VALUES (45432, 1, 6, 46, 17.0, 155.0, 46.0, null);
INSERT INTO Participacao (atleta_id, time_id, olimpiada_id, modalidade_id, idade, altura, peso, medalha) VALUES (45432, 1, 6, 47, 17.0, 155.0, 46.0, null);
INSERT INTO Participacao (atleta_id, time_id, olimpiada_id, modalidade_id, idade, altura, peso, medalha) VALUES (45432, 1, 6, 48, 17.0, 155.0, 46.0, null);
INSERT INTO Participacao (atleta_id, time_id, olimpiada_id, modalidade_id, idade, altura, peso, medalha) VALUES (45432, 1, 6, 49, 17.0, 155.0, 46.0, null);
INSERT INTO Participacao (atleta_id, time_id, olimpiada_id, modalidade_id, idade, altura, peso, medalha) VALUES (45432, 1, 6, 50, 17.0, 155.0, 46.0, null);
INSERT INTO Atletas (id, nome, sexo) VALUES (45433, 'Han Gyeong-Tae', 'M');
INSERT INTO Participacao (atleta_id, time_id, olimpiada_id, modalidade_id, idade, altura, peso, medalha) VALUES (45433, 1, 18, 28, 29.0, 191.0, 86.0, null);
INSERT INTO Participacao (atleta_id, time_id, olimpiada_id, modalidade_id, idade, altura, peso, medalha) VALUES (45433, 1, 16, 28, 33.0, 191.0, 86.0, null);
INSERT INTO Atletas (id, nome, sexo) VALUES (45435, 'Han Gyu-Cheol', 'M');
INSERT INTO Participacao (atleta_id, time_id, olimpiada_id, modalidade_id, idade, altura, peso, medalha) VALUES (45435, 1, 23, 74, 18.0, 181.0, 75.0, null);
INSERT INTO Modalidades (nome, esporte_id) VALUES ('Swimming Men''s 200 metres Individual Medley', 17);
INSERT INTO Participacao (atleta_id, time_id, olimpiada_id, modalidade_id, idade, altura, peso, medalha) VALUES (45435, 1, 23, 216, 18.0, 181.0, 75.0, null);
INSERT INTO Participacao (atleta_id, time_id, olimpiada_id, modalidade_id, idade, altura, peso, medalha) VALUES (45435, 1, 18, 194, 22.0, 181.0, 75.0, null);
INSERT INTO Atletas (id, nome, sexo) VALUES (45437, 'Han Hwa-Su', 'F');
INSERT INTO Participacao (atleta_id, time_id, olimpiada_id, modalidade_id, idade, altura, peso, medalha) VALUES (45437, 1, 5, 26, 21.0, 167.0, 73.0, 'Silver');
INSERT INTO Atletas (id, nome, sexo) VALUES (45438, 'Han Hye-Ja', 'F');
INSERT INTO Participacao (atleta_id, time_id, olimpiada_id, modalidade_id, idade, altura, peso, medalha) VALUES (45438, 1, 29, 27, 18.0, null, null, null);
INSERT INTO Participacao (atleta_id, time_id, olimpiada_id, modalidade_id, idade, altura, peso, medalha) VALUES (45438, 1, 29, 100, 18.0, null, null, null);
INSERT INTO Participacao (atleta_id, time_id, olimpiada_id, modalidade_id, idade, altura, peso, medalha) VALUES (45438, 1, 29, 61, 18.0, null, null, null);
INSERT INTO Atletas (id, nome, sexo) VALUES (45439, 'Han Hye-Ryeong', 'F');
INSERT INTO Participacao (atleta_id, time_id, olimpiada_id, modalidade_id, idade, altura, peso, medalha) VALUES (45439, 1, 16, 21, 22.0, 163.0, 56.0, null);
INSERT INTO Participacao (atleta_id, time_id, olimpiada_id, modalidade_id, idade, altura, peso, medalha) VALUES (45439, 1, 24, 21, 26.0, 163.0, 56.0, null);
INSERT INTO Participacao (atleta_id, time_id, olimpiada_id, modalidade_id, idade, altura, peso, medalha) VALUES (45439, 1, 4, 21, 30.0, 163.0, 56.0, null);
INSERT INTO Atletas (id, nome, sexo) VALUES (45440, 'Han Hye-Sun', 'F');
INSERT INTO Modalidades (nome, esporte_id) VALUES ('Rowing Women''s Double Sculls', 11);
INSERT INTO Participacao (atleta_id, time_id, olimpiada_id, modalidade_id, idade, altura, peso, medalha) VALUES (45440, 1, 6, 217, 20.0, 168.0, 66.0, null);
INSERT INTO Atletas (id, nome, sexo) VALUES (45441, 'Han Hyeon-Seon', 'F');
INSERT INTO Participacao (atleta_id, time_id, olimpiada_id, modalidade_id, idade, altura, peso, medalha) VALUES (45441, 1, 14, 33, 22.0, 183.0, 69.0, null);
INSERT INTO Atletas (id, nome, sexo) VALUES (45442, 'Han Hyeon-Suk', 'F');
INSERT INTO Participacao (atleta_id, time_id, olimpiada_id, modalidade_id, idade, altura, peso, medalha) VALUES (45442, 1, 6, 26, 18.0, 175.0, 62.0, 'Gold');
INSERT INTO Atletas (id, nome, sexo) VALUES (45443, 'Han Hyeong-Bae', 'M');
INSERT INTO Participacao (atleta_id, time_id, olimpiada_id, modalidade_id, idade, altura, peso, medalha) VALUES (45443, 1, 23, 89, 24.0, 184.0, 82.0, 'Silver');
INSERT INTO Participacao (atleta_id, time_id, olimpiada_id, modalidade_id, idade, altura, peso, medalha) VALUES (45443, 1, 18, 89, 28.0, 184.0, 82.0, null);
INSERT INTO Atletas (id, nome, sexo) VALUES (45444, 'Han Hyeong-Min', 'M');
INSERT INTO Modalidades (nome, esporte_id) VALUES ('Boxing Men''s Light-Welterweight', 8);
INSERT INTO Participacao (atleta_id, time_id, olimpiada_id, modalidade_id, idade, altura, peso, medalha) VALUES (45444, 1, 14, 218, 25.0, 172.0, 64.0, null);
INSERT INTO Atletas (id, nome, sexo) VALUES (45446, 'Han Jang-Seok', 'M');
INSERT INTO Participacao (atleta_id, time_id, olimpiada_id, modalidade_id, idade, altura, peso, medalha) VALUES (45446, 1, 6, 72, 26.0, 189.0, 83.0, null);
INSERT INTO Atletas (id, nome, sexo) VALUES (45447, 'Han Jeong-Guk', 'M');
INSERT INTO Participacao (atleta_id, time_id, olimpiada_id, modalidade_id, idade, altura, peso, medalha) VALUES (45447, 1, 12, 56, 21.0, null, null, null);
INSERT INTO Atletas (id, nome, sexo) VALUES (45448, 'Han Jeong-Mi', 'F');
INSERT INTO Modalidades (nome, esporte_id) VALUES ('Sailing Women''s Two Person Dinghy', 40);
INSERT INTO Participacao (atleta_id, time_id, olimpiada_id, modalidade_id, idade, altura, peso, medalha) VALUES (45448, 1, 6, 219, 20.0, 165.0, 64.0, null);
INSERT INTO Atletas (id, nome, sexo) VALUES (45449, 'Han Ji-Hwan', 'M');
INSERT INTO Participacao (atleta_id, time_id, olimpiada_id, modalidade_id, idade, altura, peso, medalha) VALUES (45449, 1, 23, 5, 23.0, 170.0, 66.0, null);
INSERT INTO Atletas (id, nome, sexo) VALUES (45451, 'Han Jin-Seop', 'M');
INSERT INTO Participacao (atleta_id, time_id, olimpiada_id, modalidade_id, idade, altura, peso, medalha) VALUES (45451, 1, 16, 8, 26.0, 172.0, 70.0, null);
INSERT INTO Participacao (atleta_id, time_id, olimpiada_id, modalidade_id, idade, altura, peso, medalha) VALUES (45451, 1, 16, 57, 26.0, 172.0, 70.0, null);
INSERT INTO Participacao (atleta_id, time_id, olimpiada_id, modalidade_id, idade, altura, peso, medalha) VALUES (45451, 1, 24, 8, 30.0, 172.0, 70.0, null);
INSERT INTO Participacao (atleta_id, time_id, olimpiada_id, modalidade_id, idade, altura, peso, medalha) VALUES (45451, 1, 24, 57, 30.0, 172.0, 70.0, null);
INSERT INTO Participacao (atleta_id, time_id, olimpiada_id, modalidade_id, idade, altura, peso, medalha) VALUES (45451, 1, 24, 58, 30.0, 172.0, 70.0, null);
INSERT INTO Atletas (id, nome, sexo) VALUES (45452, 'Han Jin-Su', 'M');
INSERT INTO Participacao (atleta_id, time_id, olimpiada_id, modalidade_id, idade, altura, peso, medalha) VALUES (45452, 1, 6, 89, 22.0, 173.0, 68.0, null);
INSERT INTO Atletas (id, nome, sexo) VALUES (45458, 'Han Juk-Hui', 'F');
INSERT INTO Modalidades (nome, esporte_id) VALUES ('Athletics Women''s Long Jump', 18);
INSERT INTO Participacao (atleta_id, time_id, olimpiada_id, modalidade_id, idade, altura, peso, medalha) VALUES (45458, 1, 7, 220, 23.0, 160.0, 51.0, null);
INSERT INTO Atletas (id, nome, sexo) VALUES (45463, 'Han Min-Su', 'M');
INSERT INTO Modalidades (nome, esporte_id) VALUES ('Athletics Men''s Shot Put', 18);
INSERT INTO Participacao (atleta_id, time_id, olimpiada_id, modalidade_id, idade, altura, peso, medalha) VALUES (45463, 1, 6, 221, 25.0, 182.0, 108.0, null);
INSERT INTO Atletas (id, nome, sexo) VALUES (45464, 'Han Myeong-Hui', 'F');
INSERT INTO Modalidades (nome, esporte_id) VALUES ('Athletics Women''s 400 metres', 18);
INSERT INTO Participacao (atleta_id, time_id, olimpiada_id, modalidade_id, idade, altura, peso, medalha) VALUES (45464, 1, 7, 222, 18.0, 165.0, 58.0, null);
INSERT INTO Participacao (atleta_id, time_id, olimpiada_id, modalidade_id, idade, altura, peso, medalha) VALUES (45464, 1, 7, 145, 18.0, 165.0, 58.0, null);
INSERT INTO Modalidades (nome, esporte_id) VALUES ('Athletics Women''s 4 x 100 metres Relay', 18);
INSERT INTO Participacao (atleta_id, time_id, olimpiada_id, modalidade_id, idade, altura, peso, medalha) VALUES (45464, 1, 7, 223, 18.0, 165.0, 58.0, null);
INSERT INTO Atletas (id, nome, sexo) VALUES (45465, 'Han Myeong-Mok', 'M');
INSERT INTO Participacao (atleta_id, time_id, olimpiada_id, modalidade_id, idade, altura, peso, medalha) VALUES (45465, 1, 4, 128, 25.0, 160.0, 65.0, null);
INSERT INTO Atletas (id, nome, sexo) VALUES (45466, 'Han Myeong-Seok', 'M');
INSERT INTO Participacao (atleta_id, time_id, olimpiada_id, modalidade_id, idade, altura, peso, medalha) VALUES (45466, 1, 7, 111, 20.0, 170.0, 60.0, null);
INSERT INTO Participacao (atleta_id, time_id, olimpiada_id, modalidade_id, idade, altura, peso, medalha) VALUES (45466, 1, 7, 112, 20.0, 170.0, 60.0, null);
INSERT INTO Modalidades (nome, esporte_id) VALUES ('Fencing Men''s epee, Individual', 27);
INSERT INTO Participacao (atleta_id, time_id, olimpiada_id, modalidade_id, idade, altura, peso, medalha) VALUES (45466, 1, 7, 224, 20.0, 170.0, 60.0, null);
INSERT INTO Participacao (atleta_id, time_id, olimpiada_id, modalidade_id, idade, altura, peso, medalha) VALUES (45466, 1, 7, 200, 20.0, 170.0, 60.0, null);
INSERT INTO Atletas (id, nome, sexo) VALUES (45467, 'Han Myeong-U', 'M');
INSERT INTO Participacao (atleta_id, time_id, olimpiada_id, modalidade_id, idade, altura, peso, medalha) VALUES (45467, 1, 5, 66, 27.0, 170.0, 84.0, null);
INSERT INTO Participacao (atleta_id, time_id, olimpiada_id, modalidade_id, idade, altura, peso, medalha) VALUES (45467, 1, 6, 103, 31.0, 170.0, 84.0, 'Gold');
INSERT INTO Atletas (id, nome, sexo) VALUES (45468, 'Han Myung-Hee', 'M');
INSERT INTO Esportes (nome) VALUES ('Biathlon');
INSERT INTO Modalidades (nome, esporte_id) VALUES ('Biathlon Men''s 10 kilometres Sprint', 41);
INSERT INTO Participacao (atleta_id, time_id, olimpiada_id, modalidade_id, idade, altura, peso, medalha) VALUES (45468, 1, 1, 225, 21.0, null, null, null);
INSERT INTO Modalidades (nome, esporte_id) VALUES ('Biathlon Men''s 20 kilometres', 41);
INSERT INTO Participacao (atleta_id, time_id, olimpiada_id, modalidade_id, idade, altura, peso, medalha) VALUES (45468, 1, 1, 226, 21.0, null, null, null);
INSERT INTO Modalidades (nome, esporte_id) VALUES ('Biathlon Men''s 4 x 7.5 kilometres Relay', 41);
INSERT INTO Participacao (atleta_id, time_id, olimpiada_id, modalidade_id, idade, altura, peso, medalha) VALUES (45468, 1, 1, 227, 21.0, null, null, null);
INSERT INTO Atletas (id, nome, sexo) VALUES (45469, 'Han Na-Gyeong', 'F');
INSERT INTO Participacao (atleta_id, time_id, olimpiada_id, modalidade_id, idade, altura, peso, medalha) VALUES (45469, 1, 24, 207, 19.0, 160.0, 53.0, null);
INSERT INTO Atletas (id, nome, sexo) VALUES (45470, 'Han O-Gyeong', 'F');
INSERT INTO Participacao (atleta_id, time_id, olimpiada_id, modalidade_id, idade, altura, peso, medalha) VALUES (45470, 1, 6, 21, 22.0, 162.0, 57.0, 'Silver');
INSERT INTO Atletas (id, nome, sexo) VALUES (45477, 'Han Sang-Ryong', 'M');
INSERT INTO Participacao (atleta_id, time_id, olimpiada_id, modalidade_id, idade, altura, peso, medalha) VALUES (45477, 1, 8, 24, null, null, null, null);
INSERT INTO Atletas (id, nome, sexo) VALUES (45478, 'Han Seon-Hui', 'F');
INSERT INTO Participacao (atleta_id, time_id, olimpiada_id, modalidade_id, idade, altura, peso, medalha) VALUES (45478, 1, 14, 26, 23.0, 174.0, 65.0, 'Silver');
INSERT INTO Participacao (atleta_id, time_id, olimpiada_id, modalidade_id, idade, altura, peso, medalha) VALUES (45478, 1, 23, 26, 27.0, 174.0, 65.0, null);
INSERT INTO Atletas (id, nome, sexo) VALUES (45479, 'Han Seong-Cheol', 'M');
INSERT INTO Participacao (atleta_id, time_id, olimpiada_id, modalidade_id, idade, altura, peso, medalha) VALUES (45479, 1, 11, 6, 24.0, 169.0, 63.0, null);
INSERT INTO Atletas (id, nome, sexo) VALUES (45480, 'Han Seung-Hun', 'M');
INSERT INTO Participacao (atleta_id, time_id, olimpiada_id, modalidade_id, idade, altura, peso, medalha) VALUES (45480, 1, 12, 153, 19.0, 171.0, 62.0, null);
INSERT INTO Modalidades (nome, esporte_id) VALUES ('Archery Men''s Team', 26);
INSERT INTO Participacao (atleta_id, time_id, olimpiada_id, modalidade_id, idade, altura, peso, medalha) VALUES (45480, 1, 12, 228, 19.0, 171.0, 62.0, null);
INSERT INTO Atletas (id, nome, sexo) VALUES (45481, 'Han Seung-Woo', 'M');
INSERT INTO Participacao (atleta_id, time_id, olimpiada_id, modalidade_id, idade, altura, peso, medalha) VALUES (45481, 1, 4, 22, 33.0, 173.0, 86.0, null);
INSERT INTO Atletas (id, nome, sexo) VALUES (45483, 'Han Song-Hui', 'F');
INSERT INTO Participacao (atleta_id, time_id, olimpiada_id, modalidade_id, idade, altura, peso, medalha) VALUES (45483, 1, 18, 123, 21.0, 158.0, 50.0, null);
INSERT INTO Atletas (id, nome, sexo) VALUES (45484, 'Han Song-I', 'F');
INSERT INTO Participacao (atleta_id, time_id, olimpiada_id, modalidade_id, idade, altura, peso, medalha) VALUES (45484, 1, 18, 18, 19.0, 186.0, 65.0, null);
INSERT INTO Participacao (atleta_id, time_id, olimpiada_id, modalidade_id, idade, altura, peso, medalha) VALUES (45484, 1, 24, 18, 27.0, 186.0, 65.0, null);
INSERT INTO Atletas (id, nome, sexo) VALUES (45485, 'Han Su-An', 'M');
INSERT INTO Participacao (atleta_id, time_id, olimpiada_id, modalidade_id, idade, altura, peso, medalha) VALUES (45485, 1, 8, 215, 22.0, null, null, 'Bronze');
INSERT INTO Participacao (atleta_id, time_id, olimpiada_id, modalidade_id, idade, altura, peso, medalha) VALUES (45485, 1, 26, 215, 26.0, null, null, null);
INSERT INTO Atletas (id, nome, sexo) VALUES (45486, 'Han Sun-Cheol', 'M');
INSERT INTO Participacao (atleta_id, time_id, olimpiada_id, modalidade_id, idade, altura, peso, medalha) VALUES (45486, 1, 16, 55, 23.0, 178.0, 60.0, null);
INSERT INTO Participacao (atleta_id, time_id, olimpiada_id, modalidade_id, idade, altura, peso, medalha) VALUES (45486, 1, 24, 63, 27.0, 178.0, 60.0, 'Silver');
INSERT INTO Atletas (id, nome, sexo) VALUES (45488, 'Han Tae-Young', 'M');
INSERT INTO Modalidades (nome, esporte_id) VALUES ('Wrestling Men''s Heavyweight, Greco-Roman', 7);
INSERT INTO Participacao (atleta_id, time_id, olimpiada_id, modalidade_id, idade, altura, peso, medalha) VALUES (45488, 1, 16, 229, 28.0, 190.0, 96.0, null);
INSERT INTO Atletas (id, nome, sexo) VALUES (45495, 'Han Yeong-Hui', 'F');
INSERT INTO Modalidades (nome, esporte_id) VALUES ('Swimming Women''s 50 metres Freestyle', 17);
INSERT INTO Participacao (atleta_id, time_id, olimpiada_id, modalidade_id, idade, altura, peso, medalha) VALUES (45495, 1, 6, 230, 15.0, 170.0, 51.0, null);
INSERT INTO Modalidades (nome, esporte_id) VALUES ('Swimming Women''s 100 metres Freestyle', 17);
INSERT INTO Participacao (atleta_id, time_id, olimpiada_id, modalidade_id, idade, altura, peso, medalha) VALUES (45495, 1, 6, 231, 15.0, 170.0, 51.0, null);
INSERT INTO Modalidades (nome, esporte_id) VALUES ('Swimming Women''s 4 x 100 metres Freestyle Relay', 17);
INSERT INTO Participacao (atleta_id, time_id, olimpiada_id, modalidade_id, idade, altura, peso, medalha) VALUES (45495, 1, 6, 232, 15.0, 170.0, 51.0, null);
INSERT INTO Participacao (atleta_id, time_id, olimpiada_id, modalidade_id, idade, altura, peso, medalha) VALUES (45495, 1, 6, 82, 15.0, 170.0, 51.0, null);
INSERT INTO Atletas (id, nome, sexo) VALUES (45497, 'Han Yu-Mi', 'F');
INSERT INTO Participacao (atleta_id, time_id, olimpiada_id, modalidade_id, idade, altura, peso, medalha) VALUES (45497, 1, 24, 18, 30.0, 180.0, 65.0, null);
INSERT INTO Atletas (id, nome, sexo) VALUES (45500, 'Han Yun-Su', 'M');
INSERT INTO Participacao (atleta_id, time_id, olimpiada_id, modalidade_id, idade, altura, peso, medalha) VALUES (45500, 1, 12, 90, 19.0, null, null, null);
INSERT INTO Participacao (atleta_id, time_id, olimpiada_id, modalidade_id, idade, altura, peso, medalha) VALUES (45500, 1, 12, 91, 19.0, null, null, null);
INSERT INTO Participacao (atleta_id, time_id, olimpiada_id, modalidade_id, idade, altura, peso, medalha) VALUES (45500, 1, 12, 92, 19.0, null, null, null);
INSERT INTO Participacao (atleta_id, time_id, olimpiada_id, modalidade_id, idade, altura, peso, medalha) VALUES (45500, 1, 12, 93, 19.0, null, null, null);
INSERT INTO Participacao (atleta_id, time_id, olimpiada_id, modalidade_id, idade, altura, peso, medalha) VALUES (45500, 1, 12, 94, 19.0, null, null, null);
INSERT INTO Participacao (atleta_id, time_id, olimpiada_id, modalidade_id, idade, altura, peso, medalha) VALUES (45500, 1, 12, 95, 19.0, null, null, null);
INSERT INTO Participacao (atleta_id, time_id, olimpiada_id, modalidade_id, idade, altura, peso, medalha) VALUES (45500, 1, 12, 96, 19.0, null, null, null);
INSERT INTO Participacao (atleta_id, time_id, olimpiada_id, modalidade_id, idade, altura, peso, medalha) VALUES (45500, 1, 12, 97, 19.0, null, null, null);
INSERT INTO Participacao (atleta_id, time_id, olimpiada_id, modalidade_id, idade, altura, peso, medalha) VALUES (45500, 1, 14, 90, 23.0, null, null, null);
INSERT INTO Participacao (atleta_id, time_id, olimpiada_id, modalidade_id, idade, altura, peso, medalha) VALUES (45500, 1, 14, 91, 23.0, null, null, null);
INSERT INTO Participacao (atleta_id, time_id, olimpiada_id, modalidade_id, idade, altura, peso, medalha) VALUES (45500, 1, 14, 92, 23.0, null, null, null);
INSERT INTO Participacao (atleta_id, time_id, olimpiada_id, modalidade_id, idade, altura, peso, medalha) VALUES (45500, 1, 14, 93, 23.0, null, null, null);
INSERT INTO Participacao (atleta_id, time_id, olimpiada_id, modalidade_id, idade, altura, peso, medalha) VALUES (45500, 1, 14, 94, 23.0, null, null, null);
INSERT INTO Participacao (atleta_id, time_id, olimpiada_id, modalidade_id, idade, altura, peso, medalha) VALUES (45500, 1, 14, 95, 23.0, null, null, null);
INSERT INTO Participacao (atleta_id, time_id, olimpiada_id, modalidade_id, idade, altura, peso, medalha) VALUES (45500, 1, 14, 96, 23.0, null, null, null);
INSERT INTO Participacao (atleta_id, time_id, olimpiada_id, modalidade_id, idade, altura, peso, medalha) VALUES (45500, 1, 14, 97, 23.0, null, null, null);
INSERT INTO Atletas (id, nome, sexo) VALUES (47799, 'Heo Byeong-Ho', 'M');
INSERT INTO Participacao (atleta_id, time_id, olimpiada_id, modalidade_id, idade, altura, peso, medalha) VALUES (47799, 1, 6, 13, 21.0, 163.0, 60.0, null);
INSERT INTO Participacao (atleta_id, time_id, olimpiada_id, modalidade_id, idade, altura, peso, medalha) VALUES (47799, 1, 12, 14, 25.0, 163.0, 60.0, null);
INSERT INTO Atletas (id, nome, sexo) VALUES (47800, 'Heo Chang-Beom', 'M');
INSERT INTO Participacao (atleta_id, time_id, olimpiada_id, modalidade_id, idade, altura, peso, medalha) VALUES (47800, 1, 7, 110, 23.0, 177.0, 75.0, null);
INSERT INTO Atletas (id, nome, sexo) VALUES (47801, 'Heo Heung-Cheol', 'M');
INSERT INTO Participacao (atleta_id, time_id, olimpiada_id, modalidade_id, idade, altura, peso, medalha) VALUES (47801, 1, 7, 56, 33.0, 175.0, 69.0, null);
INSERT INTO Atletas (id, nome, sexo) VALUES (47802, 'Heo Jae', 'M');
INSERT INTO Participacao (atleta_id, time_id, olimpiada_id, modalidade_id, idade, altura, peso, medalha) VALUES (47802, 1, 6, 12, 22.0, 188.0, 79.0, null);
INSERT INTO Participacao (atleta_id, time_id, olimpiada_id, modalidade_id, idade, altura, peso, medalha) VALUES (47802, 1, 14, 12, 30.0, 188.0, 79.0, null);
INSERT INTO Atletas (id, nome, sexo) VALUES (47803, 'Heo Jun', 'M');
INSERT INTO Participacao (atleta_id, time_id, olimpiada_id, modalidade_id, idade, altura, peso, medalha) VALUES (47803, 1, 4, 111, 28.0, 168.0, 64.0, null);
INSERT INTO Atletas (id, nome, sexo) VALUES (47804, 'Heo Min-Ho', 'M');
INSERT INTO Esportes (nome) VALUES ('Triathlon');
INSERT INTO Modalidades (nome, esporte_id) VALUES ('Triathlon Men''s Olympic Distance', 42);
INSERT INTO Participacao (atleta_id, time_id, olimpiada_id, modalidade_id, idade, altura, peso, medalha) VALUES (47804, 1, 24, 233, 22.0, 177.0, 64.0, null);
INSERT INTO Atletas (id, nome, sexo) VALUES (47805, 'Heo Sang-Nyeong', 'M');
INSERT INTO Participacao (atleta_id, time_id, olimpiada_id, modalidade_id, idade, altura, peso, medalha) VALUES (47805, 1, 6, 89, 21.0, 170.0, 72.0, null);
INSERT INTO Atletas (id, nome, sexo) VALUES (47806, 'Heo Seon-Mi', 'F');
INSERT INTO Participacao (atleta_id, time_id, olimpiada_id, modalidade_id, idade, altura, peso, medalha) VALUES (47806, 1, 24, 45, 17.0, 155.0, 40.0, null);
INSERT INTO Participacao (atleta_id, time_id, olimpiada_id, modalidade_id, idade, altura, peso, medalha) VALUES (47806, 1, 24, 47, 17.0, 155.0, 40.0, null);
INSERT INTO Participacao (atleta_id, time_id, olimpiada_id, modalidade_id, idade, altura, peso, medalha) VALUES (47806, 1, 24, 49, 17.0, 155.0, 40.0, null);
INSERT INTO Participacao (atleta_id, time_id, olimpiada_id, modalidade_id, idade, altura, peso, medalha) VALUES (47806, 1, 24, 50, 17.0, 155.0, 40.0, null);
INSERT INTO Atletas (id, nome, sexo) VALUES (47807, 'Heo Sun-Yeong', 'F');
INSERT INTO Participacao (atleta_id, time_id, olimpiada_id, modalidade_id, idade, altura, peso, medalha) VALUES (47807, 1, 14, 26, 20.0, 180.0, 71.0, 'Silver');
INSERT INTO Participacao (atleta_id, time_id, olimpiada_id, modalidade_id, idade, altura, peso, medalha) VALUES (47807, 1, 23, 26, 24.0, 180.0, 71.0, null);
INSERT INTO Participacao (atleta_id, time_id, olimpiada_id, modalidade_id, idade, altura, peso, medalha) VALUES (47807, 1, 18, 26, 28.0, 180.0, 71.0, 'Silver');
INSERT INTO Participacao (atleta_id, time_id, olimpiada_id, modalidade_id, idade, altura, peso, medalha) VALUES (47807, 1, 16, 26, 32.0, 180.0, 71.0, 'Bronze');
INSERT INTO Atletas (id, nome, sexo) VALUES (47808, 'Heo Uk-Bong', 'M');
INSERT INTO Participacao (atleta_id, time_id, olimpiada_id, modalidade_id, idade, altura, peso, medalha) VALUES (47808, 1, 7, 57, 30.0, 168.0, 63.0, null);
INSERT INTO Participacao (atleta_id, time_id, olimpiada_id, modalidade_id, idade, altura, peso, medalha) VALUES (47808, 1, 7, 58, 30.0, 168.0, 63.0, null);
INSERT INTO Atletas (id, nome, sexo) VALUES (47809, 'Heo Yeong-Mo', 'M');
INSERT INTO Participacao (atleta_id, time_id, olimpiada_id, modalidade_id, idade, altura, peso, medalha) VALUES (47809, 1, 5, 215, 19.0, 170.0, 51.0, null);
INSERT INTO Atletas (id, nome, sexo) VALUES (47810, 'Heo Yeong-Suk', 'F');
INSERT INTO Participacao (atleta_id, time_id, olimpiada_id, modalidade_id, idade, altura, peso, medalha) VALUES (47810, 1, 23, 26, 25.0, 170.0, 61.0, null);
INSERT INTO Participacao (atleta_id, time_id, olimpiada_id, modalidade_id, idade, altura, peso, medalha) VALUES (47810, 1, 18, 26, 29.0, 170.0, 61.0, 'Silver');
INSERT INTO Atletas (id, nome, sexo) VALUES (47811, 'Heo Yun-Ja', 'F');
INSERT INTO Participacao (atleta_id, time_id, olimpiada_id, modalidade_id, idade, altura, peso, medalha) VALUES (47811, 1, 18, 33, 25.0, 183.0, 73.0, null);
INSERT INTO Atletas (id, nome, sexo) VALUES (49650, 'Hom Mu-Won', 'M');
INSERT INTO Modalidades (nome, esporte_id) VALUES ('Boxing Men''s Light-Flyweight', 8);
INSERT INTO Participacao (atleta_id, time_id, olimpiada_id, modalidade_id, idade, altura, peso, medalha) VALUES (49650, 1, 18, 234, 22.0, 165.0, 48.0, null);
INSERT INTO Atletas (id, nome, sexo) VALUES (49711, 'Hong Byung-Sik', 'M');
INSERT INTO Participacao (atleta_id, time_id, olimpiada_id, modalidade_id, idade, altura, peso, medalha) VALUES (49711, 1, 22, 226, 18.0, null, null, null);
INSERT INTO Participacao (atleta_id, time_id, olimpiada_id, modalidade_id, idade, altura, peso, medalha) VALUES (49711, 1, 22, 227, 18.0, null, null, null);
INSERT INTO Participacao (atleta_id, time_id, olimpiada_id, modalidade_id, idade, altura, peso, medalha) VALUES (49711, 1, 1, 225, 22.0, null, null, null);
INSERT INTO Participacao (atleta_id, time_id, olimpiada_id, modalidade_id, idade, altura, peso, medalha) VALUES (49711, 1, 1, 226, 22.0, null, null, null);
INSERT INTO Participacao (atleta_id, time_id, olimpiada_id, modalidade_id, idade, altura, peso, medalha) VALUES (49711, 1, 1, 227, 22.0, null, null, null);
INSERT INTO Atletas (id, nome, sexo) VALUES (49712, 'Hong Cha-Ok', 'F');
INSERT INTO Participacao (atleta_id, time_id, olimpiada_id, modalidade_id, idade, altura, peso, medalha) VALUES (49712, 1, 6, 166, 18.0, 165.0, 54.0, null);
INSERT INTO Atletas (id, nome, sexo) VALUES (49713, 'Hong Deog-Yeong', 'M');
INSERT INTO Participacao (atleta_id, time_id, olimpiada_id, modalidade_id, idade, altura, peso, medalha) VALUES (49713, 1, 8, 56, 22.0, null, null, null);
INSERT INTO Atletas (id, nome, sexo) VALUES (49714, 'Hong Eun-Seong', 'M');
INSERT INTO Participacao (atleta_id, time_id, olimpiada_id, modalidade_id, idade, altura, peso, medalha) VALUES (49714, 1, 16, 89, 25.0, 172.0, 72.0, null);
INSERT INTO Participacao (atleta_id, time_id, olimpiada_id, modalidade_id, idade, altura, peso, medalha) VALUES (49714, 1, 24, 89, 29.0, 172.0, 72.0, null);
INSERT INTO Atletas (id, nome, sexo) VALUES (49715, 'Hong Gi-Il', 'M');
INSERT INTO Participacao (atleta_id, time_id, olimpiada_id, modalidade_id, idade, altura, peso, medalha) VALUES (49715, 1, 23, 28, 26.0, 183.0, 78.0, null);
INSERT INTO Atletas (id, nome, sexo) VALUES (49716, 'Hong Gyeong-Seop', 'M');
INSERT INTO Participacao (atleta_id, time_id, olimpiada_id, modalidade_id, idade, altura, peso, medalha) VALUES (49716, 1, 14, 89, 25.0, null, null, null);
INSERT INTO Atletas (id, nome, sexo) VALUES (49717, 'Hong Hyeon-Hui', 'F');
INSERT INTO Participacao (atleta_id, time_id, olimpiada_id, modalidade_id, idade, altura, peso, medalha) VALUES (49717, 1, 18, 33, 22.0, 191.0, 65.0, null);
INSERT INTO Atletas (id, nome, sexo) VALUES (49718, 'Hong In-Gi', 'M');
INSERT INTO Olimpiadas (jogos, ano, estacao, cidade) VALUES ('1980 Winter', 1980, 'Winter', 'Lake Placid');
INSERT INTO Participacao (atleta_id, time_id, olimpiada_id, modalidade_id, idade, altura, peso, medalha) VALUES (49718, 1, 32, 158, 18.0, null, null, null);
INSERT INTO Participacao (atleta_id, time_id, olimpiada_id, modalidade_id, idade, altura, peso, medalha) VALUES (49718, 1, 32, 85, 18.0, null, null, null);
INSERT INTO Participacao (atleta_id, time_id, olimpiada_id, modalidade_id, idade, altura, peso, medalha) VALUES (49718, 1, 32, 86, 18.0, null, null, null);
INSERT INTO Atletas (id, nome, sexo) VALUES (49719, 'Hong Jae-Ho', 'M');
INSERT INTO Modalidades (nome, esporte_id) VALUES ('Rowing Men''s Coxless Fours', 11);
INSERT INTO Participacao (atleta_id, time_id, olimpiada_id, modalidade_id, idade, altura, peso, medalha) VALUES (49719, 1, 6, 235, 20.0, 183.0, 84.0, null);
INSERT INTO Atletas (id, nome, sexo) VALUES (49720, 'Hong Jeong-Ho', 'F');
INSERT INTO Participacao (atleta_id, time_id, olimpiada_id, modalidade_id, idade, altura, peso, medalha) VALUES (49720, 1, 12, 26, 18.0, 178.0, 72.0, 'Gold');
INSERT INTO Participacao (atleta_id, time_id, olimpiada_id, modalidade_id, idade, altura, peso, medalha) VALUES (49720, 1, 14, 26, 22.0, 178.0, 72.0, 'Silver');
INSERT INTO Participacao (atleta_id, time_id, olimpiada_id, modalidade_id, idade, altura, peso, medalha) VALUES (49720, 1, 16, 26, 34.0, 178.0, 72.0, 'Bronze');
INSERT INTO Atletas (id, nome, sexo) VALUES (49721, 'Hong Ji-Hui', 'F');
INSERT INTO Participacao (atleta_id, time_id, olimpiada_id, modalidade_id, idade, altura, peso, medalha) VALUES (49721, 1, 6, 161, 15.0, 158.0, 43.0, null);
INSERT INTO Participacao (atleta_id, time_id, olimpiada_id, modalidade_id, idade, altura, peso, medalha) VALUES (49721, 1, 6, 151, 15.0, 158.0, 43.0, null);
INSERT INTO Participacao (atleta_id, time_id, olimpiada_id, modalidade_id, idade, altura, peso, medalha) VALUES (49721, 1, 6, 82, 15.0, 158.0, 43.0, null);
INSERT INTO Atletas (id, nome, sexo) VALUES (49722, 'Hong Ji-Yeon', 'F');
INSERT INTO Participacao (atleta_id, time_id, olimpiada_id, modalidade_id, idade, altura, peso, medalha) VALUES (49722, 1, 14, 18, 25.0, null, null, null);
INSERT INTO Atletas (id, nome, sexo) VALUES (49723, 'Hong Jong-O', 'M');
INSERT INTO Participacao (atleta_id, time_id, olimpiada_id, modalidade_id, idade, altura, peso, medalha) VALUES (49723, 1, 8, 67, 23.0, null, null, null);
INSERT INTO Participacao (atleta_id, time_id, olimpiada_id, modalidade_id, idade, altura, peso, medalha) VALUES (49723, 1, 26, 67, 27.0, null, null, null);
INSERT INTO Atletas (id, nome, sexo) VALUES (49725, 'Hong Kun-Pyo', 'M');
INSERT INTO Participacao (atleta_id, time_id, olimpiada_id, modalidade_id, idade, altura, peso, medalha) VALUES (49725, 1, 22, 108, 22.0, null, null, null);
INSERT INTO Participacao (atleta_id, time_id, olimpiada_id, modalidade_id, idade, altura, peso, medalha) VALUES (49725, 1, 22, 2, 22.0, null, null, null);
INSERT INTO Modalidades (nome, esporte_id) VALUES ('Cross Country Skiing Men''s 50 kilometres', 1);
INSERT INTO Participacao (atleta_id, time_id, olimpiada_id, modalidade_id, idade, altura, peso, medalha) VALUES (49725, 1, 22, 236, 22.0, null, null, null);
INSERT INTO Participacao (atleta_id, time_id, olimpiada_id, modalidade_id, idade, altura, peso, medalha) VALUES (49725, 1, 22, 4, 22.0, null, null, null);
INSERT INTO Atletas (id, nome, sexo) VALUES (49726, 'Hong Nam-Seon', 'F');
INSERT INTO Participacao (atleta_id, time_id, olimpiada_id, modalidade_id, idade, altura, peso, medalha) VALUES (49726, 1, 7, 18, 19.0, 168.0, 60.0, null);
INSERT INTO Atletas (id, nome, sexo) VALUES (49728, 'Hong Seok-Han', 'M');
INSERT INTO Participacao (atleta_id, time_id, olimpiada_id, modalidade_id, idade, altura, peso, medalha) VALUES (49728, 1, 14, 175, 20.0, 173.0, 78.0, null);
INSERT INTO Participacao (atleta_id, time_id, olimpiada_id, modalidade_id, idade, altura, peso, medalha) VALUES (49728, 1, 18, 169, 28.0, 173.0, 78.0, null);
INSERT INTO Atletas (id, nome, sexo) VALUES (49729, 'Hong Seong-Heun', 'M');
INSERT INTO Participacao (atleta_id, time_id, olimpiada_id, modalidade_id, idade, altura, peso, medalha) VALUES (49729, 1, 23, 20, 23.0, 180.0, 90.0, 'Bronze');
INSERT INTO Atletas (id, nome, sexo) VALUES (49730, 'Hong Seong-Hui', 'F');
INSERT INTO Esportes (nome) VALUES ('Rhythmic Gymnastics');
INSERT INTO Modalidades (nome, esporte_id) VALUES ('Rhythmic Gymnastics Women''s Individual', 43);
INSERT INTO Participacao (atleta_id, time_id, olimpiada_id, modalidade_id, idade, altura, peso, medalha) VALUES (49730, 1, 6, 237, 19.0, 163.0, 48.0, null);
INSERT INTO Atletas (id, nome, sexo) VALUES (49731, 'Hong Seong-Ik', 'M');
INSERT INTO Participacao (atleta_id, time_id, olimpiada_id, modalidade_id, idade, altura, peso, medalha) VALUES (49731, 1, 7, 11, 24.0, 170.0, 65.0, null);
INSERT INTO Atletas (id, nome, sexo) VALUES (49732, 'Hong Seong-Sik', 'M');
INSERT INTO Participacao (atleta_id, time_id, olimpiada_id, modalidade_id, idade, altura, peso, medalha) VALUES (49732, 1, 12, 63, 24.0, null, null, 'Bronze');
INSERT INTO Atletas (id, nome, sexo) VALUES (49733, 'Hong Seung-Pyo', 'M');
INSERT INTO Modalidades (nome, esporte_id) VALUES ('Shooting Men''s Running Target, 50 metres', 3);
INSERT INTO Participacao (atleta_id, time_id, olimpiada_id, modalidade_id, idade, altura, peso, medalha) VALUES (49733, 1, 6, 238, 26.0, 175.0, 65.0, null);
INSERT INTO Atletas (id, nome, sexo) VALUES (49738, 'Hong Sun-Bo', 'M');
INSERT INTO Participacao (atleta_id, time_id, olimpiada_id, modalidade_id, idade, altura, peso, medalha) VALUES (49738, 1, 6, 150, 20.0, 174.0, 72.0, null);
INSERT INTO Atletas (id, nome, sexo) VALUES (49739, 'Hong Sun-Hwa', 'F');
INSERT INTO Participacao (atleta_id, time_id, olimpiada_id, modalidade_id, idade, altura, peso, medalha) VALUES (49739, 1, 12, 166, 24.0, null, null, null);
INSERT INTO Atletas (id, nome, sexo) VALUES (49744, 'Hong Yeong-Mi', 'F');
INSERT INTO Participacao (atleta_id, time_id, olimpiada_id, modalidade_id, idade, altura, peso, medalha) VALUES (49744, 1, 6, 123, 20.0, 165.0, 58.0, null);
INSERT INTO Atletas (id, nome, sexo) VALUES (49745, 'Hong Yeong-Ok', 'F');
INSERT INTO Participacao (atleta_id, time_id, olimpiada_id, modalidade_id, idade, altura, peso, medalha) VALUES (49745, 1, 6, 36, 17.0, 164.0, 63.0, null);
INSERT INTO Atletas (id, nome, sexo) VALUES (49746, 'Hong Yeong-Seung', 'M');
INSERT INTO Participacao (atleta_id, time_id, olimpiada_id, modalidade_id, idade, altura, peso, medalha) VALUES (49746, 1, 6, 112, 25.0, 175.0, 67.0, null);
INSERT INTO Atletas (id, nome, sexo) VALUES (49748, 'Hong Yoo-Jin', 'F');
INSERT INTO Participacao (atleta_id, time_id, olimpiada_id, modalidade_id, idade, altura, peso, medalha) VALUES (49748, 1, 4, 21, 27.0, 166.0, 65.0, null);
INSERT INTO Atletas (id, nome, sexo) VALUES (50563, 'Hu In-Jeong', 'M');
INSERT INTO Participacao (atleta_id, time_id, olimpiada_id, modalidade_id, idade, altura, peso, medalha) VALUES (50563, 1, 23, 72, 26.0, 198.0, 86.0, null);
INSERT INTO Atletas (id, nome, sexo) VALUES (50907, 'Huh Yun-Jeong', 'M');
INSERT INTO Participacao (atleta_id, time_id, olimpiada_id, modalidade_id, idade, altura, peso, medalha) VALUES (50907, 1, 7, 56, 28.0, 175.0, 70.0, null);
INSERT INTO Atletas (id, nome, sexo) VALUES (51116, 'Hur Seung-Wook', 'M');
INSERT INTO Participacao (atleta_id, time_id, olimpiada_id, modalidade_id, idade, altura, peso, medalha) VALUES (51116, 1, 22, 159, 15.0, 173.0, 89.0, null);
INSERT INTO Participacao (atleta_id, time_id, olimpiada_id, modalidade_id, idade, altura, peso, medalha) VALUES (51116, 1, 22, 85, 15.0, 173.0, 89.0, null);
INSERT INTO Participacao (atleta_id, time_id, olimpiada_id, modalidade_id, idade, altura, peso, medalha) VALUES (51116, 1, 22, 86, 15.0, 173.0, 89.0, null);
INSERT INTO Participacao (atleta_id, time_id, olimpiada_id, modalidade_id, idade, altura, peso, medalha) VALUES (51116, 1, 1, 159, 19.0, 173.0, 89.0, null);
INSERT INTO Participacao (atleta_id, time_id, olimpiada_id, modalidade_id, idade, altura, peso, medalha) VALUES (51116, 1, 1, 85, 19.0, 173.0, 89.0, null);
INSERT INTO Participacao (atleta_id, time_id, olimpiada_id, modalidade_id, idade, altura, peso, medalha) VALUES (51116, 1, 1, 86, 19.0, 173.0, 89.0, null);
INSERT INTO Participacao (atleta_id, time_id, olimpiada_id, modalidade_id, idade, altura, peso, medalha) VALUES (51116, 1, 1, 160, 19.0, 173.0, 89.0, null);
INSERT INTO Participacao (atleta_id, time_id, olimpiada_id, modalidade_id, idade, altura, peso, medalha) VALUES (51116, 1, 2, 85, 21.0, 173.0, 89.0, null);
INSERT INTO Participacao (atleta_id, time_id, olimpiada_id, modalidade_id, idade, altura, peso, medalha) VALUES (51116, 1, 2, 86, 21.0, 173.0, 89.0, null);
INSERT INTO Participacao (atleta_id, time_id, olimpiada_id, modalidade_id, idade, altura, peso, medalha) VALUES (51116, 1, 3, 85, 25.0, 173.0, 89.0, null);
INSERT INTO Participacao (atleta_id, time_id, olimpiada_id, modalidade_id, idade, altura, peso, medalha) VALUES (51116, 1, 3, 86, 25.0, 173.0, 89.0, null);
INSERT INTO Participacao (atleta_id, time_id, olimpiada_id, modalidade_id, idade, altura, peso, medalha) VALUES (51116, 1, 19, 85, 29.0, 173.0, 89.0, null);
INSERT INTO Participacao (atleta_id, time_id, olimpiada_id, modalidade_id, idade, altura, peso, medalha) VALUES (51116, 1, 19, 86, 29.0, 173.0, 89.0, null);
INSERT INTO Atletas (id, nome, sexo) VALUES (51362, 'Hwang Byeong-Gwan', 'M');
INSERT INTO Participacao (atleta_id, time_id, olimpiada_id, modalidade_id, idade, altura, peso, medalha) VALUES (51362, 1, 8, 66, null, null, null, null);
INSERT INTO Atletas (id, nome, sexo) VALUES (51363, 'Hwang Byung-Dae', 'M');
INSERT INTO Participacao (atleta_id, time_id, olimpiada_id, modalidade_id, idade, altura, peso, medalha) VALUES (51363, 1, 32, 108, 19.0, null, null, null);
INSERT INTO Participacao (atleta_id, time_id, olimpiada_id, modalidade_id, idade, altura, peso, medalha) VALUES (51363, 1, 32, 2, 19.0, null, null, null);
INSERT INTO Participacao (atleta_id, time_id, olimpiada_id, modalidade_id, idade, altura, peso, medalha) VALUES (51363, 1, 21, 225, 23.0, null, null, null);
INSERT INTO Participacao (atleta_id, time_id, olimpiada_id, modalidade_id, idade, altura, peso, medalha) VALUES (51363, 1, 21, 226, 23.0, null, null, null);
INSERT INTO Atletas (id, nome, sexo) VALUES (51364, 'Hwang Chang-Ho', 'M');
INSERT INTO Participacao (atleta_id, time_id, olimpiada_id, modalidade_id, idade, altura, peso, medalha) VALUES (51364, 1, 14, 78, 25.0, 175.0, 70.0, null);
INSERT INTO Atletas (id, nome, sexo) VALUES (51365, 'Hwang Chang-Sik', 'M');
INSERT INTO Participacao (atleta_id, time_id, olimpiada_id, modalidade_id, idade, altura, peso, medalha) VALUES (51365, 1, 7, 10, 21.0, 175.0, 65.0, null);
INSERT INTO Atletas (id, nome, sexo) VALUES (51366, 'Hwang Cheol-Sun', 'M');
INSERT INTO Participacao (atleta_id, time_id, olimpiada_id, modalidade_id, idade, altura, peso, medalha) VALUES (51366, 1, 13, 55, 18.0, 170.0, 57.0, null);
INSERT INTO Atletas (id, nome, sexo) VALUES (51368, 'Hwang Geum-Suk', 'F');
INSERT INTO Participacao (atleta_id, time_id, olimpiada_id, modalidade_id, idade, altura, peso, medalha) VALUES (51368, 1, 6, 21, 22.0, 164.0, 55.0, 'Silver');
INSERT INTO Atletas (id, nome, sexo) VALUES (51369, 'Hwang Gyeong-Seon', 'F');
INSERT INTO Esportes (nome) VALUES ('Taekwondo');
INSERT INTO Modalidades (nome, esporte_id) VALUES ('Taekwondo Women''s Welterweight', 44);
INSERT INTO Participacao (atleta_id, time_id, olimpiada_id, modalidade_id, idade, altura, peso, medalha) VALUES (51369, 1, 18, 239, 18.0, 175.0, 67.0, 'Bronze');
INSERT INTO Participacao (atleta_id, time_id, olimpiada_id, modalidade_id, idade, altura, peso, medalha) VALUES (51369, 1, 16, 239, 22.0, 175.0, 67.0, 'Gold');
INSERT INTO Participacao (atleta_id, time_id, olimpiada_id, modalidade_id, idade, altura, peso, medalha) VALUES (51369, 1, 24, 239, 26.0, 175.0, 67.0, 'Gold');
INSERT INTO Atletas (id, nome, sexo) VALUES (51370, 'Hwang Gyu-Dong', 'M');
INSERT INTO Modalidades (nome, esporte_id) VALUES ('Weightlifting Men''s Bantamweight', 19);
INSERT INTO Participacao (atleta_id, time_id, olimpiada_id, modalidade_id, idade, altura, peso, medalha) VALUES (51370, 1, 23, 240, 24.0, 155.0, 56.0, null);
INSERT INTO Atletas (id, nome, sexo) VALUES (51371, 'Hwang Gyu-Ok', 'F');
INSERT INTO Participacao (atleta_id, time_id, olimpiada_id, modalidade_id, idade, altura, peso, medalha) VALUES (51371, 1, 10, 18, 20.0, 168.0, 60.0, null);
INSERT INTO Atletas (id, nome, sexo) VALUES (51373, 'Hwang Hee-Chan', 'M');
INSERT INTO Participacao (atleta_id, time_id, olimpiada_id, modalidade_id, idade, altura, peso, medalha) VALUES (51373, 1, 4, 56, 20.0, 177.0, 70.0, null);
INSERT INTO Atletas (id, nome, sexo) VALUES (51374, 'Hwang Ho-Dong', 'M');
INSERT INTO Modalidades (nome, esporte_id) VALUES ('Weightlifting Men''s Middle-Heavyweight', 19);
INSERT INTO Participacao (atleta_id, time_id, olimpiada_id, modalidade_id, idade, altura, peso, medalha) VALUES (51374, 1, 15, 241, 23.0, 180.0, 90.0, null);
INSERT INTO Participacao (atleta_id, time_id, olimpiada_id, modalidade_id, idade, altura, peso, medalha) VALUES (51374, 1, 7, 140, 27.0, 180.0, 90.0, null);
INSERT INTO Participacao (atleta_id, time_id, olimpiada_id, modalidade_id, idade, altura, peso, medalha) VALUES (51374, 1, 10, 140, 31.0, 180.0, 90.0, null);
INSERT INTO Atletas (id, nome, sexo) VALUES (51375, 'Hwang Hong-Cheol', 'M');
INSERT INTO Modalidades (nome, esporte_id) VALUES ('Athletics Men''s 400 metres Hurdles', 18);
INSERT INTO Participacao (atleta_id, time_id, olimpiada_id, modalidade_id, idade, altura, peso, medalha) VALUES (51375, 1, 6, 242, 22.0, 181.0, 78.0, null);
INSERT INTO Modalidades (nome, esporte_id) VALUES ('Athletics Men''s 4 x 400 metres Relay', 18);
INSERT INTO Participacao (atleta_id, time_id, olimpiada_id, modalidade_id, idade, altura, peso, medalha) VALUES (51375, 1, 6, 243, 22.0, 181.0, 78.0, null);
INSERT INTO Atletas (id, nome, sexo) VALUES (51376, 'Hwang Hui-Tae', 'M');
INSERT INTO Participacao (atleta_id, time_id, olimpiada_id, modalidade_id, idade, altura, peso, medalha) VALUES (51376, 1, 18, 147, 26.0, 175.0, 100.0, null);
INSERT INTO Participacao (atleta_id, time_id, olimpiada_id, modalidade_id, idade, altura, peso, medalha) VALUES (51376, 1, 24, 104, 34.0, 175.0, 100.0, null);
INSERT INTO Atletas (id, nome, sexo) VALUES (51377, 'Hwang Hui-Yeol', 'M');
INSERT INTO Participacao (atleta_id, time_id, olimpiada_id, modalidade_id, idade, altura, peso, medalha) VALUES (51377, 1, 14, 128, 26.0, null, 64.0, null);
INSERT INTO Atletas (id, nome, sexo) VALUES (51379, 'Hwang Ik-Hwan', 'M');
INSERT INTO Participacao (atleta_id, time_id, olimpiada_id, modalidade_id, idade, altura, peso, medalha) VALUES (51379, 1, 22, 51, 22.0, null, null, null);
INSERT INTO Participacao (atleta_id, time_id, olimpiada_id, modalidade_id, idade, altura, peso, medalha) VALUES (51379, 1, 22, 52, 22.0, null, null, null);
INSERT INTO Atletas (id, nome, sexo) VALUES (51380, 'Hwang In-Dong', 'M');
INSERT INTO Participacao (atleta_id, time_id, olimpiada_id, modalidade_id, idade, altura, peso, medalha) VALUES (51380, 1, 6, 71, 19.0, 155.0, 54.0, null);
INSERT INTO Atletas (id, nome, sexo) VALUES (51381, 'Hwang Jeong-Dae', 'M');
INSERT INTO Participacao (atleta_id, time_id, olimpiada_id, modalidade_id, idade, altura, peso, medalha) VALUES (51381, 1, 7, 155, 24.0, 165.0, 61.0, null);
INSERT INTO Atletas (id, nome, sexo) VALUES (51382, 'Hwang Jeong-O', 'M');
INSERT INTO Participacao (atleta_id, time_id, olimpiada_id, modalidade_id, idade, altura, peso, medalha) VALUES (51382, 1, 5, 5, 26.0, 167.0, 65.0, 'Silver');
INSERT INTO Atletas (id, nome, sexo) VALUES (51384, 'Hwang Jin-Su', 'M');
INSERT INTO Participacao (atleta_id, time_id, olimpiada_id, modalidade_id, idade, altura, peso, medalha) VALUES (51384, 1, 5, 7, 26.0, 181.0, 78.0, null);
INSERT INTO Atletas (id, nome, sexo) VALUES (51385, 'Hwang Jong-Hyeon', 'M');
INSERT INTO Participacao (atleta_id, time_id, olimpiada_id, modalidade_id, idade, altura, peso, medalha) VALUES (51385, 1, 23, 89, 25.0, 173.0, 67.0, 'Silver');
INSERT INTO Atletas (id, nome, sexo) VALUES (51386, 'Hwang Jun-Ho', 'M');
INSERT INTO Participacao (atleta_id, time_id, olimpiada_id, modalidade_id, idade, altura, peso, medalha) VALUES (51386, 1, 27, 108, 20.0, 181.0, 71.0, null);
INSERT INTO Participacao (atleta_id, time_id, olimpiada_id, modalidade_id, idade, altura, peso, medalha) VALUES (51386, 1, 27, 134, 20.0, 181.0, 71.0, null);
INSERT INTO Atletas (id, nome, sexo) VALUES (51388, 'Hwang San-Ung', 'M');
INSERT INTO Participacao (atleta_id, time_id, olimpiada_id, modalidade_id, idade, altura, peso, medalha) VALUES (51388, 1, 8, 10, null, null, null, null);
INSERT INTO Atletas (id, nome, sexo) VALUES (51389, 'Hwang Seo-Na', 'F');
INSERT INTO Modalidades (nome, esporte_id) VALUES ('Fencing Women''s Sabre, Individual', 27);
INSERT INTO Participacao (atleta_id, time_id, olimpiada_id, modalidade_id, idade, altura, peso, medalha) VALUES (51389, 1, 4, 244, 26.0, 163.0, 55.0, null);
INSERT INTO Atletas (id, nome, sexo) VALUES (51390, 'Hwang Seok-Ho', 'M');
INSERT INTO Participacao (atleta_id, time_id, olimpiada_id, modalidade_id, idade, altura, peso, medalha) VALUES (51390, 1, 24, 56, 23.0, 182.0, 71.0, 'Bronze');
INSERT INTO Atletas (id, nome, sexo) VALUES (51391, 'Hwang Seon-Geun', 'F');
INSERT INTO Participacao (atleta_id, time_id, olimpiada_id, modalidade_id, idade, altura, peso, medalha) VALUES (51391, 1, 4, 36, 23.0, 165.0, 55.0, null);
INSERT INTO Atletas (id, nome, sexo) VALUES (51392, 'Hwang Seon-Ho', 'M');
INSERT INTO Modalidades (nome, esporte_id) VALUES ('Badminton Men''s Singles', 22);
INSERT INTO Participacao (atleta_id, time_id, olimpiada_id, modalidade_id, idade, altura, peso, medalha) VALUES (51392, 1, 23, 245, 25.0, 176.0, 67.0, null);
INSERT INTO Atletas (id, nome, sexo) VALUES (51393, 'Hwang Seon-Hong', 'M');
INSERT INTO Participacao (atleta_id, time_id, olimpiada_id, modalidade_id, idade, altura, peso, medalha) VALUES (51393, 1, 14, 56, 28.0, 183.0, 79.0, null);
INSERT INTO Atletas (id, nome, sexo) VALUES (51394, 'Hwang Seong-Beom', 'M');
INSERT INTO Participacao (atleta_id, time_id, olimpiada_id, modalidade_id, idade, altura, peso, medalha) VALUES (51394, 1, 23, 218, 25.0, 168.0, 63.0, null);
INSERT INTO Atletas (id, nome, sexo) VALUES (51395, 'Hwang Sun-Won', 'M');
INSERT INTO Participacao (atleta_id, time_id, olimpiada_id, modalidade_id, idade, altura, peso, medalha) VALUES (51395, 1, 18, 16, 30.0, 171.0, 74.0, null);
INSERT INTO Participacao (atleta_id, time_id, olimpiada_id, modalidade_id, idade, altura, peso, medalha) VALUES (51395, 1, 18, 17, 30.0, 171.0, 74.0, null);
INSERT INTO Atletas (id, nome, sexo) VALUES (51396, 'Hwang U-Won', 'M');
INSERT INTO Participacao (atleta_id, time_id, olimpiada_id, modalidade_id, idade, altura, peso, medalha) VALUES (51396, 1, 5, 241, 22.0, 177.0, 100.0, null);
INSERT INTO Participacao (atleta_id, time_id, olimpiada_id, modalidade_id, idade, altura, peso, medalha) VALUES (51396, 1, 6, 119, 26.0, 177.0, 100.0, null);
INSERT INTO Atletas (id, nome, sexo) VALUES (51397, 'Hwang Ui-Gyeong', 'M');
INSERT INTO Participacao (atleta_id, time_id, olimpiada_id, modalidade_id, idade, altura, peso, medalha) VALUES (51397, 1, 9, 218, 26.0, null, null, null);
INSERT INTO Atletas (id, nome, sexo) VALUES (51399, 'Hwang Wu-Jin', 'M');
INSERT INTO Participacao (atleta_id, time_id, olimpiada_id, modalidade_id, idade, altura, peso, medalha) VALUES (51399, 1, 24, 126, 22.0, 181.0, 64.0, null);
INSERT INTO Atletas (id, nome, sexo) VALUES (51400, 'Hwang Yak-Na', 'M');
INSERT INTO Participacao (atleta_id, time_id, olimpiada_id, modalidade_id, idade, altura, peso, medalha) VALUES (51400, 1, 5, 28, 19.0, 177.0, 71.0, null);
INSERT INTO Atletas (id, nome, sexo) VALUES (51401, 'Hwang Ye-Seul', 'F');
INSERT INTO Modalidades (nome, esporte_id) VALUES ('Judo Women''s Middleweight', 2);
INSERT INTO Participacao (atleta_id, time_id, olimpiada_id, modalidade_id, idade, altura, peso, medalha) VALUES (51401, 1, 24, 246, 24.0, 175.0, 70.0, null);
INSERT INTO Atletas (id, nome, sexo) VALUES (51402, 'Hwang Yeon-Ju', 'F');
INSERT INTO Participacao (atleta_id, time_id, olimpiada_id, modalidade_id, idade, altura, peso, medalha) VALUES (51402, 1, 24, 18, 25.0, 177.0, 63.0, null);
INSERT INTO Participacao (atleta_id, time_id, olimpiada_id, modalidade_id, idade, altura, peso, medalha) VALUES (51402, 1, 4, 18, 29.0, 177.0, 63.0, null);
INSERT INTO Atletas (id, nome, sexo) VALUES (51403, 'Hwang Yeong-Jo', 'M');
INSERT INTO Participacao (atleta_id, time_id, olimpiada_id, modalidade_id, idade, altura, peso, medalha) VALUES (51403, 1, 12, 67, 22.0, 168.0, 57.0, 'Gold');
INSERT INTO Atletas (id, nome, sexo) VALUES (51419, 'Hyeon Byeong-Cheol', 'M');
INSERT INTO Participacao (atleta_id, time_id, olimpiada_id, modalidade_id, idade, altura, peso, medalha) VALUES (51419, 1, 14, 174, 22.0, 176.0, 78.0, null);
INSERT INTO Atletas (id, nome, sexo) VALUES (51420, 'Hyeon Hye-Seong', 'M');
INSERT INTO Participacao (atleta_id, time_id, olimpiada_id, modalidade_id, idade, altura, peso, medalha) VALUES (51420, 1, 16, 89, 21.0, 172.0, 68.0, null);
INSERT INTO Participacao (atleta_id, time_id, olimpiada_id, modalidade_id, idade, altura, peso, medalha) VALUES (51420, 1, 24, 89, 25.0, 172.0, 68.0, null);
INSERT INTO Atletas (id, nome, sexo) VALUES (51421, 'Hyeon Jeong-Hwa', 'F');
INSERT INTO Participacao (atleta_id, time_id, olimpiada_id, modalidade_id, idade, altura, peso, medalha) VALUES (51421, 1, 6, 166, 18.0, 166.0, 52.0, null);
INSERT INTO Modalidades (nome, esporte_id) VALUES ('Table Tennis Women''s Doubles', 35);
INSERT INTO Participacao (atleta_id, time_id, olimpiada_id, modalidade_id, idade, altura, peso, medalha) VALUES (51421, 1, 6, 247, 18.0, 166.0, 52.0, 'Gold');
INSERT INTO Participacao (atleta_id, time_id, olimpiada_id, modalidade_id, idade, altura, peso, medalha) VALUES (51421, 1, 12, 166, 22.0, 166.0, 52.0, 'Bronze');
INSERT INTO Atletas (id, nome, sexo) VALUES (51422, 'Hyeon Ju-Yeop', 'M');
INSERT INTO Participacao (atleta_id, time_id, olimpiada_id, modalidade_id, idade, altura, peso, medalha) VALUES (51422, 1, 14, 12, 20.0, 195.0, 105.0, null);
INSERT INTO Atletas (id, nome, sexo) VALUES (51423, 'Hyeon Seong-In', 'M');
INSERT INTO Participacao (atleta_id, time_id, olimpiada_id, modalidade_id, idade, altura, peso, medalha) VALUES (51423, 1, 6, 29, 21.0, 186.0, 93.0, null);
INSERT INTO Atletas (id, nome, sexo) VALUES (51424, 'Hyeon Suk-Hui', 'F');
INSERT INTO Modalidades (nome, esporte_id) VALUES ('Judo Women''s Half-Lightweight', 2);
INSERT INTO Participacao (atleta_id, time_id, olimpiada_id, modalidade_id, idade, altura, peso, medalha) VALUES (51424, 1, 14, 248, 25.0, null, null, 'Silver');
INSERT INTO Atletas (id, nome, sexo) VALUES (51471, 'I Jeong-Suk', 'F');
INSERT INTO Participacao (atleta_id, time_id, olimpiada_id, modalidade_id, idade, altura, peso, medalha) VALUES (51471, 1, 12, 109, 20.0, null, null, null);
INSERT INTO Modalidades (nome, esporte_id) VALUES ('Fencing Women''s Foil, Team', 27);
INSERT INTO Participacao (atleta_id, time_id, olimpiada_id, modalidade_id, idade, altura, peso, medalha) VALUES (51471, 1, 12, 249, 20.0, null, null, null);
INSERT INTO Atletas (id, nome, sexo) VALUES (51934, 'Im Chae-Bin', 'M');
INSERT INTO Participacao (atleta_id, time_id, olimpiada_id, modalidade_id, idade, altura, peso, medalha) VALUES (51934, 1, 4, 174, 24.0, 169.0, 75.0, null);
INSERT INTO Participacao (atleta_id, time_id, olimpiada_id, modalidade_id, idade, altura, peso, medalha) VALUES (51934, 1, 4, 169, 24.0, 169.0, 75.0, null);
INSERT INTO Modalidades (nome, esporte_id) VALUES ('Cycling Men''s Team Sprint', 5);
INSERT INTO Participacao (atleta_id, time_id, olimpiada_id, modalidade_id, idade, altura, peso, medalha) VALUES (51934, 1, 4, 250, 24.0, 169.0, 75.0, null);
INSERT INTO Atletas (id, nome, sexo) VALUES (51935, 'Im Chang-Yong', 'M');
INSERT INTO Participacao (atleta_id, time_id, olimpiada_id, modalidade_id, idade, altura, peso, medalha) VALUES (51935, 1, 23, 20, 24.0, 180.0, 75.0, 'Bronze');
INSERT INTO Atletas (id, nome, sexo) VALUES (51936, 'Im Chun-Ae', 'F');
INSERT INTO Modalidades (nome, esporte_id) VALUES ('Athletics Women''s 3,000 metres', 18);
INSERT INTO Participacao (atleta_id, time_id, olimpiada_id, modalidade_id, idade, altura, peso, medalha) VALUES (51936, 1, 6, 251, 19.0, 168.0, 48.0, null);
INSERT INTO Participacao (atleta_id, time_id, olimpiada_id, modalidade_id, idade, altura, peso, medalha) VALUES (51936, 1, 6, 146, 19.0, 168.0, 48.0, null);
INSERT INTO Atletas (id, nome, sexo) VALUES (51937, 'Im Dae-Won', 'M');
INSERT INTO Participacao (atleta_id, time_id, olimpiada_id, modalidade_id, idade, altura, peso, medalha) VALUES (51937, 1, 18, 14, 27.0, 162.0, 55.0, null);
INSERT INTO Atletas (id, nome, sexo) VALUES (51938, 'Im Deok-Jun', 'M');
INSERT INTO Participacao (atleta_id, time_id, olimpiada_id, modalidade_id, idade, altura, peso, medalha) VALUES (51938, 1, 18, 28, 23.0, 186.0, 78.0, null);
INSERT INTO Participacao (atleta_id, time_id, olimpiada_id, modalidade_id, idade, altura, peso, medalha) VALUES (51938, 1, 24, 28, 31.0, 186.0, 78.0, null);
INSERT INTO Atletas (id, nome, sexo) VALUES (51939, 'Im Do-Heon', 'M');
INSERT INTO Participacao (atleta_id, time_id, olimpiada_id, modalidade_id, idade, altura, peso, medalha) VALUES (51939, 1, 12, 72, 20.0, null, null, null);
INSERT INTO Participacao (atleta_id, time_id, olimpiada_id, modalidade_id, idade, altura, peso, medalha) VALUES (51939, 1, 14, 72, 24.0, null, null, null);
INSERT INTO Atletas (id, nome, sexo) VALUES (51940, 'Im Dong-Gi', 'M');
INSERT INTO Participacao (atleta_id, time_id, olimpiada_id, modalidade_id, idade, altura, peso, medalha) VALUES (51940, 1, 14, 241, 25.0, null, 90.0, null);
INSERT INTO Atletas (id, nome, sexo) VALUES (51941, 'Im Dong-Gi', 'M');
INSERT INTO Modalidades (nome, esporte_id) VALUES ('Shooting Mixed Skeet', 3);
INSERT INTO Participacao (atleta_id, time_id, olimpiada_id, modalidade_id, idade, altura, peso, medalha) VALUES (51941, 1, 5, 252, 24.0, 174.0, 72.0, null);
INSERT INTO Atletas (id, nome, sexo) VALUES (51942, 'Im Dong-Hyeon', 'M');
INSERT INTO Participacao (atleta_id, time_id, olimpiada_id, modalidade_id, idade, altura, peso, medalha) VALUES (51942, 1, 18, 153, 19.0, 184.0, 100.0, null);
INSERT INTO Participacao (atleta_id, time_id, olimpiada_id, modalidade_id, idade, altura, peso, medalha) VALUES (51942, 1, 18, 228, 19.0, 184.0, 100.0, 'Gold');
INSERT INTO Participacao (atleta_id, time_id, olimpiada_id, modalidade_id, idade, altura, peso, medalha) VALUES (51942, 1, 16, 153, 23.0, 184.0, 100.0, null);
INSERT INTO Participacao (atleta_id, time_id, olimpiada_id, modalidade_id, idade, altura, peso, medalha) VALUES (51942, 1, 16, 228, 23.0, 184.0, 100.0, 'Gold');
INSERT INTO Participacao (atleta_id, time_id, olimpiada_id, modalidade_id, idade, altura, peso, medalha) VALUES (51942, 1, 24, 153, 27.0, 184.0, 100.0, null);
INSERT INTO Participacao (atleta_id, time_id, olimpiada_id, modalidade_id, idade, altura, peso, medalha) VALUES (51942, 1, 24, 228, 27.0, 184.0, 100.0, 'Bronze');
INSERT INTO Atletas (id, nome, sexo) VALUES (51943, 'Im Dong-Sil', 'M');
INSERT INTO Participacao (atleta_id, time_id, olimpiada_id, modalidade_id, idade, altura, peso, medalha) VALUES (51943, 1, 7, 190, 27.0, 180.0, 82.0, null);
INSERT INTO Atletas (id, nome, sexo) VALUES (51944, 'Im Eun-Ju', 'F');
INSERT INTO Participacao (atleta_id, time_id, olimpiada_id, modalidade_id, idade, altura, peso, medalha) VALUES (51944, 1, 6, 34, 27.0, 162.0, 48.0, null);
INSERT INTO Atletas (id, nome, sexo) VALUES (51945, 'Im Geum-Ja', 'F');
INSERT INTO Participacao (atleta_id, time_id, olimpiada_id, modalidade_id, idade, altura, peso, medalha) VALUES (51945, 1, 7, 231, 17.0, 161.0, 56.0, null);
INSERT INTO Participacao (atleta_id, time_id, olimpiada_id, modalidade_id, idade, altura, peso, medalha) VALUES (51945, 1, 7, 208, 17.0, 161.0, 56.0, null);
INSERT INTO Atletas (id, nome, sexo) VALUES (51946, 'Im Gwang-Jae', 'M');
INSERT INTO Participacao (atleta_id, time_id, olimpiada_id, modalidade_id, idade, altura, peso, medalha) VALUES (51946, 1, 15, 24, 22.0, 165.0, 57.0, null);
INSERT INTO Atletas (id, nome, sexo) VALUES (51947, 'Im Gye-Suk', 'F');
INSERT INTO Participacao (atleta_id, time_id, olimpiada_id, modalidade_id, idade, altura, peso, medalha) VALUES (51947, 1, 6, 21, 23.0, 159.0, 62.0, 'Silver');
INSERT INTO Participacao (atleta_id, time_id, olimpiada_id, modalidade_id, idade, altura, peso, medalha) VALUES (51947, 1, 12, 21, 27.0, 159.0, 62.0, null);
INSERT INTO Atletas (id, nome, sexo) VALUES (51948, 'Im Gyeong-Hui', 'F');
INSERT INTO Participacao (atleta_id, time_id, olimpiada_id, modalidade_id, idade, altura, peso, medalha) VALUES (51948, 1, 24, 34, 29.0, 163.0, 43.0, null);
INSERT INTO Participacao (atleta_id, time_id, olimpiada_id, modalidade_id, idade, altura, peso, medalha) VALUES (51948, 1, 4, 34, 33.0, 163.0, 43.0, null);
INSERT INTO Atletas (id, nome, sexo) VALUES (51950, 'Im Gyeong-Seok', 'M');
INSERT INTO Participacao (atleta_id, time_id, olimpiada_id, modalidade_id, idade, altura, peso, medalha) VALUES (51950, 1, 6, 214, 19.0, 188.0, 83.0, null);
INSERT INTO Atletas (id, nome, sexo) VALUES (51951, 'Im Gyeong-Sun', 'M');
INSERT INTO Participacao (atleta_id, time_id, olimpiada_id, modalidade_id, idade, altura, peso, medalha) VALUES (51951, 1, 29, 158, null, null, null, null);
INSERT INTO Participacao (atleta_id, time_id, olimpiada_id, modalidade_id, idade, altura, peso, medalha) VALUES (51951, 1, 29, 85, null, null, null, null);
INSERT INTO Participacao (atleta_id, time_id, olimpiada_id, modalidade_id, idade, altura, peso, medalha) VALUES (51951, 1, 29, 86, null, null, null, null);
INSERT INTO Atletas (id, nome, sexo) VALUES (51952, 'Im Gyu-Ha', 'M');
INSERT INTO Participacao (atleta_id, time_id, olimpiada_id, modalidade_id, idade, altura, peso, medalha) VALUES (51952, 1, 5, 28, 26.0, 187.0, 86.0, null);
INSERT INTO Atletas (id, nome, sexo) VALUES (51953, 'Im Ho-Dam', 'M');
INSERT INTO Participacao (atleta_id, time_id, olimpiada_id, modalidade_id, idade, altura, peso, medalha) VALUES (51953, 1, 13, 72, 22.0, 185.0, 82.0, null);
INSERT INTO Atletas (id, nome, sexo) VALUES (51954, 'Im Ho-Geun', 'M');
INSERT INTO Participacao (atleta_id, time_id, olimpiada_id, modalidade_id, idade, altura, peso, medalha) VALUES (51954, 1, 7, 221, 24.0, 181.0, 90.0, null);
INSERT INTO Atletas (id, nome, sexo) VALUES (51955, 'Im Hui-Sik', 'M');
INSERT INTO Participacao (atleta_id, time_id, olimpiada_id, modalidade_id, idade, altura, peso, medalha) VALUES (51955, 1, 12, 153, 24.0, null, null, null);
INSERT INTO Participacao (atleta_id, time_id, olimpiada_id, modalidade_id, idade, altura, peso, medalha) VALUES (51955, 1, 12, 228, 24.0, null, null, null);
INSERT INTO Atletas (id, nome, sexo) VALUES (51956, 'Im Hwa-Dong', 'M');
INSERT INTO Participacao (atleta_id, time_id, olimpiada_id, modalidade_id, idade, altura, peso, medalha) VALUES (51956, 1, 9, 67, null, null, null, null);
INSERT INTO Atletas (id, nome, sexo) VALUES (51957, 'Im Hye-Jin', 'F');
INSERT INTO Participacao (atleta_id, time_id, olimpiada_id, modalidade_id, idade, altura, peso, medalha) VALUES (51957, 1, 6, 45, 15.0, 152.0, 40.0, null);
INSERT INTO Participacao (atleta_id, time_id, olimpiada_id, modalidade_id, idade, altura, peso, medalha) VALUES (51957, 1, 6, 46, 15.0, 152.0, 40.0, null);
INSERT INTO Participacao (atleta_id, time_id, olimpiada_id, modalidade_id, idade, altura, peso, medalha) VALUES (51957, 1, 6, 47, 15.0, 152.0, 40.0, null);
INSERT INTO Participacao (atleta_id, time_id, olimpiada_id, modalidade_id, idade, altura, peso, medalha) VALUES (51957, 1, 6, 48, 15.0, 152.0, 40.0, null);
INSERT INTO Participacao (atleta_id, time_id, olimpiada_id, modalidade_id, idade, altura, peso, medalha) VALUES (51957, 1, 6, 49, 15.0, 152.0, 40.0, null);
INSERT INTO Participacao (atleta_id, time_id, olimpiada_id, modalidade_id, idade, altura, peso, medalha) VALUES (51957, 1, 6, 50, 15.0, 152.0, 40.0, null);
INSERT INTO Atletas (id, nome, sexo) VALUES (51958, 'Im Hye-Suk', 'F');
INSERT INTO Participacao (atleta_id, time_id, olimpiada_id, modalidade_id, idade, altura, peso, medalha) VALUES (51958, 1, 5, 18, 18.0, 176.0, 65.0, null);
INSERT INTO Participacao (atleta_id, time_id, olimpiada_id, modalidade_id, idade, altura, peso, medalha) VALUES (51958, 1, 6, 18, 22.0, 176.0, 65.0, null);
INSERT INTO Atletas (id, nome, sexo) VALUES (51959, 'Im Hyo-Suk', 'F');
INSERT INTO Participacao (atleta_id, time_id, olimpiada_id, modalidade_id, idade, altura, peso, medalha) VALUES (51959, 1, 24, 18, 30.0, 178.0, 79.0, null);
INSERT INTO Atletas (id, nome, sexo) VALUES (51960, 'Im Jae-Geun', 'M');
INSERT INTO Participacao (atleta_id, time_id, olimpiada_id, modalidade_id, idade, altura, peso, medalha) VALUES (51960, 1, 11, 15, 22.0, 173.0, 71.0, null);
INSERT INTO Atletas (id, nome, sexo) VALUES (51962, 'Im Jae-Man', 'M');
INSERT INTO Participacao (atleta_id, time_id, olimpiada_id, modalidade_id, idade, altura, peso, medalha) VALUES (51962, 1, 6, 29, 19.0, 185.0, 83.0, null);
INSERT INTO Atletas (id, nome, sexo) VALUES (51963, 'Im Jang-Su', 'M');
INSERT INTO Participacao (atleta_id, time_id, olimpiada_id, modalidade_id, idade, altura, peso, medalha) VALUES (51963, 1, 6, 183, 28.0, 165.0, 65.0, null);
INSERT INTO Atletas (id, nome, sexo) VALUES (51964, 'Im Jeong-Bin', 'M');
INSERT INTO Participacao (atleta_id, time_id, olimpiada_id, modalidade_id, idade, altura, peso, medalha) VALUES (51964, 1, 23, 211, 27.0, 178.0, 75.0, null);
INSERT INTO Atletas (id, nome, sexo) VALUES (51965, 'Im Jeong-Hwa', 'F');
INSERT INTO Modalidades (nome, esporte_id) VALUES ('Weightlifting Women''s Flyweight', 19);
INSERT INTO Participacao (atleta_id, time_id, olimpiada_id, modalidade_id, idade, altura, peso, medalha) VALUES (51965, 1, 16, 253, 22.0, 150.0, 50.0, null);
INSERT INTO Atletas (id, nome, sexo) VALUES (51966, 'Im Jeong-Hyeon', 'M');
INSERT INTO Modalidades (nome, esporte_id) VALUES ('Athletics Men''s 50 kilometres Walk', 18);
INSERT INTO Participacao (atleta_id, time_id, olimpiada_id, modalidade_id, idade, altura, peso, medalha) VALUES (51966, 1, 24, 254, 24.0, 182.0, 66.0, null);
INSERT INTO Atletas (id, nome, sexo) VALUES (51967, 'Im Jeong-Suk', 'F');
INSERT INTO Participacao (atleta_id, time_id, olimpiada_id, modalidade_id, idade, altura, peso, medalha) VALUES (51967, 1, 14, 21, 23.0, null, null, 'Silver');
INSERT INTO Atletas (id, nome, sexo) VALUES (51968, 'Im Jeong-U', 'F');
INSERT INTO Participacao (atleta_id, time_id, olimpiada_id, modalidade_id, idade, altura, peso, medalha) VALUES (51968, 1, 18, 21, 24.0, 164.0, 56.0, null);
INSERT INTO Atletas (id, nome, sexo) VALUES (51969, 'Im Jeong-U', 'M');
INSERT INTO Participacao (atleta_id, time_id, olimpiada_id, modalidade_id, idade, altura, peso, medalha) VALUES (51969, 1, 23, 89, 22.0, 174.0, 70.0, 'Silver');
INSERT INTO Participacao (atleta_id, time_id, olimpiada_id, modalidade_id, idade, altura, peso, medalha) VALUES (51969, 1, 18, 89, 26.0, 174.0, 70.0, null);
INSERT INTO Atletas (id, nome, sexo) VALUES (51970, 'Im Ji-Hye', 'F');
INSERT INTO Modalidades (nome, esporte_id) VALUES ('Weightlifting Women''s Heavyweight', 19);
INSERT INTO Participacao (atleta_id, time_id, olimpiada_id, modalidade_id, idade, altura, peso, medalha) VALUES (51970, 1, 24, 255, 26.0, 163.0, 75.0, null);
INSERT INTO Atletas (id, nome, sexo) VALUES (51971, 'Im Jin-Myeong', 'F');
INSERT INTO Modalidades (nome, esporte_id) VALUES ('Rowing Women''s Lightweight Double Sculls', 11);
INSERT INTO Participacao (atleta_id, time_id, olimpiada_id, modalidade_id, idade, altura, peso, medalha) VALUES (51971, 1, 23, 256, 20.0, 170.0, 57.0, null);
INSERT INTO Atletas (id, nome, sexo) VALUES (51972, 'Im Jin-Seok', 'M');
INSERT INTO Participacao (atleta_id, time_id, olimpiada_id, modalidade_id, idade, altura, peso, medalha) VALUES (51972, 1, 6, 28, 20.0, 191.0, 86.0, 'Silver');
INSERT INTO Participacao (atleta_id, time_id, olimpiada_id, modalidade_id, idade, altura, peso, medalha) VALUES (51972, 1, 12, 28, 24.0, 191.0, 86.0, null);
INSERT INTO Atletas (id, nome, sexo) VALUES (51973, 'Im Jong-Cheon', 'M');
INSERT INTO Participacao (atleta_id, time_id, olimpiada_id, modalidade_id, idade, altura, peso, medalha) VALUES (51973, 1, 23, 89, 22.0, 176.0, 75.0, 'Silver');
INSERT INTO Atletas (id, nome, sexo) VALUES (51974, 'Im Mi-Gyeong', 'F');
INSERT INTO Participacao (atleta_id, time_id, olimpiada_id, modalidade_id, idade, altura, peso, medalha) VALUES (51974, 1, 6, 26, 21.0, 170.0, 63.0, 'Gold');
INSERT INTO Atletas (id, nome, sexo) VALUES (51975, 'Im Nam-Gyun', 'M');
INSERT INTO Participacao (atleta_id, time_id, olimpiada_id, modalidade_id, idade, altura, peso, medalha) VALUES (51975, 1, 16, 193, 21.0, 182.0, 68.0, null);
INSERT INTO Atletas (id, nome, sexo) VALUES (51976, 'Im O-Gyeong', 'F');
INSERT INTO Participacao (atleta_id, time_id, olimpiada_id, modalidade_id, idade, altura, peso, medalha) VALUES (51976, 1, 12, 26, 20.0, 167.0, 65.0, 'Gold');
INSERT INTO Participacao (atleta_id, time_id, olimpiada_id, modalidade_id, idade, altura, peso, medalha) VALUES (51976, 1, 14, 26, 24.0, 167.0, 65.0, 'Silver');
INSERT INTO Participacao (atleta_id, time_id, olimpiada_id, modalidade_id, idade, altura, peso, medalha) VALUES (51976, 1, 18, 26, 32.0, 167.0, 65.0, 'Silver');
INSERT INTO Atletas (id, nome, sexo) VALUES (51979, 'Im Sang-Jo', 'M');
INSERT INTO Participacao (atleta_id, time_id, olimpiada_id, modalidade_id, idade, altura, peso, medalha) VALUES (51979, 1, 26, 10, 22.0, null, null, null);
INSERT INTO Participacao (atleta_id, time_id, olimpiada_id, modalidade_id, idade, altura, peso, medalha) VALUES (51979, 1, 26, 204, 22.0, null, null, null);
INSERT INTO Participacao (atleta_id, time_id, olimpiada_id, modalidade_id, idade, altura, peso, medalha) VALUES (51979, 1, 9, 10, 26.0, null, null, null);
INSERT INTO Atletas (id, nome, sexo) VALUES (51980, 'Im Seon-Dong', 'M');
INSERT INTO Participacao (atleta_id, time_id, olimpiada_id, modalidade_id, idade, altura, peso, medalha) VALUES (51980, 1, 14, 20, 22.0, 187.0, 95.0, null);
INSERT INTO Participacao (atleta_id, time_id, olimpiada_id, modalidade_id, idade, altura, peso, medalha) VALUES (51980, 1, 23, 20, 27.0, 187.0, 95.0, 'Bronze');
INSERT INTO Atletas (id, nome, sexo) VALUES (51981, 'Im Su-Jeong', 'F');
INSERT INTO Modalidades (nome, esporte_id) VALUES ('Taekwondo Women''s Featherweight', 44);
INSERT INTO Participacao (atleta_id, time_id, olimpiada_id, modalidade_id, idade, altura, peso, medalha) VALUES (51981, 1, 16, 257, 21.0, 168.0, 57.0, 'Gold');
INSERT INTO Atletas (id, nome, sexo) VALUES (51982, 'Im Tae-Ho', 'M');
INSERT INTO Participacao (atleta_id, time_id, olimpiada_id, modalidade_id, idade, altura, peso, medalha) VALUES (51982, 1, 7, 72, 23.0, 175.0, 65.0, null);
INSERT INTO Atletas (id, nome, sexo) VALUES (51983, 'Im Yeong-Cheol', 'M');
INSERT INTO Participacao (atleta_id, time_id, olimpiada_id, modalidade_id, idade, altura, peso, medalha) VALUES (51983, 1, 5, 28, 24.0, 176.0, 70.0, null);
INSERT INTO Atletas (id, nome, sexo) VALUES (51984, 'Im Yeong-Seop', 'M');
INSERT INTO Participacao (atleta_id, time_id, olimpiada_id, modalidade_id, idade, altura, peso, medalha) VALUES (51984, 1, 14, 8, 22.0, 176.0, 72.0, null);
INSERT INTO Participacao (atleta_id, time_id, olimpiada_id, modalidade_id, idade, altura, peso, medalha) VALUES (51984, 1, 23, 8, 26.0, 176.0, 72.0, null);
INSERT INTO Atletas (id, nome, sexo) VALUES (51986, 'Im Yun-Ji', 'F');
INSERT INTO Participacao (atleta_id, time_id, olimpiada_id, modalidade_id, idade, altura, peso, medalha) VALUES (51986, 1, 14, 132, 15.0, null, null, null);
INSERT INTO Atletas (id, nome, sexo) VALUES (53025, 'Ja Dong-Min', 'M');
INSERT INTO Modalidades (nome, esporte_id) VALUES ('Taekwondo Men''s Heavyweight', 44);
INSERT INTO Participacao (atleta_id, time_id, olimpiada_id, modalidade_id, idade, altura, peso, medalha) VALUES (53025, 1, 16, 258, 21.0, 190.0, 91.0, 'Gold');
INSERT INTO Participacao (atleta_id, time_id, olimpiada_id, modalidade_id, idade, altura, peso, medalha) VALUES (53025, 1, 24, 258, 25.0, 190.0, 91.0, null);
INSERT INTO Participacao (atleta_id, time_id, olimpiada_id, modalidade_id, idade, altura, peso, medalha) VALUES (53025, 1, 4, 258, 29.0, 190.0, 91.0, 'Bronze');
INSERT INTO Atletas (id, nome, sexo) VALUES (53606, 'Jang Byeong-Cheol', 'M');
INSERT INTO Participacao (atleta_id, time_id, olimpiada_id, modalidade_id, idade, altura, peso, medalha) VALUES (53606, 1, 23, 72, 24.0, 195.0, 85.0, null);
INSERT INTO Atletas (id, nome, sexo) VALUES (53607, 'Jang Chang-Nam', 'M');
INSERT INTO Participacao (atleta_id, time_id, olimpiada_id, modalidade_id, idade, altura, peso, medalha) VALUES (53607, 1, 14, 56, 20.0, null, null, null);
INSERT INTO Atletas (id, nome, sexo) VALUES (53608, 'Jang Chang-Seon', 'M');
INSERT INTO Modalidades (nome, esporte_id) VALUES ('Wrestling Men''s Flyweight, Freestyle', 7);
INSERT INTO Participacao (atleta_id, time_id, olimpiada_id, modalidade_id, idade, altura, peso, medalha) VALUES (53608, 1, 7, 259, 22.0, 158.0, 56.0, 'Silver');
INSERT INTO Atletas (id, nome, sexo) VALUES (53610, 'Jang Dong-Lin', 'M');
INSERT INTO Participacao (atleta_id, time_id, olimpiada_id, modalidade_id, idade, altura, peso, medalha) VALUES (53610, 1, 1, 225, 23.0, 175.0, 72.0, null);
INSERT INTO Participacao (atleta_id, time_id, olimpiada_id, modalidade_id, idade, altura, peso, medalha) VALUES (53610, 1, 1, 226, 23.0, 175.0, 72.0, null);
INSERT INTO Participacao (atleta_id, time_id, olimpiada_id, modalidade_id, idade, altura, peso, medalha) VALUES (53610, 1, 1, 227, 23.0, 175.0, 72.0, null);
INSERT INTO Atletas (id, nome, sexo) VALUES (53611, 'Jang Dong-Suk', 'F');
INSERT INTO Participacao (atleta_id, time_id, olimpiada_id, modalidade_id, idade, altura, peso, medalha) VALUES (53611, 1, 12, 21, 21.0, null, null, null);
INSERT INTO Atletas (id, nome, sexo) VALUES (53612, 'Jang Eun-Gyeong', 'M');
INSERT INTO Participacao (atleta_id, time_id, olimpiada_id, modalidade_id, idade, altura, peso, medalha) VALUES (53612, 1, 13, 6, 25.0, 157.0, 66.0, 'Silver');
INSERT INTO Atletas (id, nome, sexo) VALUES (53613, 'Jang Eun-Jeong', 'F');
INSERT INTO Participacao (atleta_id, time_id, olimpiada_id, modalidade_id, idade, altura, peso, medalha) VALUES (53613, 1, 6, 21, 18.0, 164.0, 57.0, 'Silver');
INSERT INTO Participacao (atleta_id, time_id, olimpiada_id, modalidade_id, idade, altura, peso, medalha) VALUES (53613, 1, 12, 21, 21.0, 164.0, 57.0, null);
INSERT INTO Participacao (atleta_id, time_id, olimpiada_id, modalidade_id, idade, altura, peso, medalha) VALUES (53613, 1, 14, 21, 25.0, 164.0, 57.0, 'Silver');
INSERT INTO Atletas (id, nome, sexo) VALUES (53614, 'Jang Geum-Young', 'F');
INSERT INTO Participacao (atleta_id, time_id, olimpiada_id, modalidade_id, idade, altura, peso, medalha) VALUES (53614, 1, 4, 187, 36.0, 163.0, 51.0, null);
INSERT INTO Atletas (id, nome, sexo) VALUES (53615, 'Jang Gyeong-Mu', 'M');
INSERT INTO Participacao (atleta_id, time_id, olimpiada_id, modalidade_id, idade, altura, peso, medalha) VALUES (53615, 1, 10, 24, 23.0, 163.0, 57.0, null);
INSERT INTO Atletas (id, nome, sexo) VALUES (53616, 'Jang Gyu-Cheol', 'M');
INSERT INTO Participacao (atleta_id, time_id, olimpiada_id, modalidade_id, idade, altura, peso, medalha) VALUES (53616, 1, 24, 73, 20.0, 183.0, 83.0, null);
INSERT INTO Atletas (id, nome, sexo) VALUES (53617, 'Jang Hee-Sun', 'F');
INSERT INTO Participacao (atleta_id, time_id, olimpiada_id, modalidade_id, idade, altura, peso, medalha) VALUES (53617, 1, 4, 21, 30.0, 164.0, 60.0, null);
INSERT INTO Atletas (id, nome, sexo) VALUES (53618, 'Jang Hui-Jin', 'F');
INSERT INTO Participacao (atleta_id, time_id, olimpiada_id, modalidade_id, idade, altura, peso, medalha) VALUES (53618, 1, 23, 230, 14.0, 171.0, 60.0, null);
INSERT INTO Participacao (atleta_id, time_id, olimpiada_id, modalidade_id, idade, altura, peso, medalha) VALUES (53618, 1, 23, 231, 14.0, 171.0, 60.0, null);
INSERT INTO Participacao (atleta_id, time_id, olimpiada_id, modalidade_id, idade, altura, peso, medalha) VALUES (53618, 1, 23, 82, 14.0, 171.0, 60.0, null);
INSERT INTO Participacao (atleta_id, time_id, olimpiada_id, modalidade_id, idade, altura, peso, medalha) VALUES (53618, 1, 16, 230, 21.0, 171.0, 60.0, null);
INSERT INTO Participacao (atleta_id, time_id, olimpiada_id, modalidade_id, idade, altura, peso, medalha) VALUES (53618, 1, 16, 231, 21.0, 171.0, 60.0, null);
INSERT INTO Atletas (id, nome, sexo) VALUES (53621, 'Jang Hye-Suk', 'F');
INSERT INTO Participacao (atleta_id, time_id, olimpiada_id, modalidade_id, idade, altura, peso, medalha) VALUES (53621, 1, 13, 18, 21.0, 171.0, 64.0, 'Bronze');
INSERT INTO Atletas (id, nome, sexo) VALUES (53622, 'Jang Hyun-Soo', 'M');
INSERT INTO Participacao (atleta_id, time_id, olimpiada_id, modalidade_id, idade, altura, peso, medalha) VALUES (53622, 1, 4, 56, 24.0, 187.0, 77.0, null);
INSERT INTO Atletas (id, nome, sexo) VALUES (53623, 'Jang I-Hyeon', 'M');
INSERT INTO Participacao (atleta_id, time_id, olimpiada_id, modalidade_id, idade, altura, peso, medalha) VALUES (53623, 1, 7, 13, 21.0, 160.0, 60.0, null);
INSERT INTO Atletas (id, nome, sexo) VALUES (53624, 'Jang In-Gwon', 'M');
INSERT INTO Participacao (atleta_id, time_id, olimpiada_id, modalidade_id, idade, altura, peso, medalha) VALUES (53624, 1, 11, 7, 26.0, 170.0, 70.0, null);
INSERT INTO Atletas (id, nome, sexo) VALUES (53625, 'Jang In-Won', 'M');
INSERT INTO Participacao (atleta_id, time_id, olimpiada_id, modalidade_id, idade, altura, peso, medalha) VALUES (53625, 1, 29, 51, null, null, null, null);
INSERT INTO Participacao (atleta_id, time_id, olimpiada_id, modalidade_id, idade, altura, peso, medalha) VALUES (53625, 1, 29, 52, null, null, null, null);
INSERT INTO Participacao (atleta_id, time_id, olimpiada_id, modalidade_id, idade, altura, peso, medalha) VALUES (53625, 1, 29, 154, null, null, null, null);
INSERT INTO Atletas (id, nome, sexo) VALUES (53626, 'Jang Jae-Geun', 'M');
INSERT INTO Participacao (atleta_id, time_id, olimpiada_id, modalidade_id, idade, altura, peso, medalha) VALUES (53626, 1, 5, 173, 22.0, 184.0, 76.0, null);
INSERT INTO Participacao (atleta_id, time_id, olimpiada_id, modalidade_id, idade, altura, peso, medalha) VALUES (53626, 1, 6, 173, 26.0, 184.0, 76.0, null);
INSERT INTO Modalidades (nome, esporte_id) VALUES ('Athletics Men''s 4 x 100 metres Relay', 18);
INSERT INTO Participacao (atleta_id, time_id, olimpiada_id, modalidade_id, idade, altura, peso, medalha) VALUES (53626, 1, 6, 260, 26.0, 184.0, 76.0, null);
INSERT INTO Atletas (id, nome, sexo) VALUES (53627, 'Jang Jae-Seong', 'M');
INSERT INTO Participacao (atleta_id, time_id, olimpiada_id, modalidade_id, idade, altura, peso, medalha) VALUES (53627, 1, 14, 138, 21.0, 173.0, 63.0, 'Silver');
INSERT INTO Participacao (atleta_id, time_id, olimpiada_id, modalidade_id, idade, altura, peso, medalha) VALUES (53627, 1, 23, 78, 25.0, 173.0, 63.0, 'Bronze');
INSERT INTO Atletas (id, nome, sexo) VALUES (53628, 'Jang Jae-Sim', 'F');
INSERT INTO Participacao (atleta_id, time_id, olimpiada_id, modalidade_id, idade, altura, peso, medalha) VALUES (53628, 1, 23, 248, 20.0, 170.0, 52.0, null);
INSERT INTO Atletas (id, nome, sexo) VALUES (53629, 'Jang Jeong-Yeon', 'F');
INSERT INTO Modalidades (nome, esporte_id) VALUES ('Athletics Women''s Javelin Throw', 18);
INSERT INTO Participacao (atleta_id, time_id, olimpiada_id, modalidade_id, idade, altura, peso, medalha) VALUES (53629, 1, 18, 261, 27.0, 174.0, 74.0, null);
INSERT INTO Atletas (id, nome, sexo) VALUES (53630, 'Jang Ji-Won', 'F');
INSERT INTO Participacao (atleta_id, time_id, olimpiada_id, modalidade_id, idade, altura, peso, medalha) VALUES (53630, 1, 18, 257, 24.0, 174.0, 57.0, 'Gold');
INSERT INTO Atletas (id, nome, sexo) VALUES (53631, 'Jang Jong-Hyeon', 'M');
INSERT INTO Participacao (atleta_id, time_id, olimpiada_id, modalidade_id, idade, altura, peso, medalha) VALUES (53631, 1, 18, 89, 20.0, 177.0, 70.0, null);
INSERT INTO Participacao (atleta_id, time_id, olimpiada_id, modalidade_id, idade, altura, peso, medalha) VALUES (53631, 1, 16, 89, 24.0, 177.0, 70.0, null);
INSERT INTO Participacao (atleta_id, time_id, olimpiada_id, modalidade_id, idade, altura, peso, medalha) VALUES (53631, 1, 24, 89, 28.0, 177.0, 70.0, null);
INSERT INTO Atletas (id, nome, sexo) VALUES (53632, 'Jang Kang-Eun', 'M');
INSERT INTO Modalidades (nome, esporte_id) VALUES ('Rowing Men''s Lightweight Double Sculls', 11);
INSERT INTO Participacao (atleta_id, time_id, olimpiada_id, modalidade_id, idade, altura, peso, medalha) VALUES (53632, 1, 16, 262, 19.0, 178.0, 71.0, null);
INSERT INTO Atletas (id, nome, sexo) VALUES (53633, 'Jang Mi-Gyeong', 'F');
INSERT INTO Participacao (atleta_id, time_id, olimpiada_id, modalidade_id, idade, altura, peso, medalha) VALUES (53633, 1, 12, 249, 21.0, null, null, null);
INSERT INTO Atletas (id, nome, sexo) VALUES (53634, 'Jang Mi-Ran', 'F');
INSERT INTO Modalidades (nome, esporte_id) VALUES ('Weightlifting Women''s Super-Heavyweight', 19);
INSERT INTO Participacao (atleta_id, time_id, olimpiada_id, modalidade_id, idade, altura, peso, medalha) VALUES (53634, 1, 18, 263, 20.0, 170.0, 118.0, 'Silver');
INSERT INTO Participacao (atleta_id, time_id, olimpiada_id, modalidade_id, idade, altura, peso, medalha) VALUES (53634, 1, 16, 263, 24.0, 170.0, 118.0, 'Gold');
INSERT INTO Participacao (atleta_id, time_id, olimpiada_id, modalidade_id, idade, altura, peso, medalha) VALUES (53634, 1, 24, 263, 28.0, 170.0, 118.0, null);
INSERT INTO Atletas (id, nome, sexo) VALUES (53635, 'Jang Myeong-Hui', 'F');
INSERT INTO Participacao (atleta_id, time_id, olimpiada_id, modalidade_id, idade, altura, peso, medalha) VALUES (53635, 1, 6, 217, 19.0, 173.0, 59.0, null);
INSERT INTO Atletas (id, nome, sexo) VALUES (53637, 'Jang Ri-Ra', 'F');
INSERT INTO Participacao (atleta_id, time_id, olimpiada_id, modalidade_id, idade, altura, peso, medalha) VALUES (53637, 1, 12, 26, 23.0, null, null, 'Gold');
INSERT INTO Atletas (id, nome, sexo) VALUES (53639, 'Jang Seon-Hyeong', 'F');
INSERT INTO Participacao (atleta_id, time_id, olimpiada_id, modalidade_id, idade, altura, peso, medalha) VALUES (53639, 1, 23, 33, 25.0, 178.0, 68.0, null);
INSERT INTO Atletas (id, nome, sexo) VALUES (53640, 'Jang Seon-Jae', 'M');
INSERT INTO Participacao (atleta_id, time_id, olimpiada_id, modalidade_id, idade, altura, peso, medalha) VALUES (53640, 1, 24, 37, 27.0, 177.0, 72.0, null);
INSERT INTO Atletas (id, nome, sexo) VALUES (53641, 'Jang Seong-Ho', 'M');
INSERT INTO Participacao (atleta_id, time_id, olimpiada_id, modalidade_id, idade, altura, peso, medalha) VALUES (53641, 1, 23, 20, 22.0, 183.0, 79.0, 'Bronze');
INSERT INTO Atletas (id, nome, sexo) VALUES (53642, 'Jang Seong-Ho', 'M');
INSERT INTO Participacao (atleta_id, time_id, olimpiada_id, modalidade_id, idade, altura, peso, medalha) VALUES (53642, 1, 23, 104, 22.0, 190.0, 100.0, null);
INSERT INTO Participacao (atleta_id, time_id, olimpiada_id, modalidade_id, idade, altura, peso, medalha) VALUES (53642, 1, 18, 104, 26.0, 190.0, 100.0, 'Silver');
INSERT INTO Participacao (atleta_id, time_id, olimpiada_id, modalidade_id, idade, altura, peso, medalha) VALUES (53642, 1, 16, 104, 30.0, 190.0, 100.0, null);
INSERT INTO Atletas (id, nome, sexo) VALUES (53643, 'Jang Si-Yeong', 'M');
INSERT INTO Participacao (atleta_id, time_id, olimpiada_id, modalidade_id, idade, altura, peso, medalha) VALUES (53643, 1, 6, 150, 20.0, 175.0, 71.0, null);
INSERT INTO Atletas (id, nome, sexo) VALUES (53644, 'Jang Sin-Gwon', 'M');
INSERT INTO Participacao (atleta_id, time_id, olimpiada_id, modalidade_id, idade, altura, peso, medalha) VALUES (53644, 1, 24, 67, 29.0, 182.0, 76.0, null);
INSERT INTO Atletas (id, nome, sexo) VALUES (53645, 'Jang So-Hui', 'F');
INSERT INTO Participacao (atleta_id, time_id, olimpiada_id, modalidade_id, idade, altura, peso, medalha) VALUES (53645, 1, 18, 26, 26.0, 163.0, 60.0, 'Silver');
INSERT INTO Atletas (id, nome, sexo) VALUES (53646, 'Jang So-Yeon', 'F');
INSERT INTO Participacao (atleta_id, time_id, olimpiada_id, modalidade_id, idade, altura, peso, medalha) VALUES (53646, 1, 14, 18, 21.0, 184.0, 76.0, null);
INSERT INTO Participacao (atleta_id, time_id, olimpiada_id, modalidade_id, idade, altura, peso, medalha) VALUES (53646, 1, 23, 18, 25.0, 184.0, 76.0, null);
INSERT INTO Participacao (atleta_id, time_id, olimpiada_id, modalidade_id, idade, altura, peso, medalha) VALUES (53646, 1, 18, 18, 29.0, 184.0, 76.0, null);
INSERT INTO Atletas (id, nome, sexo) VALUES (53648, 'Jang Su-Ji', 'F');
INSERT INTO Participacao (atleta_id, time_id, olimpiada_id, modalidade_id, idade, altura, peso, medalha) VALUES (53648, 1, 24, 21, 24.0, 164.0, 57.0, null);
INSERT INTO Participacao (atleta_id, time_id, olimpiada_id, modalidade_id, idade, altura, peso, medalha) VALUES (53648, 1, 4, 21, 28.0, 164.0, 57.0, null);
INSERT INTO Atletas (id, nome, sexo) VALUES (53649, 'Jang Sun-Gil', 'M');
INSERT INTO Participacao (atleta_id, time_id, olimpiada_id, modalidade_id, idade, altura, peso, medalha) VALUES (53649, 1, 10, 55, 22.0, 167.0, 54.0, 'Bronze');
INSERT INTO Atletas (id, nome, sexo) VALUES (53651, 'Jang Tae-Eun', 'M');
INSERT INTO Participacao (atleta_id, time_id, olimpiada_id, modalidade_id, idade, altura, peso, medalha) VALUES (53651, 1, 5, 90, 20.0, 163.0, 58.0, null);
INSERT INTO Participacao (atleta_id, time_id, olimpiada_id, modalidade_id, idade, altura, peso, medalha) VALUES (53651, 1, 5, 91, 20.0, 163.0, 58.0, null);
INSERT INTO Participacao (atleta_id, time_id, olimpiada_id, modalidade_id, idade, altura, peso, medalha) VALUES (53651, 1, 5, 92, 20.0, 163.0, 58.0, null);
INSERT INTO Participacao (atleta_id, time_id, olimpiada_id, modalidade_id, idade, altura, peso, medalha) VALUES (53651, 1, 5, 93, 20.0, 163.0, 58.0, null);
INSERT INTO Participacao (atleta_id, time_id, olimpiada_id, modalidade_id, idade, altura, peso, medalha) VALUES (53651, 1, 5, 94, 20.0, 163.0, 58.0, null);
INSERT INTO Participacao (atleta_id, time_id, olimpiada_id, modalidade_id, idade, altura, peso, medalha) VALUES (53651, 1, 5, 95, 20.0, 163.0, 58.0, null);
INSERT INTO Participacao (atleta_id, time_id, olimpiada_id, modalidade_id, idade, altura, peso, medalha) VALUES (53651, 1, 5, 96, 20.0, 163.0, 58.0, null);
INSERT INTO Participacao (atleta_id, time_id, olimpiada_id, modalidade_id, idade, altura, peso, medalha) VALUES (53651, 1, 5, 97, 20.0, 163.0, 58.0, null);
INSERT INTO Atletas (id, nome, sexo) VALUES (53652, 'Jang Tae-Seok', 'M');
INSERT INTO Participacao (atleta_id, time_id, olimpiada_id, modalidade_id, idade, altura, peso, medalha) VALUES (53652, 1, 12, 224, 23.0, null, null, null);
INSERT INTO Participacao (atleta_id, time_id, olimpiada_id, modalidade_id, idade, altura, peso, medalha) VALUES (53652, 1, 12, 200, 23.0, null, null, null);
INSERT INTO Participacao (atleta_id, time_id, olimpiada_id, modalidade_id, idade, altura, peso, medalha) VALUES (53652, 1, 14, 224, 27.0, null, null, null);
INSERT INTO Participacao (atleta_id, time_id, olimpiada_id, modalidade_id, idade, altura, peso, medalha) VALUES (53652, 1, 14, 200, 27.0, null, null, null);
INSERT INTO Atletas (id, nome, sexo) VALUES (53653, 'Jang Ui-Jong', 'M');
INSERT INTO Modalidades (nome, esporte_id) VALUES ('Tennis Men''s Singles', 34);
INSERT INTO Participacao (atleta_id, time_id, olimpiada_id, modalidade_id, idade, altura, peso, medalha) VALUES (53653, 1, 12, 264, 23.0, 182.0, 80.0, null);
INSERT INTO Modalidades (nome, esporte_id) VALUES ('Tennis Men''s Doubles', 34);
INSERT INTO Participacao (atleta_id, time_id, olimpiada_id, modalidade_id, idade, altura, peso, medalha) VALUES (53653, 1, 12, 265, 23.0, 182.0, 80.0, null);
INSERT INTO Atletas (id, nome, sexo) VALUES (53654, 'Jang Won-Sam', 'M');
INSERT INTO Participacao (atleta_id, time_id, olimpiada_id, modalidade_id, idade, altura, peso, medalha) VALUES (53654, 1, 16, 20, 25.0, 181.0, 78.0, 'Gold');
INSERT INTO Atletas (id, nome, sexo) VALUES (53655, 'Jang Yeong', 'M');
INSERT INTO Olimpiadas (jogos, ano, estacao, cidade) VALUES ('1956 Winter', 1956, 'Winter', 'Cortina d''Ampezzo');
INSERT INTO Participacao (atleta_id, time_id, olimpiada_id, modalidade_id, idade, altura, peso, medalha) VALUES (53655, 1, 33, 53, 21.0, null, null, null);
INSERT INTO Participacao (atleta_id, time_id, olimpiada_id, modalidade_id, idade, altura, peso, medalha) VALUES (53655, 1, 33, 51, 21.0, null, null, null);
INSERT INTO Participacao (atleta_id, time_id, olimpiada_id, modalidade_id, idade, altura, peso, medalha) VALUES (53655, 1, 33, 52, 21.0, null, null, null);
INSERT INTO Participacao (atleta_id, time_id, olimpiada_id, modalidade_id, idade, altura, peso, medalha) VALUES (53655, 1, 29, 53, 26.0, null, null, null);
INSERT INTO Participacao (atleta_id, time_id, olimpiada_id, modalidade_id, idade, altura, peso, medalha) VALUES (53655, 1, 29, 51, 26.0, null, null, null);
INSERT INTO Atletas (id, nome, sexo) VALUES (53656, 'Jang Yeong-Cheol', 'M');
INSERT INTO Participacao (atleta_id, time_id, olimpiada_id, modalidade_id, idade, altura, peso, medalha) VALUES (53656, 1, 5, 113, 20.0, 179.0, 83.0, null);
INSERT INTO Modalidades (nome, esporte_id) VALUES ('Canoeing Men''s Canadian Singles, 500 metres', 23);
INSERT INTO Participacao (atleta_id, time_id, olimpiada_id, modalidade_id, idade, altura, peso, medalha) VALUES (53656, 1, 6, 266, 24.0, 179.0, 83.0, null);
INSERT INTO Modalidades (nome, esporte_id) VALUES ('Canoeing Men''s Canadian Singles, 1,000 metres', 23);
INSERT INTO Participacao (atleta_id, time_id, olimpiada_id, modalidade_id, idade, altura, peso, medalha) VALUES (53656, 1, 6, 267, 24.0, 179.0, 83.0, null);
INSERT INTO Atletas (id, nome, sexo) VALUES (53657, 'Jang Yong-Ho', 'M');
INSERT INTO Participacao (atleta_id, time_id, olimpiada_id, modalidade_id, idade, altura, peso, medalha) VALUES (53657, 1, 14, 153, 20.0, 171.0, 65.0, null);
INSERT INTO Participacao (atleta_id, time_id, olimpiada_id, modalidade_id, idade, altura, peso, medalha) VALUES (53657, 1, 14, 228, 20.0, 171.0, 65.0, 'Silver');
INSERT INTO Participacao (atleta_id, time_id, olimpiada_id, modalidade_id, idade, altura, peso, medalha) VALUES (53657, 1, 23, 153, 24.0, 171.0, 65.0, null);
INSERT INTO Participacao (atleta_id, time_id, olimpiada_id, modalidade_id, idade, altura, peso, medalha) VALUES (53657, 1, 23, 228, 24.0, 171.0, 65.0, 'Gold');
INSERT INTO Participacao (atleta_id, time_id, olimpiada_id, modalidade_id, idade, altura, peso, medalha) VALUES (53657, 1, 18, 153, 28.0, 171.0, 65.0, null);
INSERT INTO Participacao (atleta_id, time_id, olimpiada_id, modalidade_id, idade, altura, peso, medalha) VALUES (53657, 1, 18, 228, 28.0, 171.0, 65.0, 'Gold');
INSERT INTO Atletas (id, nome, sexo) VALUES (53658, 'Jang Yun-Chang', 'M');
INSERT INTO Participacao (atleta_id, time_id, olimpiada_id, modalidade_id, idade, altura, peso, medalha) VALUES (53658, 1, 5, 72, 23.0, 195.0, 88.0, null);
INSERT INTO Participacao (atleta_id, time_id, olimpiada_id, modalidade_id, idade, altura, peso, medalha) VALUES (53658, 1, 6, 72, 28.0, 195.0, 88.0, null);
INSERT INTO Atletas (id, nome, sexo) VALUES (53659, 'Jang Yun-Gyeong', 'F');
INSERT INTO Participacao (atleta_id, time_id, olimpiada_id, modalidade_id, idade, altura, peso, medalha) VALUES (53659, 1, 23, 212, 20.0, 168.0, 54.0, null);
INSERT INTO Atletas (id, nome, sexo) VALUES (53660, 'Jang Yun-Ho', 'M');
INSERT INTO Participacao (atleta_id, time_id, olimpiada_id, modalidade_id, idade, altura, peso, medalha) VALUES (53660, 1, 5, 11, 23.0, 180.0, 80.0, null);
INSERT INTO Atletas (id, nome, sexo) VALUES (53661, 'Jang Yun-Hui', 'F');
INSERT INTO Participacao (atleta_id, time_id, olimpiada_id, modalidade_id, idade, altura, peso, medalha) VALUES (53661, 1, 14, 18, 26.0, null, null, null);
INSERT INTO Atletas (id, nome, sexo) VALUES (54098, 'Je Seong-Tae', 'M');
INSERT INTO Participacao (atleta_id, time_id, olimpiada_id, modalidade_id, idade, altura, peso, medalha) VALUES (54098, 1, 18, 8, 28.0, 178.0, 71.0, null);
INSERT INTO Atletas (id, nome, sexo) VALUES (54179, 'Jegal Seong-Ryeol', 'M');
INSERT INTO Participacao (atleta_id, time_id, olimpiada_id, modalidade_id, idade, altura, peso, medalha) VALUES (54179, 1, 1, 53, 21.0, 173.0, 70.0, null);
INSERT INTO Participacao (atleta_id, time_id, olimpiada_id, modalidade_id, idade, altura, peso, medalha) VALUES (54179, 1, 1, 54, 21.0, 173.0, 70.0, null);
INSERT INTO Participacao (atleta_id, time_id, olimpiada_id, modalidade_id, idade, altura, peso, medalha) VALUES (54179, 1, 2, 53, 23.0, 173.0, 70.0, null);
INSERT INTO Participacao (atleta_id, time_id, olimpiada_id, modalidade_id, idade, altura, peso, medalha) VALUES (54179, 1, 2, 54, 23.0, 173.0, 70.0, null);
INSERT INTO Participacao (atleta_id, time_id, olimpiada_id, modalidade_id, idade, altura, peso, medalha) VALUES (54179, 1, 3, 53, 27.0, 173.0, 70.0, null);
INSERT INTO Participacao (atleta_id, time_id, olimpiada_id, modalidade_id, idade, altura, peso, medalha) VALUES (54179, 1, 3, 54, 27.0, 173.0, 70.0, null);
INSERT INTO Atletas (id, nome, sexo) VALUES (54471, 'Jeon Byeong-Guk', 'M');
INSERT INTO Participacao (atleta_id, time_id, olimpiada_id, modalidade_id, idade, altura, peso, medalha) VALUES (54471, 1, 6, 241, 24.0, 165.0, 87.0, null);
INSERT INTO Atletas (id, nome, sexo) VALUES (54472, 'Jeon Byeong-Gwan', 'M');
INSERT INTO Participacao (atleta_id, time_id, olimpiada_id, modalidade_id, idade, altura, peso, medalha) VALUES (54472, 1, 6, 71, 18.0, 155.0, 56.0, 'Silver');
INSERT INTO Participacao (atleta_id, time_id, olimpiada_id, modalidade_id, idade, altura, peso, medalha) VALUES (54472, 1, 12, 240, 22.0, 155.0, 56.0, 'Gold');
INSERT INTO Participacao (atleta_id, time_id, olimpiada_id, modalidade_id, idade, altura, peso, medalha) VALUES (54472, 1, 14, 240, 26.0, 155.0, 56.0, null);
INSERT INTO Atletas (id, nome, sexo) VALUES (54473, 'Jeon Chan-Sik', 'M');
INSERT INTO Modalidades (nome, esporte_id) VALUES ('Shooting Men''s Skeet', 3);
INSERT INTO Participacao (atleta_id, time_id, olimpiada_id, modalidade_id, idade, altura, peso, medalha) VALUES (54473, 1, 23, 268, 29.0, 179.0, 76.0, null);
INSERT INTO Atletas (id, nome, sexo) VALUES (54474, 'Jeon Chil-Seong', 'M');
INSERT INTO Participacao (atleta_id, time_id, olimpiada_id, modalidade_id, idade, altura, peso, medalha) VALUES (54474, 1, 5, 63, 23.0, 170.0, 64.0, 'Bronze');
INSERT INTO Atletas (id, nome, sexo) VALUES (54475, 'Jeon Da-Hye', 'F');
INSERT INTO Participacao (atleta_id, time_id, olimpiada_id, modalidade_id, idade, altura, peso, medalha) VALUES (54475, 1, 20, 30, 22.0, 170.0, 63.0, 'Gold');
INSERT INTO Atletas (id, nome, sexo) VALUES (54476, 'Jeon Dae-Heung', 'M');
INSERT INTO Participacao (atleta_id, time_id, olimpiada_id, modalidade_id, idade, altura, peso, medalha) VALUES (54476, 1, 14, 37, 19.0, 176.0, 62.0, null);
INSERT INTO Atletas (id, nome, sexo) VALUES (54477, 'Jeon Dae-Je', 'M');
INSERT INTO Participacao (atleta_id, time_id, olimpiada_id, modalidade_id, idade, altura, peso, medalha) VALUES (54477, 1, 5, 201, 18.0, 164.0, 48.0, null);
INSERT INTO Atletas (id, nome, sexo) VALUES (54478, 'Jeon Gi-Yeong', 'M');
INSERT INTO Participacao (atleta_id, time_id, olimpiada_id, modalidade_id, idade, altura, peso, medalha) VALUES (54478, 1, 14, 147, 23.0, null, null, 'Gold');
INSERT INTO Atletas (id, nome, sexo) VALUES (54479, 'Jeon Gwang-Rak', 'M');
INSERT INTO Participacao (atleta_id, time_id, olimpiada_id, modalidade_id, idade, altura, peso, medalha) VALUES (54479, 1, 14, 113, 24.0, 179.0, 72.0, null);
INSERT INTO Participacao (atleta_id, time_id, olimpiada_id, modalidade_id, idade, altura, peso, medalha) VALUES (54479, 1, 14, 114, 24.0, 179.0, 72.0, null);
INSERT INTO Atletas (id, nome, sexo) VALUES (54480, 'Jeon Hae-Seop', 'M');
INSERT INTO Participacao (atleta_id, time_id, olimpiada_id, modalidade_id, idade, altura, peso, medalha) VALUES (54480, 1, 13, 259, 24.0, 160.0, 52.0, 'Bronze');
INSERT INTO Atletas (id, nome, sexo) VALUES (54481, 'Jeon Hui-Cheol', 'M');
INSERT INTO Participacao (atleta_id, time_id, olimpiada_id, modalidade_id, idade, altura, peso, medalha) VALUES (54481, 1, 14, 12, 23.0, 195.0, null, null);
INSERT INTO Atletas (id, nome, sexo) VALUES (54482, 'Jeon Hui-Suk', 'F');
INSERT INTO Participacao (atleta_id, time_id, olimpiada_id, modalidade_id, idade, altura, peso, medalha) VALUES (54482, 1, 24, 109, 28.0, 169.0, 60.0, null);
INSERT INTO Participacao (atleta_id, time_id, olimpiada_id, modalidade_id, idade, altura, peso, medalha) VALUES (54482, 1, 24, 249, 28.0, 169.0, 60.0, 'Bronze');
INSERT INTO Participacao (atleta_id, time_id, olimpiada_id, modalidade_id, idade, altura, peso, medalha) VALUES (54482, 1, 4, 109, 32.0, 169.0, 60.0, null);
INSERT INTO Atletas (id, nome, sexo) VALUES (54483, 'Jeon I-Gyeong', 'F');
INSERT INTO Participacao (atleta_id, time_id, olimpiada_id, modalidade_id, idade, altura, peso, medalha) VALUES (54483, 1, 1, 120, 16.0, 163.0, 54.0, null);
INSERT INTO Participacao (atleta_id, time_id, olimpiada_id, modalidade_id, idade, altura, peso, medalha) VALUES (54483, 1, 2, 120, 18.0, 163.0, 54.0, null);
INSERT INTO Participacao (atleta_id, time_id, olimpiada_id, modalidade_id, idade, altura, peso, medalha) VALUES (54483, 1, 2, 121, 18.0, 163.0, 54.0, 'Gold');
INSERT INTO Participacao (atleta_id, time_id, olimpiada_id, modalidade_id, idade, altura, peso, medalha) VALUES (54483, 1, 2, 30, 18.0, 163.0, 54.0, 'Gold');
INSERT INTO Participacao (atleta_id, time_id, olimpiada_id, modalidade_id, idade, altura, peso, medalha) VALUES (54483, 1, 3, 120, 22.0, 163.0, 54.0, 'Bronze');
INSERT INTO Participacao (atleta_id, time_id, olimpiada_id, modalidade_id, idade, altura, peso, medalha) VALUES (54483, 1, 3, 121, 22.0, 163.0, 54.0, 'Gold');
INSERT INTO Participacao (atleta_id, time_id, olimpiada_id, modalidade_id, idade, altura, peso, medalha) VALUES (54483, 1, 3, 30, 22.0, 163.0, 54.0, 'Gold');
INSERT INTO Atletas (id, nome, sexo) VALUES (54484, 'Jeon In-Su', 'M');
INSERT INTO Participacao (atleta_id, time_id, olimpiada_id, modalidade_id, idade, altura, peso, medalha) VALUES (54484, 1, 5, 153, 19.0, 171.0, 69.0, null);
INSERT INTO Participacao (atleta_id, time_id, olimpiada_id, modalidade_id, idade, altura, peso, medalha) VALUES (54484, 1, 6, 153, 23.0, 171.0, 69.0, null);
INSERT INTO Participacao (atleta_id, time_id, olimpiada_id, modalidade_id, idade, altura, peso, medalha) VALUES (54484, 1, 6, 228, 23.0, 171.0, 69.0, 'Gold');
INSERT INTO Atletas (id, nome, sexo) VALUES (54485, 'Jeon Jae-Won', 'M');
INSERT INTO Participacao (atleta_id, time_id, olimpiada_id, modalidade_id, idade, altura, peso, medalha) VALUES (54485, 1, 3, 225, 24.0, 168.0, 63.0, null);
INSERT INTO Participacao (atleta_id, time_id, olimpiada_id, modalidade_id, idade, altura, peso, medalha) VALUES (54485, 1, 3, 226, 24.0, 168.0, 63.0, null);
INSERT INTO Atletas (id, nome, sexo) VALUES (54486, 'Jeon Jae-Yeon', 'F');
INSERT INTO Participacao (atleta_id, time_id, olimpiada_id, modalidade_id, idade, altura, peso, medalha) VALUES (54486, 1, 18, 59, 21.0, 169.0, 58.0, null);
INSERT INTO Participacao (atleta_id, time_id, olimpiada_id, modalidade_id, idade, altura, peso, medalha) VALUES (54486, 1, 16, 59, 25.0, 169.0, 58.0, null);
INSERT INTO Atletas (id, nome, sexo) VALUES (54488, 'Jeon Ji-Hee', 'F');
INSERT INTO Participacao (atleta_id, time_id, olimpiada_id, modalidade_id, idade, altura, peso, medalha) VALUES (54488, 1, 4, 166, 23.0, 159.0, 56.0, null);
INSERT INTO Participacao (atleta_id, time_id, olimpiada_id, modalidade_id, idade, altura, peso, medalha) VALUES (54488, 1, 4, 167, 23.0, 159.0, 56.0, null);
INSERT INTO Atletas (id, nome, sexo) VALUES (54489, 'Jeon Jin-Cheol', 'M');
INSERT INTO Participacao (atleta_id, time_id, olimpiada_id, modalidade_id, idade, altura, peso, medalha) VALUES (54489, 1, 6, 218, 21.0, 172.0, 64.0, null);
INSERT INTO Participacao (atleta_id, time_id, olimpiada_id, modalidade_id, idade, altura, peso, medalha) VALUES (54489, 1, 12, 43, 24.0, 172.0, 64.0, null);
INSERT INTO Atletas (id, nome, sexo) VALUES (54490, 'Jeon Jong-Gwon', 'M');
INSERT INTO Participacao (atleta_id, time_id, olimpiada_id, modalidade_id, idade, altura, peso, medalha) VALUES (54490, 1, 23, 89, 21.0, 177.0, 74.0, 'Silver');
INSERT INTO Atletas (id, nome, sexo) VALUES (54491, 'Jeon Jong-Ha', 'M');
INSERT INTO Participacao (atleta_id, time_id, olimpiada_id, modalidade_id, idade, altura, peso, medalha) VALUES (54491, 1, 14, 89, 23.0, 178.0, 75.0, null);
INSERT INTO Participacao (atleta_id, time_id, olimpiada_id, modalidade_id, idade, altura, peso, medalha) VALUES (54491, 1, 23, 89, 27.0, 178.0, 75.0, 'Silver');
INSERT INTO Participacao (atleta_id, time_id, olimpiada_id, modalidade_id, idade, altura, peso, medalha) VALUES (54491, 1, 18, 89, 31.0, 178.0, 75.0, null);
INSERT INTO Atletas (id, nome, sexo) VALUES (54492, 'Jeon Ju-Won', 'F');
INSERT INTO Participacao (atleta_id, time_id, olimpiada_id, modalidade_id, idade, altura, peso, medalha) VALUES (54492, 1, 14, 33, 23.0, 176.0, 68.0, null);
INSERT INTO Participacao (atleta_id, time_id, olimpiada_id, modalidade_id, idade, altura, peso, medalha) VALUES (54492, 1, 23, 33, 27.0, 176.0, 68.0, null);
INSERT INTO Atletas (id, nome, sexo) VALUES (54493, 'Jeon Mi-Gyeong', 'F');
INSERT INTO Participacao (atleta_id, time_id, olimpiada_id, modalidade_id, idade, altura, peso, medalha) VALUES (54493, 1, 12, 249, 19.0, null, null, null);
INSERT INTO Participacao (atleta_id, time_id, olimpiada_id, modalidade_id, idade, altura, peso, medalha) VALUES (54493, 1, 14, 109, 23.0, null, null, null);
INSERT INTO Atletas (id, nome, sexo) VALUES (54494, 'Jeon Ok-Ja', 'F');
INSERT INTO Participacao (atleta_id, time_id, olimpiada_id, modalidade_id, idade, altura, peso, medalha) VALUES (54494, 1, 7, 161, 16.0, 157.0, 46.0, null);
INSERT INTO Atletas (id, nome, sexo) VALUES (54495, 'Jeon Sang-Gyun', 'M');
INSERT INTO Participacao (atleta_id, time_id, olimpiada_id, modalidade_id, idade, altura, peso, medalha) VALUES (54495, 1, 16, 44, 27.0, 183.0, 158.0, null);
INSERT INTO Participacao (atleta_id, time_id, olimpiada_id, modalidade_id, idade, altura, peso, medalha) VALUES (54495, 1, 24, 44, 31.0, 183.0, 158.0, null);
INSERT INTO Atletas (id, nome, sexo) VALUES (54496, 'Jeon Sang-Seok', 'M');
INSERT INTO Modalidades (nome, esporte_id) VALUES ('Weightlifting Men''s Heavyweight II', 19);
INSERT INTO Participacao (atleta_id, time_id, olimpiada_id, modalidade_id, idade, altura, peso, medalha) VALUES (54496, 1, 12, 269, 22.0, null, 108.5, null);
INSERT INTO Participacao (atleta_id, time_id, olimpiada_id, modalidade_id, idade, altura, peso, medalha) VALUES (54496, 1, 14, 269, 26.0, null, 108.5, null);
INSERT INTO Atletas (id, nome, sexo) VALUES (54497, 'Jeon Seon-Ok', 'F');
INSERT INTO Participacao (atleta_id, time_id, olimpiada_id, modalidade_id, idade, altura, peso, medalha) VALUES (54497, 1, 25, 100, 20.0, 167.0, 56.0, null);
INSERT INTO Participacao (atleta_id, time_id, olimpiada_id, modalidade_id, idade, altura, peso, medalha) VALUES (54497, 1, 25, 61, 20.0, 167.0, 56.0, null);
INSERT INTO Participacao (atleta_id, time_id, olimpiada_id, modalidade_id, idade, altura, peso, medalha) VALUES (54497, 1, 25, 60, 20.0, 167.0, 56.0, null);
INSERT INTO Atletas (id, nome, sexo) VALUES (54498, 'Jeon Seung-Nam', 'M');
INSERT INTO Participacao (atleta_id, time_id, olimpiada_id, modalidade_id, idade, altura, peso, medalha) VALUES (54498, 1, 14, 20, 21.0, null, null, null);
INSERT INTO Atletas (id, nome, sexo) VALUES (54499, 'Jeon Yeong-Eun', 'F');
INSERT INTO Modalidades (nome, esporte_id) VALUES ('Athletics Women''s 20 kilometres Walk', 18);
INSERT INTO Participacao (atleta_id, time_id, olimpiada_id, modalidade_id, idade, altura, peso, medalha) VALUES (54499, 1, 24, 270, 24.0, 158.0, 43.0, null);
INSERT INTO Participacao (atleta_id, time_id, olimpiada_id, modalidade_id, idade, altura, peso, medalha) VALUES (54499, 1, 4, 270, 28.0, 158.0, 43.0, null);
INSERT INTO Atletas (id, nome, sexo) VALUES (54500, 'Jeon Yeong-Seon', 'F');
INSERT INTO Participacao (atleta_id, time_id, olimpiada_id, modalidade_id, idade, altura, peso, medalha) VALUES (54500, 1, 14, 21, 22.0, null, null, 'Silver');
INSERT INTO Atletas (id, nome, sexo) VALUES (54501, 'Jeon Yu-Mi', 'F');
INSERT INTO Participacao (atleta_id, time_id, olimpiada_id, modalidade_id, idade, altura, peso, medalha) VALUES (54501, 1, 24, 21, 23.0, 168.0, 65.0, null);
INSERT INTO Atletas (id, nome, sexo) VALUES (54502, 'Jeong Bae-Yeong', 'F');
INSERT INTO Participacao (atleta_id, time_id, olimpiada_id, modalidade_id, idade, altura, peso, medalha) VALUES (54502, 1, 2, 27, 17.0, 159.0, 56.0, null);
INSERT INTO Participacao (atleta_id, time_id, olimpiada_id, modalidade_id, idade, altura, peso, medalha) VALUES (54502, 1, 2, 100, 17.0, 159.0, 56.0, null);
INSERT INTO Atletas (id, nome, sexo) VALUES (54503, 'Jeong Bo-Kyeong', 'F');
INSERT INTO Modalidades (nome, esporte_id) VALUES ('Judo Women''s Extra-Lightweight', 2);
INSERT INTO Participacao (atleta_id, time_id, olimpiada_id, modalidade_id, idade, altura, peso, medalha) VALUES (54503, 1, 4, 271, 25.0, 153.0, 51.0, 'Silver');
INSERT INTO Atletas (id, nome, sexo) VALUES (54504, 'Jeong Bong-Sun', 'F');
INSERT INTO Participacao (atleta_id, time_id, olimpiada_id, modalidade_id, idade, altura, peso, medalha) VALUES (54504, 1, 7, 45, 19.0, 160.0, 50.0, null);
INSERT INTO Participacao (atleta_id, time_id, olimpiada_id, modalidade_id, idade, altura, peso, medalha) VALUES (54504, 1, 7, 47, 19.0, 160.0, 50.0, null);
INSERT INTO Participacao (atleta_id, time_id, olimpiada_id, modalidade_id, idade, altura, peso, medalha) VALUES (54504, 1, 7, 48, 19.0, 160.0, 50.0, null);
INSERT INTO Participacao (atleta_id, time_id, olimpiada_id, modalidade_id, idade, altura, peso, medalha) VALUES (54504, 1, 7, 49, 19.0, 160.0, 50.0, null);
INSERT INTO Participacao (atleta_id, time_id, olimpiada_id, modalidade_id, idade, altura, peso, medalha) VALUES (54504, 1, 7, 50, 19.0, 160.0, 50.0, null);
INSERT INTO Atletas (id, nome, sexo) VALUES (54505, 'Jeong Bu-Gyeong', 'M');
INSERT INTO Participacao (atleta_id, time_id, olimpiada_id, modalidade_id, idade, altura, peso, medalha) VALUES (54505, 1, 23, 125, 22.0, 173.0, 60.0, 'Silver');
INSERT INTO Atletas (id, nome, sexo) VALUES (54506, 'Jeong Bu-Jin', 'M');
INSERT INTO Participacao (atleta_id, time_id, olimpiada_id, modalidade_id, idade, altura, peso, medalha) VALUES (54506, 1, 6, 89, 25.0, 168.0, 64.0, null);
INSERT INTO Atletas (id, nome, sexo) VALUES (54507, 'Jeong Bu-Yeong', 'M');
INSERT INTO Participacao (atleta_id, time_id, olimpiada_id, modalidade_id, idade, altura, peso, medalha) VALUES (54507, 1, 6, 29, 23.0, 184.0, 85.0, null);
INSERT INTO Atletas (id, nome, sexo) VALUES (54508, 'Jeong Chung-Gu', 'M');
INSERT INTO Participacao (atleta_id, time_id, olimpiada_id, modalidade_id, idade, altura, peso, medalha) VALUES (54508, 1, 25, 53, 22.0, 170.0, 60.0, null);
INSERT INTO Participacao (atleta_id, time_id, olimpiada_id, modalidade_id, idade, altura, peso, medalha) VALUES (54508, 1, 25, 51, 22.0, 170.0, 60.0, null);
INSERT INTO Atletas (id, nome, sexo) VALUES (54509, 'Jeong Da-Rae', 'F');
INSERT INTO Participacao (atleta_id, time_id, olimpiada_id, modalidade_id, idade, altura, peso, medalha) VALUES (54509, 1, 16, 69, 16.0, 173.0, 64.0, null);
INSERT INTO Participacao (atleta_id, time_id, olimpiada_id, modalidade_id, idade, altura, peso, medalha) VALUES (54509, 1, 24, 69, 20.0, 173.0, 64.0, null);
INSERT INTO Atletas (id, nome, sexo) VALUES (54510, 'Jeong Da-Wun', 'F');
INSERT INTO Participacao (atleta_id, time_id, olimpiada_id, modalidade_id, idade, altura, peso, medalha) VALUES (54510, 1, 24, 70, 23.0, 173.0, 63.0, null);
INSERT INTO Atletas (id, nome, sexo) VALUES (54511, 'Jeong Dae-Hyeon', 'M');
INSERT INTO Participacao (atleta_id, time_id, olimpiada_id, modalidade_id, idade, altura, peso, medalha) VALUES (54511, 1, 23, 20, 21.0, 185.0, 98.0, 'Bronze');
INSERT INTO Participacao (atleta_id, time_id, olimpiada_id, modalidade_id, idade, altura, peso, medalha) VALUES (54511, 1, 16, 20, 29.0, 185.0, 98.0, 'Gold');
INSERT INTO Atletas (id, nome, sexo) VALUES (54512, 'Jeong Dae-Jin', 'M');
INSERT INTO Participacao (atleta_id, time_id, olimpiada_id, modalidade_id, idade, altura, peso, medalha) VALUES (54512, 1, 12, 119, 20.0, null, 99.0, null);
INSERT INTO Atletas (id, nome, sexo) VALUES (54513, 'Jeong Dae-Yeong', 'F');
INSERT INTO Participacao (atleta_id, time_id, olimpiada_id, modalidade_id, idade, altura, peso, medalha) VALUES (54513, 1, 18, 18, 22.0, 183.0, 68.0, null);
INSERT INTO Participacao (atleta_id, time_id, olimpiada_id, modalidade_id, idade, altura, peso, medalha) VALUES (54513, 1, 24, 18, 30.0, 183.0, 68.0, null);
INSERT INTO Atletas (id, nome, sexo) VALUES (54514, 'Jeong Do-Hun', 'M');
INSERT INTO Participacao (atleta_id, time_id, olimpiada_id, modalidade_id, idade, altura, peso, medalha) VALUES (54514, 1, 9, 115, 24.0, null, null, null);
INSERT INTO Atletas (id, nome, sexo) VALUES (54515, 'Jeong Dong-Gi', 'M');
INSERT INTO Participacao (atleta_id, time_id, olimpiada_id, modalidade_id, idade, altura, peso, medalha) VALUES (54515, 1, 11, 72, 22.0, 185.0, 79.0, null);
INSERT INTO Atletas (id, nome, sexo) VALUES (54516, 'Jeong Dong-Gu', 'M');
INSERT INTO Participacao (atleta_id, time_id, olimpiada_id, modalidade_id, idade, altura, peso, medalha) VALUES (54516, 1, 7, 78, 22.0, 173.0, 73.0, null);
INSERT INTO Atletas (id, nome, sexo) VALUES (54517, 'Jeong Du-Hui', 'M');
INSERT INTO Participacao (atleta_id, time_id, olimpiada_id, modalidade_id, idade, altura, peso, medalha) VALUES (54517, 1, 18, 73, 19.0, 180.0, 73.0, null);
INSERT INTO Participacao (atleta_id, time_id, olimpiada_id, modalidade_id, idade, altura, peso, medalha) VALUES (54517, 1, 18, 74, 19.0, 180.0, 73.0, null);
INSERT INTO Atletas (id, nome, sexo) VALUES (54518, 'Jeong Eun-Gyeong', 'F');
INSERT INTO Participacao (atleta_id, time_id, olimpiada_id, modalidade_id, idade, altura, peso, medalha) VALUES (54518, 1, 6, 21, 23.0, 163.0, 62.0, 'Silver');
INSERT INTO Atletas (id, nome, sexo) VALUES (54519, 'Jeong Eun-Hui', 'F');
INSERT INTO Participacao (atleta_id, time_id, olimpiada_id, modalidade_id, idade, altura, peso, medalha) VALUES (54519, 1, 23, 26, 23.0, 176.0, 75.0, null);
INSERT INTO Atletas (id, nome, sexo) VALUES (54520, 'Jeong Eun-Sun', 'F');
INSERT INTO Participacao (atleta_id, time_id, olimpiada_id, modalidade_id, idade, altura, peso, medalha) VALUES (54520, 1, 14, 33, 25.0, 185.0, 76.0, null);
INSERT INTO Participacao (atleta_id, time_id, olimpiada_id, modalidade_id, idade, altura, peso, medalha) VALUES (54520, 1, 23, 33, 29.0, 185.0, 76.0, null);
INSERT INTO Atletas (id, nome, sexo) VALUES (54521, 'Jeong Gang-Uk', 'M');
INSERT INTO Participacao (atleta_id, time_id, olimpiada_id, modalidade_id, idade, altura, peso, medalha) VALUES (54521, 1, 12, 28, 22.0, null, null, null);
INSERT INTO Atletas (id, nome, sexo) VALUES (54522, 'Jeong Geun-U', 'M');
INSERT INTO Participacao (atleta_id, time_id, olimpiada_id, modalidade_id, idade, altura, peso, medalha) VALUES (54522, 1, 16, 20, 25.0, 174.0, 75.0, 'Gold');
INSERT INTO Atletas (id, nome, sexo) VALUES (54523, 'Jeong Gi-Seon', 'M');
INSERT INTO Modalidades (nome, esporte_id) VALUES ('Athletics Men''s 100 metres', 18);
INSERT INTO Participacao (atleta_id, time_id, olimpiada_id, modalidade_id, idade, altura, peso, medalha) VALUES (54523, 1, 7, 272, 27.0, 167.0, 64.0, null);
INSERT INTO Participacao (atleta_id, time_id, olimpiada_id, modalidade_id, idade, altura, peso, medalha) VALUES (54523, 1, 7, 173, 27.0, 167.0, 64.0, null);
INSERT INTO Atletas (id, nome, sexo) VALUES (54524, 'Jeong Gil-Ok', 'F');
INSERT INTO Participacao (atleta_id, time_id, olimpiada_id, modalidade_id, idade, altura, peso, medalha) VALUES (54524, 1, 16, 109, 27.0, 168.0, 56.0, null);
INSERT INTO Participacao (atleta_id, time_id, olimpiada_id, modalidade_id, idade, altura, peso, medalha) VALUES (54524, 1, 24, 109, 31.0, 168.0, 56.0, null);
INSERT INTO Participacao (atleta_id, time_id, olimpiada_id, modalidade_id, idade, altura, peso, medalha) VALUES (54524, 1, 24, 249, 31.0, 168.0, 56.0, 'Bronze');
INSERT INTO Atletas (id, nome, sexo) VALUES (54525, 'Jeong Guk-Jin', 'M');
INSERT INTO Participacao (atleta_id, time_id, olimpiada_id, modalidade_id, idade, altura, peso, medalha) VALUES (54525, 1, 8, 56, 31.0, null, null, null);
INSERT INTO Atletas (id, nome, sexo) VALUES (54526, 'Jeong Gwang-Seok', 'M');
INSERT INTO Participacao (atleta_id, time_id, olimpiada_id, modalidade_id, idade, altura, peso, medalha) VALUES (54526, 1, 12, 56, 21.0, null, null, null);
INSERT INTO Atletas (id, nome, sexo) VALUES (54527, 'Jeong Gwang-Su', 'M');
INSERT INTO Participacao (atleta_id, time_id, olimpiada_id, modalidade_id, idade, altura, peso, medalha) VALUES (54527, 1, 6, 29, 20.0, 187.0, 85.0, null);
INSERT INTO Atletas (id, nome, sexo) VALUES (54528, 'Jeong Gye-Seok', 'M');
INSERT INTO Participacao (atleta_id, time_id, olimpiada_id, modalidade_id, idade, altura, peso, medalha) VALUES (54528, 1, 6, 89, 22.0, 171.0, 61.0, null);
INSERT INTO Atletas (id, nome, sexo) VALUES (54530, 'Jeong Gyeong-Ho', 'M');
INSERT INTO Participacao (atleta_id, time_id, olimpiada_id, modalidade_id, idade, altura, peso, medalha) VALUES (54530, 1, 14, 12, 26.0, 205.0, 97.0, null);
INSERT INTO Atletas (id, nome, sexo) VALUES (54531, 'Jeong Gyeong-Ho', 'M');
INSERT INTO Participacao (atleta_id, time_id, olimpiada_id, modalidade_id, idade, altura, peso, medalha) VALUES (54531, 1, 18, 56, 24.0, 182.0, 80.0, null);
INSERT INTO Atletas (id, nome, sexo) VALUES (54532, 'Jeong Gyeong-Hun', 'M');
INSERT INTO Participacao (atleta_id, time_id, olimpiada_id, modalidade_id, idade, altura, peso, medalha) VALUES (54532, 1, 5, 126, 23.0, 175.0, 69.0, null);
INSERT INTO Participacao (atleta_id, time_id, olimpiada_id, modalidade_id, idade, altura, peso, medalha) VALUES (54532, 1, 5, 181, 23.0, 175.0, 69.0, null);
INSERT INTO Atletas (id, nome, sexo) VALUES (54533, 'Jeong Gyeong-Mi', 'F');
INSERT INTO Modalidades (nome, esporte_id) VALUES ('Judo Women''s Half-Heavyweight', 2);
INSERT INTO Participacao (atleta_id, time_id, olimpiada_id, modalidade_id, idade, altura, peso, medalha) VALUES (54533, 1, 16, 273, 23.0, 169.0, 78.0, 'Bronze');
INSERT INTO Participacao (atleta_id, time_id, olimpiada_id, modalidade_id, idade, altura, peso, medalha) VALUES (54533, 1, 24, 273, 26.0, 169.0, 78.0, null);
INSERT INTO Atletas (id, nome, sexo) VALUES (54534, 'Jeong Gyo-Mo', 'M');
INSERT INTO Modalidades (nome, esporte_id) VALUES ('Athletics Men''s 800 metres', 18);
INSERT INTO Participacao (atleta_id, time_id, olimpiada_id, modalidade_id, idade, altura, peso, medalha) VALUES (54534, 1, 7, 274, 26.0, 171.0, 64.0, null);
INSERT INTO Modalidades (nome, esporte_id) VALUES ('Athletics Men''s 1,500 metres', 18);
INSERT INTO Participacao (atleta_id, time_id, olimpiada_id, modalidade_id, idade, altura, peso, medalha) VALUES (54534, 1, 7, 275, 26.0, 171.0, 64.0, null);
INSERT INTO Atletas (id, nome, sexo) VALUES (54535, 'Jeong Hae-Won', 'M');
INSERT INTO Participacao (atleta_id, time_id, olimpiada_id, modalidade_id, idade, altura, peso, medalha) VALUES (54535, 1, 6, 56, 29.0, 177.0, 76.0, null);
INSERT INTO Atletas (id, nome, sexo) VALUES (54536, 'Jeong Han', 'M');
INSERT INTO Participacao (atleta_id, time_id, olimpiada_id, modalidade_id, idade, altura, peso, medalha) VALUES (54536, 1, 24, 28, 24.0, 186.0, 74.0, null);
INSERT INTO Atletas (id, nome, sexo) VALUES (54537, 'Jeong Hang-Ju', 'F');
INSERT INTO Participacao (atleta_id, time_id, olimpiada_id, modalidade_id, idade, altura, peso, medalha) VALUES (54537, 1, 23, 21, 20.0, 175.0, 68.0, null);
INSERT INTO Atletas (id, nome, sexo) VALUES (54538, 'Jeong Hoe-Sun', 'F');
INSERT INTO Participacao (atleta_id, time_id, olimpiada_id, modalidade_id, idade, altura, peso, medalha) VALUES (54538, 1, 5, 26, 20.0, 164.0, 57.0, 'Silver');
INSERT INTO Atletas (id, nome, sexo) VALUES (54539, 'Jeong Hun', 'M');
INSERT INTO Participacao (atleta_id, time_id, olimpiada_id, modalidade_id, idade, altura, peso, medalha) VALUES (54539, 1, 12, 6, 23.0, null, null, 'Bronze');
INSERT INTO Atletas (id, nome, sexo) VALUES (54540, 'Jeong Hye-Rim', 'F');
INSERT INTO Participacao (atleta_id, time_id, olimpiada_id, modalidade_id, idade, altura, peso, medalha) VALUES (54540, 1, 24, 77, 25.0, 168.0, 52.0, null);
INSERT INTO Atletas (id, nome, sexo) VALUES (54541, 'Jeong Hyo-Jeong', 'F');
INSERT INTO Participacao (atleta_id, time_id, olimpiada_id, modalidade_id, idade, altura, peso, medalha) VALUES (54541, 1, 16, 136, 24.0, 168.0, 64.0, null);
INSERT INTO Participacao (atleta_id, time_id, olimpiada_id, modalidade_id, idade, altura, peso, medalha) VALUES (54541, 1, 24, 136, 28.0, 168.0, 64.0, null);
INSERT INTO Participacao (atleta_id, time_id, olimpiada_id, modalidade_id, idade, altura, peso, medalha) VALUES (54541, 1, 24, 122, 28.0, 168.0, 64.0, 'Silver');
INSERT INTO Atletas (id, nome, sexo) VALUES (54542, 'Jeong In-Gyo', 'M');
INSERT INTO Participacao (atleta_id, time_id, olimpiada_id, modalidade_id, idade, altura, peso, medalha) VALUES (54542, 1, 6, 29, 22.0, 164.0, 50.0, null);
INSERT INTO Atletas (id, nome, sexo) VALUES (54543, 'Jeong Jae-Geun', 'M');
INSERT INTO Participacao (atleta_id, time_id, olimpiada_id, modalidade_id, idade, altura, peso, medalha) VALUES (54543, 1, 14, 12, 26.0, 190.0, 87.0, null);
INSERT INTO Atletas (id, nome, sexo) VALUES (54544, 'Jeong Jae-Gwon', 'M');
INSERT INTO Participacao (atleta_id, time_id, olimpiada_id, modalidade_id, idade, altura, peso, medalha) VALUES (54544, 1, 12, 56, 21.0, null, null, null);
INSERT INTO Atletas (id, nome, sexo) VALUES (54545, 'Jeong Jae-Heon', 'M');
INSERT INTO Participacao (atleta_id, time_id, olimpiada_id, modalidade_id, idade, altura, peso, medalha) VALUES (54545, 1, 12, 153, 18.0, null, null, 'Silver');
INSERT INTO Participacao (atleta_id, time_id, olimpiada_id, modalidade_id, idade, altura, peso, medalha) VALUES (54545, 1, 12, 228, 18.0, null, null, null);
INSERT INTO Atletas (id, nome, sexo) VALUES (54548, 'Jeong Jae-Won', 'M');
INSERT INTO Participacao (atleta_id, time_id, olimpiada_id, modalidade_id, idade, altura, peso, medalha) VALUES (54548, 1, 6, 185, 19.0, 188.0, 82.0, null);
INSERT INTO Atletas (id, nome, sexo) VALUES (54549, 'Jeong Jeom-Sik', 'M');
INSERT INTO Participacao (atleta_id, time_id, olimpiada_id, modalidade_id, idade, altura, peso, medalha) VALUES (54549, 1, 6, 37, 20.0, 173.0, 72.0, null);
INSERT INTO Atletas (id, nome, sexo) VALUES (54550, 'Jeong Jeong-Eun', 'F');
INSERT INTO Participacao (atleta_id, time_id, olimpiada_id, modalidade_id, idade, altura, peso, medalha) VALUES (54550, 1, 7, 18, 19.0, 168.0, 60.0, null);
INSERT INTO Atletas (id, nome, sexo) VALUES (54551, 'Jeong Jeong-Yeon', 'F');
INSERT INTO Participacao (atleta_id, time_id, olimpiada_id, modalidade_id, idade, altura, peso, medalha) VALUES (54551, 1, 24, 271, 25.0, 155.0, 48.0, null);
INSERT INTO Atletas (id, nome, sexo) VALUES (54552, 'Jeong Ji-Geun', 'M');
INSERT INTO Participacao (atleta_id, time_id, olimpiada_id, modalidade_id, idade, altura, peso, medalha) VALUES (54552, 1, 4, 8, 26.0, 177.0, 79.0, null);
INSERT INTO Atletas (id, nome, sexo) VALUES (54553, 'Jeong Ji-Hae', 'F');
INSERT INTO Participacao (atleta_id, time_id, olimpiada_id, modalidade_id, idade, altura, peso, medalha) VALUES (54553, 1, 24, 26, 27.0, 168.0, 62.0, null);
INSERT INTO Atletas (id, nome, sexo) VALUES (54554, 'Jeong Ji-Hyeon', 'M');
INSERT INTO Participacao (atleta_id, time_id, olimpiada_id, modalidade_id, idade, altura, peso, medalha) VALUES (54554, 1, 18, 144, 21.0, 165.0, 60.0, 'Gold');
INSERT INTO Participacao (atleta_id, time_id, olimpiada_id, modalidade_id, idade, altura, peso, medalha) VALUES (54554, 1, 16, 144, 25.0, 165.0, 60.0, null);
INSERT INTO Participacao (atleta_id, time_id, olimpiada_id, modalidade_id, idade, altura, peso, medalha) VALUES (54554, 1, 24, 144, 29.0, 165.0, 60.0, null);
INSERT INTO Atletas (id, nome, sexo) VALUES (54555, 'Jeong Jin-Bong', 'M');
INSERT INTO Participacao (atleta_id, time_id, olimpiada_id, modalidade_id, idade, altura, peso, medalha) VALUES (54555, 1, 7, 12, 21.0, 185.0, 80.0, null);
INSERT INTO Atletas (id, nome, sexo) VALUES (54556, 'Jeong Jin-Hwa', 'M');
INSERT INTO Participacao (atleta_id, time_id, olimpiada_id, modalidade_id, idade, altura, peso, medalha) VALUES (54556, 1, 24, 126, 23.0, 183.0, 75.0, null);
INSERT INTO Participacao (atleta_id, time_id, olimpiada_id, modalidade_id, idade, altura, peso, medalha) VALUES (54556, 1, 4, 126, 27.0, 183.0, 75.0, null);
INSERT INTO Atletas (id, nome, sexo) VALUES (54557, 'Jeong Jin-Hyeok', 'M');
INSERT INTO Participacao (atleta_id, time_id, olimpiada_id, modalidade_id, idade, altura, peso, medalha) VALUES (54557, 1, 24, 67, 22.0, 170.0, 58.0, null);
INSERT INTO Atletas (id, nome, sexo) VALUES (54558, 'Jeong Jin-Seon', 'M');
INSERT INTO Participacao (atleta_id, time_id, olimpiada_id, modalidade_id, idade, altura, peso, medalha) VALUES (54558, 1, 16, 224, 24.0, 185.0, 83.0, null);
INSERT INTO Participacao (atleta_id, time_id, olimpiada_id, modalidade_id, idade, altura, peso, medalha) VALUES (54558, 1, 16, 200, 24.0, 185.0, 83.0, null);
INSERT INTO Participacao (atleta_id, time_id, olimpiada_id, modalidade_id, idade, altura, peso, medalha) VALUES (54558, 1, 24, 224, 28.0, 185.0, 83.0, 'Bronze');
INSERT INTO Participacao (atleta_id, time_id, olimpiada_id, modalidade_id, idade, altura, peso, medalha) VALUES (54558, 1, 4, 224, 32.0, 185.0, 83.0, null);
INSERT INTO Participacao (atleta_id, time_id, olimpiada_id, modalidade_id, idade, altura, peso, medalha) VALUES (54558, 1, 4, 200, 32.0, 185.0, 83.0, null);
INSERT INTO Atletas (id, nome, sexo) VALUES (54559, 'Jeong Jin-Su', 'M');
INSERT INTO Participacao (atleta_id, time_id, olimpiada_id, modalidade_id, idade, altura, peso, medalha) VALUES (54559, 1, 12, 90, 19.0, 160.0, 55.0, null);
INSERT INTO Participacao (atleta_id, time_id, olimpiada_id, modalidade_id, idade, altura, peso, medalha) VALUES (54559, 1, 12, 91, 19.0, 160.0, 55.0, null);
INSERT INTO Participacao (atleta_id, time_id, olimpiada_id, modalidade_id, idade, altura, peso, medalha) VALUES (54559, 1, 12, 92, 19.0, 160.0, 55.0, null);
INSERT INTO Participacao (atleta_id, time_id, olimpiada_id, modalidade_id, idade, altura, peso, medalha) VALUES (54559, 1, 12, 93, 19.0, 160.0, 55.0, null);
INSERT INTO Participacao (atleta_id, time_id, olimpiada_id, modalidade_id, idade, altura, peso, medalha) VALUES (54559, 1, 12, 94, 19.0, 160.0, 55.0, null);
INSERT INTO Participacao (atleta_id, time_id, olimpiada_id, modalidade_id, idade, altura, peso, medalha) VALUES (54559, 1, 12, 95, 19.0, 160.0, 55.0, null);
INSERT INTO Participacao (atleta_id, time_id, olimpiada_id, modalidade_id, idade, altura, peso, medalha) VALUES (54559, 1, 12, 96, 19.0, 160.0, 55.0, null);
INSERT INTO Participacao (atleta_id, time_id, olimpiada_id, modalidade_id, idade, altura, peso, medalha) VALUES (54559, 1, 12, 97, 19.0, 160.0, 55.0, null);
INSERT INTO Participacao (atleta_id, time_id, olimpiada_id, modalidade_id, idade, altura, peso, medalha) VALUES (54559, 1, 14, 90, 23.0, 160.0, 55.0, null);
INSERT INTO Participacao (atleta_id, time_id, olimpiada_id, modalidade_id, idade, altura, peso, medalha) VALUES (54559, 1, 14, 91, 23.0, 160.0, 55.0, null);
INSERT INTO Participacao (atleta_id, time_id, olimpiada_id, modalidade_id, idade, altura, peso, medalha) VALUES (54559, 1, 14, 92, 23.0, 160.0, 55.0, null);
INSERT INTO Participacao (atleta_id, time_id, olimpiada_id, modalidade_id, idade, altura, peso, medalha) VALUES (54559, 1, 14, 93, 23.0, 160.0, 55.0, null);
INSERT INTO Participacao (atleta_id, time_id, olimpiada_id, modalidade_id, idade, altura, peso, medalha) VALUES (54559, 1, 14, 94, 23.0, 160.0, 55.0, null);
INSERT INTO Participacao (atleta_id, time_id, olimpiada_id, modalidade_id, idade, altura, peso, medalha) VALUES (54559, 1, 14, 95, 23.0, 160.0, 55.0, null);
INSERT INTO Participacao (atleta_id, time_id, olimpiada_id, modalidade_id, idade, altura, peso, medalha) VALUES (54559, 1, 14, 96, 23.0, 160.0, 55.0, null);
INSERT INTO Participacao (atleta_id, time_id, olimpiada_id, modalidade_id, idade, altura, peso, medalha) VALUES (54559, 1, 14, 97, 23.0, 160.0, 55.0, null);
INSERT INTO Participacao (atleta_id, time_id, olimpiada_id, modalidade_id, idade, altura, peso, medalha) VALUES (54559, 1, 23, 90, 28.0, 160.0, 55.0, null);
INSERT INTO Participacao (atleta_id, time_id, olimpiada_id, modalidade_id, idade, altura, peso, medalha) VALUES (54559, 1, 23, 91, 28.0, 160.0, 55.0, null);
INSERT INTO Participacao (atleta_id, time_id, olimpiada_id, modalidade_id, idade, altura, peso, medalha) VALUES (54559, 1, 23, 92, 28.0, 160.0, 55.0, null);
INSERT INTO Participacao (atleta_id, time_id, olimpiada_id, modalidade_id, idade, altura, peso, medalha) VALUES (54559, 1, 23, 93, 28.0, 160.0, 55.0, null);
INSERT INTO Participacao (atleta_id, time_id, olimpiada_id, modalidade_id, idade, altura, peso, medalha) VALUES (54559, 1, 23, 94, 28.0, 160.0, 55.0, null);
INSERT INTO Participacao (atleta_id, time_id, olimpiada_id, modalidade_id, idade, altura, peso, medalha) VALUES (54559, 1, 23, 95, 28.0, 160.0, 55.0, null);
INSERT INTO Participacao (atleta_id, time_id, olimpiada_id, modalidade_id, idade, altura, peso, medalha) VALUES (54559, 1, 23, 96, 28.0, 160.0, 55.0, null);
INSERT INTO Participacao (atleta_id, time_id, olimpiada_id, modalidade_id, idade, altura, peso, medalha) VALUES (54559, 1, 23, 97, 28.0, 160.0, 55.0, null);
INSERT INTO Atletas (id, nome, sexo) VALUES (54560, 'Jeong Jin-Uk', 'M');
INSERT INTO Participacao (atleta_id, time_id, olimpiada_id, modalidade_id, idade, altura, peso, medalha) VALUES (54560, 1, 3, 51, 19.0, 178.0, 78.0, null);
INSERT INTO Atletas (id, nome, sexo) VALUES (54561, 'Jeong Mi', 'F');
INSERT INTO Participacao (atleta_id, time_id, olimpiada_id, modalidade_id, idade, altura, peso, medalha) VALUES (54561, 1, 6, 149, 18.0, 163.0, 58.0, null);
INSERT INTO Atletas (id, nome, sexo) VALUES (54562, 'Jeong Mi-Gyeong', 'F');
INSERT INTO Participacao (atleta_id, time_id, olimpiada_id, modalidade_id, idade, altura, peso, medalha) VALUES (54562, 1, 6, 33, 22.0, 175.0, 68.0, null);
INSERT INTO Atletas (id, nome, sexo) VALUES (54563, 'Jeong Mi-Ja', 'F');
INSERT INTO Modalidades (nome, esporte_id) VALUES ('Athletics Women''s 10,000 metres', 18);
INSERT INTO Participacao (atleta_id, time_id, olimpiada_id, modalidade_id, idade, altura, peso, medalha) VALUES (54563, 1, 6, 276, 18.0, 162.0, 46.0, null);
INSERT INTO Atletas (id, nome, sexo) VALUES (54564, 'Jeong Mi-Ra', 'F');
INSERT INTO Participacao (atleta_id, time_id, olimpiada_id, modalidade_id, idade, altura, peso, medalha) VALUES (54564, 1, 24, 117, 25.0, 172.0, 52.0, null);
INSERT INTO Participacao (atleta_id, time_id, olimpiada_id, modalidade_id, idade, altura, peso, medalha) VALUES (54564, 1, 24, 187, 25.0, 172.0, 52.0, null);
INSERT INTO Atletas (id, nome, sexo) VALUES (54565, 'Jeong Mi-Ran', 'F');
INSERT INTO Participacao (atleta_id, time_id, olimpiada_id, modalidade_id, idade, altura, peso, medalha) VALUES (54565, 1, 18, 33, 19.0, 183.0, 75.0, null);
INSERT INTO Atletas (id, nome, sexo) VALUES (54566, 'Jeong Min-Tae', 'M');
INSERT INTO Participacao (atleta_id, time_id, olimpiada_id, modalidade_id, idade, altura, peso, medalha) VALUES (54566, 1, 23, 20, 30.0, 183.0, 90.0, 'Bronze');
INSERT INTO Atletas (id, nome, sexo) VALUES (54567, 'Jeong Mun-Gyeong', 'M');
INSERT INTO Participacao (atleta_id, time_id, olimpiada_id, modalidade_id, idade, altura, peso, medalha) VALUES (54567, 1, 13, 72, 26.0, 175.0, 66.0, null);
INSERT INTO Atletas (id, nome, sexo) VALUES (54568, 'Jeong Myeong-Hui', 'F');
INSERT INTO Participacao (atleta_id, time_id, olimpiada_id, modalidade_id, idade, altura, peso, medalha) VALUES (54568, 1, 5, 33, 20.0, 180.0, 68.0, 'Silver');
INSERT INTO Atletas (id, nome, sexo) VALUES (54569, 'Jeong Myeong-O', 'M');
INSERT INTO Participacao (atleta_id, time_id, olimpiada_id, modalidade_id, idade, altura, peso, medalha) VALUES (54569, 1, 6, 84, 24.0, 173.0, 62.0, null);
INSERT INTO Atletas (id, nome, sexo) VALUES (54570, 'Jeong Nam-Gyun', 'M');
INSERT INTO Participacao (atleta_id, time_id, olimpiada_id, modalidade_id, idade, altura, peso, medalha) VALUES (54570, 1, 23, 67, 21.0, 178.0, 60.0, null);
INSERT INTO Atletas (id, nome, sexo) VALUES (54571, 'Jeong Nam-Sik', 'M');
INSERT INTO Participacao (atleta_id, time_id, olimpiada_id, modalidade_id, idade, altura, peso, medalha) VALUES (54571, 1, 8, 56, 31.0, null, null, null);
INSERT INTO Atletas (id, nome, sexo) VALUES (54572, 'Jeong On-Ra', 'F');
INSERT INTO Participacao (atleta_id, time_id, olimpiada_id, modalidade_id, idade, altura, peso, medalha) VALUES (54572, 1, 14, 208, 14.0, null, null, null);
INSERT INTO Participacao (atleta_id, time_id, olimpiada_id, modalidade_id, idade, altura, peso, medalha) VALUES (54572, 1, 14, 232, 14.0, null, null, null);
INSERT INTO Modalidades (nome, esporte_id) VALUES ('Swimming Women''s 4 x 200 metres Freestyle Relay', 17);
INSERT INTO Participacao (atleta_id, time_id, olimpiada_id, modalidade_id, idade, altura, peso, medalha) VALUES (54572, 1, 14, 277, 14.0, null, null, null);
INSERT INTO Atletas (id, nome, sexo) VALUES (54573, 'Jeong Pil-Hwa', 'M');
INSERT INTO Participacao (atleta_id, time_id, olimpiada_id, modalidade_id, idade, altura, peso, medalha) VALUES (54573, 1, 6, 84, 33.0, 167.0, 67.0, null);
INSERT INTO Atletas (id, nome, sexo) VALUES (54574, 'Jeong Ri-Gwang', 'M');
INSERT INTO Participacao (atleta_id, time_id, olimpiada_id, modalidade_id, idade, altura, peso, medalha) VALUES (54574, 1, 7, 90, 22.0, 162.0, 58.0, null);
INSERT INTO Participacao (atleta_id, time_id, olimpiada_id, modalidade_id, idade, altura, peso, medalha) VALUES (54574, 1, 7, 91, 22.0, 162.0, 58.0, null);
INSERT INTO Participacao (atleta_id, time_id, olimpiada_id, modalidade_id, idade, altura, peso, medalha) VALUES (54574, 1, 7, 92, 22.0, 162.0, 58.0, null);
INSERT INTO Participacao (atleta_id, time_id, olimpiada_id, modalidade_id, idade, altura, peso, medalha) VALUES (54574, 1, 7, 93, 22.0, 162.0, 58.0, null);
INSERT INTO Participacao (atleta_id, time_id, olimpiada_id, modalidade_id, idade, altura, peso, medalha) VALUES (54574, 1, 7, 94, 22.0, 162.0, 58.0, null);
INSERT INTO Participacao (atleta_id, time_id, olimpiada_id, modalidade_id, idade, altura, peso, medalha) VALUES (54574, 1, 7, 95, 22.0, 162.0, 58.0, null);
INSERT INTO Participacao (atleta_id, time_id, olimpiada_id, modalidade_id, idade, altura, peso, medalha) VALUES (54574, 1, 7, 96, 22.0, 162.0, 58.0, null);
INSERT INTO Participacao (atleta_id, time_id, olimpiada_id, modalidade_id, idade, altura, peso, medalha) VALUES (54574, 1, 7, 97, 22.0, 162.0, 58.0, null);
INSERT INTO Atletas (id, nome, sexo) VALUES (54575, 'Jeong Ryo-Hwan', 'M');
INSERT INTO Participacao (atleta_id, time_id, olimpiada_id, modalidade_id, idade, altura, peso, medalha) VALUES (54575, 1, 6, 56, 28.0, 178.0, 72.0, null);
INSERT INTO Atletas (id, nome, sexo) VALUES (54576, 'Jeong Sang-Hyeon', 'F');
INSERT INTO Participacao (atleta_id, time_id, olimpiada_id, modalidade_id, idade, altura, peso, medalha) VALUES (54576, 1, 6, 21, 25.0, 162.0, 53.0, 'Silver');
INSERT INTO Atletas (id, nome, sexo) VALUES (54577, 'Jeong Sang-Jin', 'M');
INSERT INTO Participacao (atleta_id, time_id, olimpiada_id, modalidade_id, idade, altura, peso, medalha) VALUES (54577, 1, 24, 163, 28.0, 188.0, 103.0, null);
INSERT INTO Atletas (id, nome, sexo) VALUES (54578, 'Jeong Seon-Hong', 'M');
INSERT INTO Participacao (atleta_id, time_id, olimpiada_id, modalidade_id, idade, altura, peso, medalha) VALUES (54578, 1, 7, 72, 25.0, 179.0, 75.0, null);
INSERT INTO Atletas (id, nome, sexo) VALUES (54579, 'Jeong Seon-Hye', 'F');
INSERT INTO Participacao (atleta_id, time_id, olimpiada_id, modalidade_id, idade, altura, peso, medalha) VALUES (54579, 1, 14, 18, 20.0, 174.0, 68.0, null);
INSERT INTO Participacao (atleta_id, time_id, olimpiada_id, modalidade_id, idade, altura, peso, medalha) VALUES (54579, 1, 23, 18, 24.0, 174.0, 68.0, null);
INSERT INTO Atletas (id, nome, sexo) VALUES (54580, 'Jeong Seon-Min', 'F');
INSERT INTO Participacao (atleta_id, time_id, olimpiada_id, modalidade_id, idade, altura, peso, medalha) VALUES (54580, 1, 14, 33, 21.0, 185.0, 79.0, null);
INSERT INTO Participacao (atleta_id, time_id, olimpiada_id, modalidade_id, idade, altura, peso, medalha) VALUES (54580, 1, 23, 33, 25.0, 185.0, 79.0, null);
INSERT INTO Participacao (atleta_id, time_id, olimpiada_id, modalidade_id, idade, altura, peso, medalha) VALUES (54580, 1, 16, 33, 33.0, 185.0, 79.0, null);
INSERT INTO Atletas (id, nome, sexo) VALUES (54581, 'Jeong Seon-Yong', 'F');
INSERT INTO Participacao (atleta_id, time_id, olimpiada_id, modalidade_id, idade, altura, peso, medalha) VALUES (54581, 1, 12, 188, 21.0, null, null, null);
INSERT INTO Participacao (atleta_id, time_id, olimpiada_id, modalidade_id, idade, altura, peso, medalha) VALUES (54581, 1, 14, 188, 25.0, null, null, 'Silver');
INSERT INTO Atletas (id, nome, sexo) VALUES (54582, 'Jeong Seong-An', 'M');
INSERT INTO Modalidades (nome, esporte_id) VALUES ('Sailing Men''s Two Person Dinghy', 40);
INSERT INTO Participacao (atleta_id, time_id, olimpiada_id, modalidade_id, idade, altura, peso, medalha) VALUES (54582, 1, 12, 278, 20.0, 184.0, 78.0, null);
INSERT INTO Participacao (atleta_id, time_id, olimpiada_id, modalidade_id, idade, altura, peso, medalha) VALUES (54582, 1, 14, 278, 24.0, 184.0, 78.0, null);
INSERT INTO Participacao (atleta_id, time_id, olimpiada_id, modalidade_id, idade, altura, peso, medalha) VALUES (54582, 1, 23, 278, 28.0, 184.0, 78.0, null);
INSERT INTO Participacao (atleta_id, time_id, olimpiada_id, modalidade_id, idade, altura, peso, medalha) VALUES (54582, 1, 18, 278, 32.0, 184.0, 78.0, null);
INSERT INTO Atletas (id, nome, sexo) VALUES (54583, 'Jeong Seong-Ryong', 'M');
INSERT INTO Participacao (atleta_id, time_id, olimpiada_id, modalidade_id, idade, altura, peso, medalha) VALUES (54583, 1, 16, 56, 23.0, 190.0, 88.0, null);
INSERT INTO Participacao (atleta_id, time_id, olimpiada_id, modalidade_id, idade, altura, peso, medalha) VALUES (54583, 1, 24, 56, 27.0, 190.0, 88.0, 'Bronze');
INSERT INTO Atletas (id, nome, sexo) VALUES (54584, 'Jeong Seong-Suk', 'F');
INSERT INTO Participacao (atleta_id, time_id, olimpiada_id, modalidade_id, idade, altura, peso, medalha) VALUES (54584, 1, 14, 70, 24.0, 165.0, 63.0, 'Bronze');
INSERT INTO Participacao (atleta_id, time_id, olimpiada_id, modalidade_id, idade, altura, peso, medalha) VALUES (54584, 1, 23, 70, 28.0, 165.0, 63.0, 'Bronze');
INSERT INTO Atletas (id, nome, sexo) VALUES (54585, 'Jeong Seul-Gi', 'F');
INSERT INTO Participacao (atleta_id, time_id, olimpiada_id, modalidade_id, idade, altura, peso, medalha) VALUES (54585, 1, 16, 81, 20.0, 175.0, 60.0, null);
INSERT INTO Participacao (atleta_id, time_id, olimpiada_id, modalidade_id, idade, altura, peso, medalha) VALUES (54585, 1, 16, 69, 20.0, 175.0, 60.0, null);
INSERT INTO Atletas (id, nome, sexo) VALUES (54586, 'Jeong Seung-Won', 'M');
INSERT INTO Modalidades (nome, esporte_id) VALUES ('Boxing Men''s Super-Heavyweight', 8);
INSERT INTO Participacao (atleta_id, time_id, olimpiada_id, modalidade_id, idade, altura, peso, medalha) VALUES (54586, 1, 12, 279, 21.0, null, null, null);
INSERT INTO Atletas (id, nome, sexo) VALUES (54587, 'Jeong Sin-Jo', 'M');
INSERT INTO Participacao (atleta_id, time_id, olimpiada_id, modalidade_id, idade, altura, peso, medalha) VALUES (54587, 1, 15, 215, 20.0, 162.0, 51.0, null);
INSERT INTO Participacao (atleta_id, time_id, olimpiada_id, modalidade_id, idade, altura, peso, medalha) VALUES (54587, 1, 7, 55, 24.0, 162.0, 51.0, 'Silver');
INSERT INTO Atletas (id, nome, sexo) VALUES (54589, 'Jeong Su-Geun', 'M');
INSERT INTO Participacao (atleta_id, time_id, olimpiada_id, modalidade_id, idade, altura, peso, medalha) VALUES (54589, 1, 23, 20, 23.0, 178.0, 67.0, 'Bronze');
INSERT INTO Atletas (id, nome, sexo) VALUES (54590, 'Jeong Su-Gi', 'M');
INSERT INTO Participacao (atleta_id, time_id, olimpiada_id, modalidade_id, idade, altura, peso, medalha) VALUES (54590, 1, 14, 111, 25.0, null, null, null);
INSERT INTO Participacao (atleta_id, time_id, olimpiada_id, modalidade_id, idade, altura, peso, medalha) VALUES (54590, 1, 14, 112, 25.0, null, null, null);
INSERT INTO Atletas (id, nome, sexo) VALUES (54591, 'Jeong Su-Yeong', 'M');
INSERT INTO Participacao (atleta_id, time_id, olimpiada_id, modalidade_id, idade, altura, peso, medalha) VALUES (54591, 1, 16, 28, 22.0, 184.0, 78.0, null);
INSERT INTO Participacao (atleta_id, time_id, olimpiada_id, modalidade_id, idade, altura, peso, medalha) VALUES (54591, 1, 24, 28, 26.0, 184.0, 78.0, null);
INSERT INTO Atletas (id, nome, sexo) VALUES (54592, 'Jeong Sun-Bok', 'F');
INSERT INTO Participacao (atleta_id, time_id, olimpiada_id, modalidade_id, idade, altura, peso, medalha) VALUES (54592, 1, 5, 26, 23.0, 168.0, 55.0, 'Silver');
INSERT INTO Atletas (id, nome, sexo) VALUES (54593, 'Jeong Sun-Ja', 'F');
INSERT INTO Participacao (atleta_id, time_id, olimpiada_id, modalidade_id, idade, altura, peso, medalha) VALUES (54593, 1, 7, 132, 17.0, 155.0, 49.0, null);
INSERT INTO Atletas (id, nome, sexo) VALUES (54594, 'Jeong Sun-Ok', 'F');
INSERT INTO Participacao (atleta_id, time_id, olimpiada_id, modalidade_id, idade, altura, peso, medalha) VALUES (54594, 1, 13, 18, 21.0, 173.0, 68.0, 'Bronze');
INSERT INTO Atletas (id, nome, sexo) VALUES (54595, 'Jeong Sun-Ok', 'F');
INSERT INTO Participacao (atleta_id, time_id, olimpiada_id, modalidade_id, idade, altura, peso, medalha) VALUES (54595, 1, 16, 220, 25.0, 168.0, 58.0, null);
INSERT INTO Atletas (id, nome, sexo) VALUES (54596, 'Jeong Sun-Won', 'M');
INSERT INTO Modalidades (nome, esporte_id) VALUES ('Wrestling Men''s Light-Flyweight, Freestyle', 7);
INSERT INTO Participacao (atleta_id, time_id, olimpiada_id, modalidade_id, idade, altura, peso, medalha) VALUES (54596, 1, 14, 280, 22.0, 160.0, 54.0, null);
INSERT INTO Atletas (id, nome, sexo) VALUES (54597, 'Jeong U-Yeong', 'M');
INSERT INTO Participacao (atleta_id, time_id, olimpiada_id, modalidade_id, idade, altura, peso, medalha) VALUES (54597, 1, 24, 56, 22.0, 186.0, 78.0, 'Bronze');
INSERT INTO Atletas (id, nome, sexo) VALUES (54598, 'Jeong Ui-Gyeong', 'M');
INSERT INTO Participacao (atleta_id, time_id, olimpiada_id, modalidade_id, idade, altura, peso, medalha) VALUES (54598, 1, 16, 28, 23.0, 188.0, 80.0, null);
INSERT INTO Participacao (atleta_id, time_id, olimpiada_id, modalidade_id, idade, altura, peso, medalha) VALUES (54598, 1, 24, 28, 27.0, 188.0, 80.0, null);
INSERT INTO Atletas (id, nome, sexo) VALUES (54599, 'Jeong Ui-Myeong', 'M');
INSERT INTO Participacao (atleta_id, time_id, olimpiada_id, modalidade_id, idade, altura, peso, medalha) VALUES (54599, 1, 19, 2, 20.0, 172.0, 66.0, null);
INSERT INTO Modalidades (nome, esporte_id) VALUES ('Cross Country Skiing Men''s 10/10 kilometres Pursuit', 1);
INSERT INTO Participacao (atleta_id, time_id, olimpiada_id, modalidade_id, idade, altura, peso, medalha) VALUES (54599, 1, 19, 281, 20.0, 172.0, 66.0, null);
INSERT INTO Modalidades (nome, esporte_id) VALUES ('Cross Country Skiing Men''s Sprint', 1);
INSERT INTO Participacao (atleta_id, time_id, olimpiada_id, modalidade_id, idade, altura, peso, medalha) VALUES (54599, 1, 20, 282, 24.0, 172.0, 66.0, null);
INSERT INTO Participacao (atleta_id, time_id, olimpiada_id, modalidade_id, idade, altura, peso, medalha) VALUES (54599, 1, 20, 108, 24.0, 172.0, 66.0, null);
INSERT INTO Participacao (atleta_id, time_id, olimpiada_id, modalidade_id, idade, altura, peso, medalha) VALUES (54599, 1, 20, 236, 24.0, 172.0, 66.0, null);
INSERT INTO Participacao (atleta_id, time_id, olimpiada_id, modalidade_id, idade, altura, peso, medalha) VALUES (54599, 1, 20, 134, 24.0, 172.0, 66.0, null);
INSERT INTO Atletas (id, nome, sexo) VALUES (54600, 'Jeong Ui-Tak', 'M');
INSERT INTO Participacao (atleta_id, time_id, olimpiada_id, modalidade_id, idade, altura, peso, medalha) VALUES (54600, 1, 5, 72, 23.0, 194.0, 80.0, null);
INSERT INTO Participacao (atleta_id, time_id, olimpiada_id, modalidade_id, idade, altura, peso, medalha) VALUES (54600, 1, 6, 72, 27.0, 194.0, 80.0, null);
INSERT INTO Atletas (id, nome, sexo) VALUES (54601, 'Jeong Won-Yong', 'M');
INSERT INTO Participacao (atleta_id, time_id, olimpiada_id, modalidade_id, idade, altura, peso, medalha) VALUES (54601, 1, 24, 216, 20.0, 178.0, 74.0, null);
INSERT INTO Modalidades (nome, esporte_id) VALUES ('Swimming Men''s 400 metres Individual Medley', 17);
INSERT INTO Participacao (atleta_id, time_id, olimpiada_id, modalidade_id, idade, altura, peso, medalha) VALUES (54601, 1, 24, 283, 20.0, 178.0, 74.0, null);
INSERT INTO Atletas (id, nome, sexo) VALUES (54602, 'Jeong Yeong-Ho', 'M');
INSERT INTO Participacao (atleta_id, time_id, olimpiada_id, modalidade_id, idade, altura, peso, medalha) VALUES (54602, 1, 18, 78, 22.0, 174.0, 66.0, null);
INSERT INTO Participacao (atleta_id, time_id, olimpiada_id, modalidade_id, idade, altura, peso, medalha) VALUES (54602, 1, 16, 66, 26.0, 174.0, 66.0, null);
INSERT INTO Atletas (id, nome, sexo) VALUES (54603, 'Jeong Yeong-Hun', 'M');
INSERT INTO Participacao (atleta_id, time_id, olimpiada_id, modalidade_id, idade, altura, peso, medalha) VALUES (54603, 1, 14, 37, 23.0, 178.0, 72.0, null);
INSERT INTO Atletas (id, nome, sexo) VALUES (54604, 'Jeong Yong-Gyun', 'M');
INSERT INTO Participacao (atleta_id, time_id, olimpiada_id, modalidade_id, idade, altura, peso, medalha) VALUES (54604, 1, 14, 89, 24.0, null, null, null);
INSERT INTO Atletas (id, nome, sexo) VALUES (54605, 'Jeong Yu-Ra', 'F');
INSERT INTO Participacao (atleta_id, time_id, olimpiada_id, modalidade_id, idade, altura, peso, medalha) VALUES (54605, 1, 24, 26, 20.0, 170.0, 63.0, null);
INSERT INTO Participacao (atleta_id, time_id, olimpiada_id, modalidade_id, idade, altura, peso, medalha) VALUES (54605, 1, 4, 26, 24.0, 170.0, 63.0, null);
INSERT INTO Atletas (id, nome, sexo) VALUES (54606, 'Jeong Yun-Hui', 'F');
INSERT INTO Participacao (atleta_id, time_id, olimpiada_id, modalidade_id, idade, altura, peso, medalha) VALUES (54606, 1, 18, 34, 21.0, 159.0, 45.0, null);
INSERT INTO Participacao (atleta_id, time_id, olimpiada_id, modalidade_id, idade, altura, peso, medalha) VALUES (54606, 1, 24, 34, 29.0, 159.0, 45.0, null);
INSERT INTO Atletas (id, nome, sexo) VALUES (54607, 'Jeong Yun-Ok', 'M');
INSERT INTO Participacao (atleta_id, time_id, olimpiada_id, modalidade_id, idade, altura, peso, medalha) VALUES (54607, 1, 13, 24, 27.0, 167.0, 57.0, null);
INSERT INTO Atletas (id, nome, sexo) VALUES (54608, 'Jeoung Young-Sik', 'M');
INSERT INTO Participacao (atleta_id, time_id, olimpiada_id, modalidade_id, idade, altura, peso, medalha) VALUES (54608, 1, 4, 182, 24.0, 182.0, 65.0, null);
INSERT INTO Modalidades (nome, esporte_id) VALUES ('Table Tennis Men''s Team', 35);
INSERT INTO Participacao (atleta_id, time_id, olimpiada_id, modalidade_id, idade, altura, peso, medalha) VALUES (54608, 1, 4, 284, 24.0, 182.0, 65.0, null);
INSERT INTO Atletas (id, nome, sexo) VALUES (54733, 'Ji Deok-Han', 'M');
INSERT INTO Participacao (atleta_id, time_id, olimpiada_id, modalidade_id, idade, altura, peso, medalha) VALUES (54733, 1, 7, 29, 24.0, 179.0, 76.0, null);
INSERT INTO Atletas (id, nome, sexo) VALUES (54734, 'Ji Dong-Won', 'M');
INSERT INTO Participacao (atleta_id, time_id, olimpiada_id, modalidade_id, idade, altura, peso, medalha) VALUES (54734, 1, 24, 56, 21.0, 186.0, 75.0, 'Bronze');
INSERT INTO Atletas (id, nome, sexo) VALUES (54737, 'Ji Gyeong-Hui', 'F');
INSERT INTO Participacao (atleta_id, time_id, olimpiada_id, modalidade_id, idade, altura, peso, medalha) VALUES (54737, 1, 6, 18, 21.0, 176.0, 67.0, null);
INSERT INTO Atletas (id, nome, sexo) VALUES (54738, 'Ji Hun-Min', 'M');
INSERT INTO Participacao (atleta_id, time_id, olimpiada_id, modalidade_id, idade, altura, peso, medalha) VALUES (54738, 1, 16, 128, 24.0, 157.0, 62.0, null);
INSERT INTO Participacao (atleta_id, time_id, olimpiada_id, modalidade_id, idade, altura, peso, medalha) VALUES (54738, 1, 24, 128, 28.0, 157.0, 62.0, null);
INSERT INTO Atletas (id, nome, sexo) VALUES (54739, 'Ji Jae-Gwan', 'M');
INSERT INTO Participacao (atleta_id, time_id, olimpiada_id, modalidade_id, idade, altura, peso, medalha) VALUES (54739, 1, 6, 89, 28.0, 178.0, 76.0, null);
INSERT INTO Atletas (id, nome, sexo) VALUES (54740, 'Ji Jeong-Mi', 'F');
INSERT INTO Modalidades (nome, esporte_id) VALUES ('Athletics Women''s Heptathlon', 18);
INSERT INTO Participacao (atleta_id, time_id, olimpiada_id, modalidade_id, idade, altura, peso, medalha) VALUES (54740, 1, 6, 285, 25.0, 165.0, 55.0, null);
INSERT INTO Atletas (id, nome, sexo) VALUES (54743, 'Ji Jong-Gu', 'M');
INSERT INTO Participacao (atleta_id, time_id, olimpiada_id, modalidade_id, idade, altura, peso, medalha) VALUES (54743, 1, 12, 8, 22.0, null, null, null);
INSERT INTO Atletas (id, nome, sexo) VALUES (54744, 'Ji Ju-Hyeon', 'M');
INSERT INTO Participacao (atleta_id, time_id, olimpiada_id, modalidade_id, idade, altura, peso, medalha) VALUES (54744, 1, 5, 128, 20.0, 160.0, 62.0, null);
INSERT INTO Atletas (id, nome, sexo) VALUES (54748, 'Ji Sang-Jun', 'M');
INSERT INTO Modalidades (nome, esporte_id) VALUES ('Swimming Men''s 100 metres Backstroke', 17);
INSERT INTO Participacao (atleta_id, time_id, olimpiada_id, modalidade_id, idade, altura, peso, medalha) VALUES (54748, 1, 12, 286, 18.0, null, null, null);
INSERT INTO Modalidades (nome, esporte_id) VALUES ('Swimming Men''s 200 metres Backstroke', 17);
INSERT INTO Participacao (atleta_id, time_id, olimpiada_id, modalidade_id, idade, altura, peso, medalha) VALUES (54748, 1, 12, 287, 18.0, null, null, null);
INSERT INTO Participacao (atleta_id, time_id, olimpiada_id, modalidade_id, idade, altura, peso, medalha) VALUES (54748, 1, 14, 287, 22.0, null, null, null);
INSERT INTO Atletas (id, nome, sexo) VALUES (54749, 'Ji Seong-Hwan', 'M');
INSERT INTO Participacao (atleta_id, time_id, olimpiada_id, modalidade_id, idade, altura, peso, medalha) VALUES (54749, 1, 23, 89, 25.0, 184.0, 80.0, 'Silver');
INSERT INTO Participacao (atleta_id, time_id, olimpiada_id, modalidade_id, idade, altura, peso, medalha) VALUES (54749, 1, 18, 89, 29.0, 184.0, 80.0, null);
INSERT INTO Atletas (id, nome, sexo) VALUES (54750, 'Ji Seung-Hwan', 'M');
INSERT INTO Participacao (atleta_id, time_id, olimpiada_id, modalidade_id, idade, altura, peso, medalha) VALUES (54750, 1, 12, 37, 20.0, null, null, null);
INSERT INTO Atletas (id, nome, sexo) VALUES (54751, 'Ji Seung-Hyeon', 'M');
INSERT INTO Participacao (atleta_id, time_id, olimpiada_id, modalidade_id, idade, altura, peso, medalha) VALUES (54751, 1, 18, 28, 25.0, 179.0, 71.0, null);
INSERT INTO Atletas (id, nome, sexo) VALUES (54757, 'Ji Yeong-Jun', 'M');
INSERT INTO Participacao (atleta_id, time_id, olimpiada_id, modalidade_id, idade, altura, peso, medalha) VALUES (54757, 1, 18, 67, 22.0, 172.0, 55.0, null);
INSERT INTO Atletas (id, nome, sexo) VALUES (54758, 'Ji Yong-Ju', 'M');
INSERT INTO Participacao (atleta_id, time_id, olimpiada_id, modalidade_id, idade, altura, peso, medalha) VALUES (54758, 1, 10, 234, 19.0, 158.0, 48.0, 'Silver');
INSERT INTO Atletas (id, nome, sexo) VALUES (54759, 'Ji Yoo-Jin', 'F');
INSERT INTO Participacao (atleta_id, time_id, olimpiada_id, modalidade_id, idade, altura, peso, medalha) VALUES (54759, 1, 16, 256, 20.0, 170.0, 60.0, null);
INSERT INTO Atletas (id, nome, sexo) VALUES (54870, 'Jin Chang-Uk', 'M');
INSERT INTO Participacao (atleta_id, time_id, olimpiada_id, modalidade_id, idade, altura, peso, medalha) VALUES (54870, 1, 12, 72, 20.0, null, null, null);
INSERT INTO Atletas (id, nome, sexo) VALUES (54871, 'Jin Deok-San', 'F');
INSERT INTO Participacao (atleta_id, time_id, olimpiada_id, modalidade_id, idade, altura, peso, medalha) VALUES (54871, 1, 12, 21, 19.0, null, null, null);
INSERT INTO Participacao (atleta_id, time_id, olimpiada_id, modalidade_id, idade, altura, peso, medalha) VALUES (54871, 1, 14, 21, 23.0, null, null, 'Silver');
INSERT INTO Atletas (id, nome, sexo) VALUES (54876, 'Jin Gab-Yong', 'M');
INSERT INTO Participacao (atleta_id, time_id, olimpiada_id, modalidade_id, idade, altura, peso, medalha) VALUES (54876, 1, 14, 20, 22.0, 182.0, 90.0, null);
INSERT INTO Participacao (atleta_id, time_id, olimpiada_id, modalidade_id, idade, altura, peso, medalha) VALUES (54876, 1, 16, 20, 34.0, 182.0, 90.0, 'Gold');
INSERT INTO Atletas (id, nome, sexo) VALUES (54881, 'Jin Jang-Rim', 'M');
INSERT INTO Participacao (atleta_id, time_id, olimpiada_id, modalidade_id, idade, altura, peso, medalha) VALUES (54881, 1, 7, 127, 21.0, 179.0, 82.0, null);
INSERT INTO Atletas (id, nome, sexo) VALUES (54882, 'Jin Jong-O', 'M');
INSERT INTO Participacao (atleta_id, time_id, olimpiada_id, modalidade_id, idade, altura, peso, medalha) VALUES (54882, 1, 18, 157, 24.0, 175.0, 78.0, null);
INSERT INTO Participacao (atleta_id, time_id, olimpiada_id, modalidade_id, idade, altura, peso, medalha) VALUES (54882, 1, 18, 22, 24.0, 175.0, 78.0, 'Silver');
INSERT INTO Participacao (atleta_id, time_id, olimpiada_id, modalidade_id, idade, altura, peso, medalha) VALUES (54882, 1, 16, 157, 28.0, 175.0, 78.0, 'Silver');
INSERT INTO Participacao (atleta_id, time_id, olimpiada_id, modalidade_id, idade, altura, peso, medalha) VALUES (54882, 1, 16, 22, 28.0, 175.0, 78.0, 'Gold');
INSERT INTO Participacao (atleta_id, time_id, olimpiada_id, modalidade_id, idade, altura, peso, medalha) VALUES (54882, 1, 24, 157, 32.0, 175.0, 78.0, 'Gold');
INSERT INTO Participacao (atleta_id, time_id, olimpiada_id, modalidade_id, idade, altura, peso, medalha) VALUES (54882, 1, 24, 22, 32.0, 175.0, 78.0, 'Gold');
INSERT INTO Participacao (atleta_id, time_id, olimpiada_id, modalidade_id, idade, altura, peso, medalha) VALUES (54882, 1, 4, 157, 36.0, 175.0, 78.0, null);
INSERT INTO Participacao (atleta_id, time_id, olimpiada_id, modalidade_id, idade, altura, peso, medalha) VALUES (54882, 1, 4, 22, 36.0, 175.0, 78.0, 'Gold');
INSERT INTO Atletas (id, nome, sexo) VALUES (54884, 'Jin Jun-Tak', 'M');
INSERT INTO Participacao (atleta_id, time_id, olimpiada_id, modalidade_id, idade, altura, peso, medalha) VALUES (54884, 1, 11, 72, 23.0, 187.0, 78.0, null);
INSERT INTO Atletas (id, nome, sexo) VALUES (54886, 'Jin Mi-Jeong', 'F');
INSERT INTO Participacao (atleta_id, time_id, olimpiada_id, modalidade_id, idade, altura, peso, medalha) VALUES (54886, 1, 16, 33, 30.0, 173.0, 63.0, null);
INSERT INTO Atletas (id, nome, sexo) VALUES (54888, 'Jin O-Hyeon', 'M');
INSERT INTO Modalidades (nome, esporte_id) VALUES ('Weightlifting Men''s Lightweight', 19);
INSERT INTO Participacao (atleta_id, time_id, olimpiada_id, modalidade_id, idade, altura, peso, medalha) VALUES (54888, 1, 15, 288, 24.0, 163.0, 67.0, null);
INSERT INTO Atletas (id, nome, sexo) VALUES (54890, 'Jin Pil-Jung', 'M');
INSERT INTO Participacao (atleta_id, time_id, olimpiada_id, modalidade_id, idade, altura, peso, medalha) VALUES (54890, 1, 23, 20, 27.0, 186.0, 83.0, 'Bronze');
INSERT INTO Atletas (id, nome, sexo) VALUES (54891, 'Jin Seon-Guk', 'M');
INSERT INTO Participacao (atleta_id, time_id, olimpiada_id, modalidade_id, idade, altura, peso, medalha) VALUES (54891, 1, 14, 272, 25.0, 177.0, 80.0, null);
INSERT INTO Atletas (id, nome, sexo) VALUES (54892, 'Jin Seon-Yu', 'F');
INSERT INTO Participacao (atleta_id, time_id, olimpiada_id, modalidade_id, idade, altura, peso, medalha) VALUES (54892, 1, 20, 120, 17.0, 164.0, 56.0, null);
INSERT INTO Participacao (atleta_id, time_id, olimpiada_id, modalidade_id, idade, altura, peso, medalha) VALUES (54892, 1, 20, 121, 17.0, 164.0, 56.0, 'Gold');
INSERT INTO Participacao (atleta_id, time_id, olimpiada_id, modalidade_id, idade, altura, peso, medalha) VALUES (54892, 1, 20, 79, 17.0, 164.0, 56.0, 'Gold');
INSERT INTO Participacao (atleta_id, time_id, olimpiada_id, modalidade_id, idade, altura, peso, medalha) VALUES (54892, 1, 20, 30, 17.0, 164.0, 56.0, 'Gold');
INSERT INTO Atletas (id, nome, sexo) VALUES (54893, 'Jin Sun-Ryeong', 'F');
INSERT INTO Participacao (atleta_id, time_id, olimpiada_id, modalidade_id, idade, altura, peso, medalha) VALUES (54893, 1, 14, 117, 25.0, null, null, null);
INSERT INTO Atletas (id, nome, sexo) VALUES (54895, 'Jin Won-Sim', 'F');
INSERT INTO Participacao (atleta_id, time_id, olimpiada_id, modalidade_id, idade, altura, peso, medalha) VALUES (54895, 1, 6, 21, 22.0, 160.0, 55.0, 'Silver');
INSERT INTO Atletas (id, nome, sexo) VALUES (54943, 'Jo Beom-Yeon', 'M');
INSERT INTO Participacao (atleta_id, time_id, olimpiada_id, modalidade_id, idade, altura, peso, medalha) VALUES (54943, 1, 12, 28, 21.0, 180.0, 85.0, null);
INSERT INTO Participacao (atleta_id, time_id, olimpiada_id, modalidade_id, idade, altura, peso, medalha) VALUES (54943, 1, 23, 28, 29.0, 180.0, 85.0, null);
INSERT INTO Atletas (id, nome, sexo) VALUES (54944, 'Jo Bo-Ra', 'F');
INSERT INTO Participacao (atleta_id, time_id, olimpiada_id, modalidade_id, idade, altura, peso, medalha) VALUES (54944, 1, 23, 21, 20.0, 168.0, 59.0, null);
INSERT INTO Atletas (id, nome, sexo) VALUES (54946, 'Jo Byeong-Deuk', 'M');
INSERT INTO Participacao (atleta_id, time_id, olimpiada_id, modalidade_id, idade, altura, peso, medalha) VALUES (54946, 1, 6, 56, 30.0, 183.0, 83.0, null);
INSERT INTO Atletas (id, nome, sexo) VALUES (54947, 'Jo Byeong-Guk', 'M');
INSERT INTO Participacao (atleta_id, time_id, olimpiada_id, modalidade_id, idade, altura, peso, medalha) VALUES (54947, 1, 18, 56, 23.0, 183.0, 78.0, null);
INSERT INTO Atletas (id, nome, sexo) VALUES (54948, 'Jo Byeong-Hyeon', 'M');
INSERT INTO Participacao (atleta_id, time_id, olimpiada_id, modalidade_id, idade, altura, peso, medalha) VALUES (54948, 1, 9, 12, null, null, null, null);
INSERT INTO Atletas (id, nome, sexo) VALUES (54949, 'Jo Byeong-On', 'M');
INSERT INTO Modalidades (nome, esporte_id) VALUES ('Wrestling Men''s Heavyweight, Freestyle', 7);
INSERT INTO Participacao (atleta_id, time_id, olimpiada_id, modalidade_id, idade, altura, peso, medalha) VALUES (54949, 1, 6, 289, 27.0, 180.0, 97.0, null);
INSERT INTO Atletas (id, nome, sexo) VALUES (54950, 'Jo Chang-Je', 'M');
INSERT INTO Participacao (atleta_id, time_id, olimpiada_id, modalidade_id, idade, altura, peso, medalha) VALUES (54950, 1, 7, 202, 21.0, 168.0, 64.0, null);
INSERT INTO Atletas (id, nome, sexo) VALUES (54951, 'Jo Chi-Hyo', 'M');
INSERT INTO Participacao (atleta_id, time_id, olimpiada_id, modalidade_id, idade, altura, peso, medalha) VALUES (54951, 1, 12, 28, 21.0, 192.0, 93.0, null);
INSERT INTO Participacao (atleta_id, time_id, olimpiada_id, modalidade_id, idade, altura, peso, medalha) VALUES (54951, 1, 23, 28, 29.0, 192.0, 93.0, null);
INSERT INTO Participacao (atleta_id, time_id, olimpiada_id, modalidade_id, idade, altura, peso, medalha) VALUES (54951, 1, 16, 28, 37.0, 192.0, 93.0, null);
INSERT INTO Atletas (id, nome, sexo) VALUES (54952, 'Jo Dae-Don', 'M');
INSERT INTO Participacao (atleta_id, time_id, olimpiada_id, modalidade_id, idade, altura, peso, medalha) VALUES (54952, 1, 23, 202, 16.0, 163.0, 55.0, null);
INSERT INTO Atletas (id, nome, sexo) VALUES (54953, 'Jo Deok-Haeng', 'M');
INSERT INTO Participacao (atleta_id, time_id, olimpiada_id, modalidade_id, idade, altura, peso, medalha) VALUES (54953, 1, 6, 11, 21.0, 170.0, 62.0, null);
INSERT INTO Atletas (id, nome, sexo) VALUES (54954, 'Jo Deok-Jin', 'M');
INSERT INTO Participacao (atleta_id, time_id, olimpiada_id, modalidade_id, idade, altura, peso, medalha) VALUES (54954, 1, 16, 211, 25.0, 178.0, 75.0, null);
INSERT INTO Atletas (id, nome, sexo) VALUES (54955, 'Jo Deuk-Jun', 'M');
INSERT INTO Participacao (atleta_id, time_id, olimpiada_id, modalidade_id, idade, altura, peso, medalha) VALUES (54955, 1, 8, 12, null, null, null, null);
INSERT INTO Atletas (id, nome, sexo) VALUES (54956, 'Jo Dong-Beom', 'M');
INSERT INTO Participacao (atleta_id, time_id, olimpiada_id, modalidade_id, idade, altura, peso, medalha) VALUES (54956, 1, 12, 234, 23.0, null, null, null);
INSERT INTO Atletas (id, nome, sexo) VALUES (54957, 'Jo Dong-Gi', 'M');
INSERT INTO Participacao (atleta_id, time_id, olimpiada_id, modalidade_id, idade, altura, peso, medalha) VALUES (54957, 1, 14, 12, 25.0, 197.0, null, null);
INSERT INTO Atletas (id, nome, sexo) VALUES (54958, 'Jo Dong-Gi', 'M');
INSERT INTO Participacao (atleta_id, time_id, olimpiada_id, modalidade_id, idade, altura, peso, medalha) VALUES (54958, 1, 7, 215, 26.0, 161.0, 51.0, null);
INSERT INTO Atletas (id, nome, sexo) VALUES (54959, 'Jo Eun-Hui', 'F');
INSERT INTO Participacao (atleta_id, time_id, olimpiada_id, modalidade_id, idade, altura, peso, medalha) VALUES (54959, 1, 14, 26, 24.0, null, null, 'Silver');
INSERT INTO Atletas (id, nome, sexo) VALUES (54960, 'Jo Eun-Jeong', 'F');
INSERT INTO Participacao (atleta_id, time_id, olimpiada_id, modalidade_id, idade, altura, peso, medalha) VALUES (54960, 1, 14, 21, 24.0, null, null, 'Silver');
INSERT INTO Atletas (id, nome, sexo) VALUES (54961, 'Jo Eun-Yeong', 'F');
INSERT INTO Participacao (atleta_id, time_id, olimpiada_id, modalidade_id, idade, altura, peso, medalha) VALUES (54961, 1, 18, 117, 32.0, 160.0, 44.0, null);
INSERT INTO Atletas (id, nome, sexo) VALUES (54962, 'Jo Geon-Haeng', 'M');
INSERT INTO Participacao (atleta_id, time_id, olimpiada_id, modalidade_id, idade, altura, peso, medalha) VALUES (54962, 1, 5, 11, 19.0, 173.0, 75.0, null);
INSERT INTO Atletas (id, nome, sexo) VALUES (54963, 'Jo Gi-Hyang', 'F');
INSERT INTO Participacao (atleta_id, time_id, olimpiada_id, modalidade_id, idade, altura, peso, medalha) VALUES (54963, 1, 6, 21, 24.0, 159.0, 55.0, 'Silver');
INSERT INTO Atletas (id, nome, sexo) VALUES (54964, 'Jo Gwang-Je', 'M');
INSERT INTO Modalidades (nome, esporte_id) VALUES ('Swimming Men''s 100 metres Breaststroke', 17);
INSERT INTO Participacao (atleta_id, time_id, olimpiada_id, modalidade_id, idade, altura, peso, medalha) VALUES (54964, 1, 14, 290, 16.0, null, null, null);
INSERT INTO Participacao (atleta_id, time_id, olimpiada_id, modalidade_id, idade, altura, peso, medalha) VALUES (54964, 1, 14, 196, 16.0, null, null, null);
INSERT INTO Atletas (id, nome, sexo) VALUES (54965, 'Jo Gyeong-Hwan', 'M');
INSERT INTO Participacao (atleta_id, time_id, olimpiada_id, modalidade_id, idade, altura, peso, medalha) VALUES (54965, 1, 23, 290, 18.0, 184.0, 77.0, null);
INSERT INTO Participacao (atleta_id, time_id, olimpiada_id, modalidade_id, idade, altura, peso, medalha) VALUES (54965, 1, 23, 127, 18.0, 184.0, 77.0, null);
INSERT INTO Atletas (id, nome, sexo) VALUES (54966, 'Jo Gyeong-Hwan', 'M');
INSERT INTO Participacao (atleta_id, time_id, olimpiada_id, modalidade_id, idade, altura, peso, medalha) VALUES (54966, 1, 14, 20, 23.0, 176.0, 84.0, null);
INSERT INTO Atletas (id, nome, sexo) VALUES (54967, 'Jo Hae-Ri', 'F');
INSERT INTO Participacao (atleta_id, time_id, olimpiada_id, modalidade_id, idade, altura, peso, medalha) VALUES (54967, 1, 17, 120, 23.0, 167.0, 53.0, null);
INSERT INTO Participacao (atleta_id, time_id, olimpiada_id, modalidade_id, idade, altura, peso, medalha) VALUES (54967, 1, 17, 121, 23.0, 167.0, 53.0, null);
INSERT INTO Participacao (atleta_id, time_id, olimpiada_id, modalidade_id, idade, altura, peso, medalha) VALUES (54967, 1, 17, 79, 23.0, 167.0, 53.0, null);
INSERT INTO Participacao (atleta_id, time_id, olimpiada_id, modalidade_id, idade, altura, peso, medalha) VALUES (54967, 1, 17, 30, 23.0, 167.0, 53.0, null);
INSERT INTO Participacao (atleta_id, time_id, olimpiada_id, modalidade_id, idade, altura, peso, medalha) VALUES (54967, 1, 27, 79, 27.0, 167.0, 53.0, null);
INSERT INTO Participacao (atleta_id, time_id, olimpiada_id, modalidade_id, idade, altura, peso, medalha) VALUES (54967, 1, 27, 30, 27.0, 167.0, 53.0, 'Gold');
INSERT INTO Atletas (id, nome, sexo) VALUES (54968, 'Jo Ho-Seong', 'M');
INSERT INTO Participacao (atleta_id, time_id, olimpiada_id, modalidade_id, idade, altura, peso, medalha) VALUES (54968, 1, 14, 168, 22.0, 175.0, 75.0, null);
INSERT INTO Participacao (atleta_id, time_id, olimpiada_id, modalidade_id, idade, altura, peso, medalha) VALUES (54968, 1, 23, 168, 26.0, 175.0, 75.0, null);
INSERT INTO Modalidades (nome, esporte_id) VALUES ('Cycling Men''s Omnium', 5);
INSERT INTO Participacao (atleta_id, time_id, olimpiada_id, modalidade_id, idade, altura, peso, medalha) VALUES (54968, 1, 24, 291, 38.0, 175.0, 75.0, null);
INSERT INTO Atletas (id, nome, sexo) VALUES (54969, 'Jo Hui-Je', 'M');
INSERT INTO Participacao (atleta_id, time_id, olimpiada_id, modalidade_id, idade, altura, peso, medalha) VALUES (54969, 1, 6, 200, 22.0, 177.0, 65.0, null);
INSERT INTO Atletas (id, nome, sexo) VALUES (54970, 'Jo Hye-Jeong', 'F');
INSERT INTO Participacao (atleta_id, time_id, olimpiada_id, modalidade_id, idade, altura, peso, medalha) VALUES (54970, 1, 11, 18, 19.0, 165.0, 58.0, null);
INSERT INTO Participacao (atleta_id, time_id, olimpiada_id, modalidade_id, idade, altura, peso, medalha) VALUES (54970, 1, 13, 18, 23.0, 165.0, 58.0, 'Bronze');
INSERT INTO Atletas (id, nome, sexo) VALUES (54971, 'Jo Hye-Jin', 'F');
INSERT INTO Participacao (atleta_id, time_id, olimpiada_id, modalidade_id, idade, altura, peso, medalha) VALUES (54971, 1, 18, 33, 30.0, 178.0, 67.0, null);
INSERT INTO Atletas (id, nome, sexo) VALUES (54972, 'Jo Hyeon-Uk', 'M');
INSERT INTO Modalidades (nome, esporte_id) VALUES ('Athletics Men''s High Jump', 18);
INSERT INTO Participacao (atleta_id, time_id, olimpiada_id, modalidade_id, idade, altura, peso, medalha) VALUES (54972, 1, 6, 292, 18.0, 180.0, 72.0, null);
INSERT INTO Participacao (atleta_id, time_id, olimpiada_id, modalidade_id, idade, altura, peso, medalha) VALUES (54972, 1, 12, 292, 22.0, 180.0, 72.0, null);
INSERT INTO Participacao (atleta_id, time_id, olimpiada_id, modalidade_id, idade, altura, peso, medalha) VALUES (54972, 1, 14, 292, 26.0, 180.0, 72.0, null);
INSERT INTO Atletas (id, nome, sexo) VALUES (54973, 'Jo Hyeong-Won', 'M');
INSERT INTO Participacao (atleta_id, time_id, olimpiada_id, modalidade_id, idade, altura, peso, medalha) VALUES (54973, 1, 7, 142, 28.0, 173.0, 65.0, null);
INSERT INTO Participacao (atleta_id, time_id, olimpiada_id, modalidade_id, idade, altura, peso, medalha) VALUES (54973, 1, 7, 143, 28.0, 173.0, 65.0, null);
INSERT INTO Atletas (id, nome, sexo) VALUES (54974, 'Jo Hyo-Bi', 'F');
INSERT INTO Participacao (atleta_id, time_id, olimpiada_id, modalidade_id, idade, altura, peso, medalha) VALUES (54974, 1, 24, 26, 21.0, 165.0, 60.0, null);
INSERT INTO Atletas (id, nome, sexo) VALUES (54975, 'Jo Hyun-Joo', 'F');
INSERT INTO Participacao (atleta_id, time_id, olimpiada_id, modalidade_id, idade, altura, peso, medalha) VALUES (54975, 1, 16, 45, 15.0, 139.0, 33.0, null);
INSERT INTO Participacao (atleta_id, time_id, olimpiada_id, modalidade_id, idade, altura, peso, medalha) VALUES (54975, 1, 16, 47, 15.0, 139.0, 33.0, null);
INSERT INTO Participacao (atleta_id, time_id, olimpiada_id, modalidade_id, idade, altura, peso, medalha) VALUES (54975, 1, 16, 49, 15.0, 139.0, 33.0, null);
INSERT INTO Participacao (atleta_id, time_id, olimpiada_id, modalidade_id, idade, altura, peso, medalha) VALUES (54975, 1, 16, 50, 15.0, 139.0, 33.0, null);
INSERT INTO Atletas (id, nome, sexo) VALUES (54976, 'Jo In-Cheol', 'M');
INSERT INTO Participacao (atleta_id, time_id, olimpiada_id, modalidade_id, idade, altura, peso, medalha) VALUES (54976, 1, 14, 7, 20.0, 180.0, 81.0, 'Bronze');
INSERT INTO Participacao (atleta_id, time_id, olimpiada_id, modalidade_id, idade, altura, peso, medalha) VALUES (54976, 1, 23, 7, 24.0, 180.0, 81.0, 'Silver');
INSERT INTO Atletas (id, nome, sexo) VALUES (54977, 'Jo In-Ho', 'M');
INSERT INTO Participacao (atleta_id, time_id, olimpiada_id, modalidade_id, idade, altura, peso, medalha) VALUES (54977, 1, 17, 179, 31.0, 173.0, 75.0, null);
INSERT INTO Atletas (id, nome, sexo) VALUES (54978, 'Jo In-Seong', 'M');
INSERT INTO Participacao (atleta_id, time_id, olimpiada_id, modalidade_id, idade, altura, peso, medalha) VALUES (54978, 1, 14, 20, 21.0, null, null, null);
INSERT INTO Atletas (id, nome, sexo) VALUES (54979, 'Jo Jae-Gi', 'M');
INSERT INTO Participacao (atleta_id, time_id, olimpiada_id, modalidade_id, idade, altura, peso, medalha) VALUES (54979, 1, 13, 104, 26.0, 183.0, 93.0, null);
INSERT INTO Modalidades (nome, esporte_id) VALUES ('Judo Men''s Open Class', 2);
INSERT INTO Participacao (atleta_id, time_id, olimpiada_id, modalidade_id, idade, altura, peso, medalha) VALUES (54979, 1, 13, 293, 26.0, 183.0, 93.0, 'Bronze');
INSERT INTO Atletas (id, nome, sexo) VALUES (54980, 'Jo Jae-Hak', 'M');
INSERT INTO Participacao (atleta_id, time_id, olimpiada_id, modalidade_id, idade, altura, peso, medalha) VALUES (54980, 1, 13, 72, 27.0, 179.0, 78.0, null);
INSERT INTO Atletas (id, nome, sexo) VALUES (54981, 'Jo Jae-Hyeon', 'M');
INSERT INTO Participacao (atleta_id, time_id, olimpiada_id, modalidade_id, idade, altura, peso, medalha) VALUES (54981, 1, 15, 10, 22.0, 171.0, 67.0, null);
INSERT INTO Participacao (atleta_id, time_id, olimpiada_id, modalidade_id, idade, altura, peso, medalha) VALUES (54981, 1, 15, 11, 22.0, 171.0, 67.0, null);
INSERT INTO Atletas (id, nome, sexo) VALUES (54982, 'Jo Jae-Jin', 'M');
INSERT INTO Participacao (atleta_id, time_id, olimpiada_id, modalidade_id, idade, altura, peso, medalha) VALUES (54982, 1, 18, 56, 23.0, 185.0, 81.0, null);
INSERT INTO Atletas (id, nome, sexo) VALUES (54983, 'Jo Jeong-Myeong', 'M');
INSERT INTO Modalidades (nome, esporte_id) VALUES ('Luge Mixed (Men)''s Doubles', 37);
INSERT INTO Participacao (atleta_id, time_id, olimpiada_id, modalidade_id, idade, altura, peso, medalha) VALUES (54983, 1, 27, 294, 20.0, 176.0, 74.0, null);
INSERT INTO Modalidades (nome, esporte_id) VALUES ('Luge Mixed Team Relay', 37);
INSERT INTO Participacao (atleta_id, time_id, olimpiada_id, modalidade_id, idade, altura, peso, medalha) VALUES (54983, 1, 27, 295, 20.0, 176.0, 74.0, null);
INSERT INTO Atletas (id, nome, sexo) VALUES (54984, 'Jo Jin-Ho', 'M');
INSERT INTO Participacao (atleta_id, time_id, olimpiada_id, modalidade_id, idade, altura, peso, medalha) VALUES (54984, 1, 14, 20, 20.0, 190.0, 100.0, null);
INSERT INTO Atletas (id, nome, sexo) VALUES (54985, 'Jo Jin-Saeng', 'M');
INSERT INTO Participacao (atleta_id, time_id, olimpiada_id, modalidade_id, idade, altura, peso, medalha) VALUES (54985, 1, 6, 275, 23.0, 176.0, 64.0, null);
INSERT INTO Participacao (atleta_id, time_id, olimpiada_id, modalidade_id, idade, altura, peso, medalha) VALUES (54985, 1, 6, 243, 23.0, 176.0, 64.0, null);
INSERT INTO Atletas (id, nome, sexo) VALUES (54986, 'Jo Jin-Seop', 'M');
INSERT INTO Modalidades (nome, esporte_id) VALUES ('Sailing Men''s Windsurfer', 40);
INSERT INTO Participacao (atleta_id, time_id, olimpiada_id, modalidade_id, idade, altura, peso, medalha) VALUES (54986, 1, 5, 296, 19.0, 165.0, 56.0, null);
INSERT INTO Atletas (id, nome, sexo) VALUES (54988, 'Jo Jun-Ho', 'M');
INSERT INTO Participacao (atleta_id, time_id, olimpiada_id, modalidade_id, idade, altura, peso, medalha) VALUES (54988, 1, 24, 5, 23.0, 165.0, 65.0, 'Bronze');
INSERT INTO Atletas (id, nome, sexo) VALUES (54989, 'Jo Min-Guk', 'M');
INSERT INTO Participacao (atleta_id, time_id, olimpiada_id, modalidade_id, idade, altura, peso, medalha) VALUES (54989, 1, 6, 56, 25.0, 181.0, 81.0, null);
INSERT INTO Atletas (id, nome, sexo) VALUES (54990, 'Jo Min-Seon', 'F');
INSERT INTO Participacao (atleta_id, time_id, olimpiada_id, modalidade_id, idade, altura, peso, medalha) VALUES (54990, 1, 14, 246, 24.0, 175.0, 69.0, 'Gold');
INSERT INTO Participacao (atleta_id, time_id, olimpiada_id, modalidade_id, idade, altura, peso, medalha) VALUES (54990, 1, 23, 246, 28.0, 175.0, 69.0, 'Bronze');
INSERT INTO Atletas (id, nome, sexo) VALUES (54991, 'Jo Mun-Ju', 'F');
INSERT INTO Participacao (atleta_id, time_id, olimpiada_id, modalidade_id, idade, altura, peso, medalha) VALUES (54991, 1, 6, 33, 24.0, 183.0, 69.0, null);
INSERT INTO Atletas (id, nome, sexo) VALUES (54992, 'Jo Myeong-Jun', 'M');
INSERT INTO Participacao (atleta_id, time_id, olimpiada_id, modalidade_id, idade, altura, peso, medalha) VALUES (54992, 1, 14, 89, 25.0, null, null, null);
INSERT INTO Atletas (id, nome, sexo) VALUES (54993, 'Jo O-Ryeon', 'M');
INSERT INTO Participacao (atleta_id, time_id, olimpiada_id, modalidade_id, idade, altura, peso, medalha) VALUES (54993, 1, 11, 75, 19.0, 172.0, 62.0, null);
INSERT INTO Participacao (atleta_id, time_id, olimpiada_id, modalidade_id, idade, altura, peso, medalha) VALUES (54993, 1, 11, 76, 19.0, 172.0, 62.0, null);
INSERT INTO Atletas (id, nome, sexo) VALUES (54995, 'Jo Seok-Hwan', 'M');
INSERT INTO Participacao (atleta_id, time_id, olimpiada_id, modalidade_id, idade, altura, peso, medalha) VALUES (54995, 1, 23, 55, 20.0, 170.0, 54.0, null);
INSERT INTO Participacao (atleta_id, time_id, olimpiada_id, modalidade_id, idade, altura, peso, medalha) VALUES (54995, 1, 18, 115, 24.0, 170.0, 54.0, 'Bronze');
INSERT INTO Atletas (id, nome, sexo) VALUES (54996, 'Jo Seon-Yeon', 'F');
INSERT INTO Participacao (atleta_id, time_id, olimpiada_id, modalidade_id, idade, altura, peso, medalha) VALUES (54996, 1, 19, 27, 21.0, 164.0, 57.0, null);
INSERT INTO Participacao (atleta_id, time_id, olimpiada_id, modalidade_id, idade, altura, peso, medalha) VALUES (54996, 1, 19, 100, 21.0, 164.0, 57.0, null);
INSERT INTO Atletas (id, nome, sexo) VALUES (54997, 'Jo Seong-Dal', 'M');
INSERT INTO Participacao (atleta_id, time_id, olimpiada_id, modalidade_id, idade, altura, peso, medalha) VALUES (54997, 1, 7, 56, 28.0, 172.0, 64.0, null);
INSERT INTO Atletas (id, nome, sexo) VALUES (54998, 'Jo Seong-Hwan', 'M');
INSERT INTO Participacao (atleta_id, time_id, olimpiada_id, modalidade_id, idade, altura, peso, medalha) VALUES (54998, 1, 7, 11, 21.0, 169.0, 65.0, null);
INSERT INTO Atletas (id, nome, sexo) VALUES (54999, 'Jo Seong-Min', 'M');
INSERT INTO Participacao (atleta_id, time_id, olimpiada_id, modalidade_id, idade, altura, peso, medalha) VALUES (54999, 1, 24, 278, 25.0, 177.0, 68.0, null);
INSERT INTO Atletas (id, nome, sexo) VALUES (55000, 'Jo Seong-Min', 'M');
INSERT INTO Participacao (atleta_id, time_id, olimpiada_id, modalidade_id, idade, altura, peso, medalha) VALUES (55000, 1, 14, 90, 20.0, 161.0, 58.0, null);
INSERT INTO Participacao (atleta_id, time_id, olimpiada_id, modalidade_id, idade, altura, peso, medalha) VALUES (55000, 1, 14, 91, 20.0, 161.0, 58.0, null);
INSERT INTO Participacao (atleta_id, time_id, olimpiada_id, modalidade_id, idade, altura, peso, medalha) VALUES (55000, 1, 14, 92, 20.0, 161.0, 58.0, null);
INSERT INTO Participacao (atleta_id, time_id, olimpiada_id, modalidade_id, idade, altura, peso, medalha) VALUES (55000, 1, 14, 93, 20.0, 161.0, 58.0, null);
INSERT INTO Participacao (atleta_id, time_id, olimpiada_id, modalidade_id, idade, altura, peso, medalha) VALUES (55000, 1, 14, 94, 20.0, 161.0, 58.0, null);
INSERT INTO Participacao (atleta_id, time_id, olimpiada_id, modalidade_id, idade, altura, peso, medalha) VALUES (55000, 1, 14, 95, 20.0, 161.0, 58.0, null);
INSERT INTO Participacao (atleta_id, time_id, olimpiada_id, modalidade_id, idade, altura, peso, medalha) VALUES (55000, 1, 14, 96, 20.0, 161.0, 58.0, null);
INSERT INTO Participacao (atleta_id, time_id, olimpiada_id, modalidade_id, idade, altura, peso, medalha) VALUES (55000, 1, 14, 97, 20.0, 161.0, 58.0, null);
INSERT INTO Participacao (atleta_id, time_id, olimpiada_id, modalidade_id, idade, altura, peso, medalha) VALUES (55000, 1, 23, 90, 24.0, 161.0, 58.0, null);
INSERT INTO Participacao (atleta_id, time_id, olimpiada_id, modalidade_id, idade, altura, peso, medalha) VALUES (55000, 1, 23, 91, 24.0, 161.0, 58.0, null);
INSERT INTO Participacao (atleta_id, time_id, olimpiada_id, modalidade_id, idade, altura, peso, medalha) VALUES (55000, 1, 23, 92, 24.0, 161.0, 58.0, null);
INSERT INTO Participacao (atleta_id, time_id, olimpiada_id, modalidade_id, idade, altura, peso, medalha) VALUES (55000, 1, 23, 93, 24.0, 161.0, 58.0, null);
INSERT INTO Participacao (atleta_id, time_id, olimpiada_id, modalidade_id, idade, altura, peso, medalha) VALUES (55000, 1, 23, 94, 24.0, 161.0, 58.0, null);
INSERT INTO Participacao (atleta_id, time_id, olimpiada_id, modalidade_id, idade, altura, peso, medalha) VALUES (55000, 1, 23, 95, 24.0, 161.0, 58.0, null);
INSERT INTO Participacao (atleta_id, time_id, olimpiada_id, modalidade_id, idade, altura, peso, medalha) VALUES (55000, 1, 23, 96, 24.0, 161.0, 58.0, null);
INSERT INTO Participacao (atleta_id, time_id, olimpiada_id, modalidade_id, idade, altura, peso, medalha) VALUES (55000, 1, 23, 97, 24.0, 161.0, 58.0, null);
INSERT INTO Participacao (atleta_id, time_id, olimpiada_id, modalidade_id, idade, altura, peso, medalha) VALUES (55000, 1, 18, 90, 28.0, 161.0, 58.0, null);
INSERT INTO Participacao (atleta_id, time_id, olimpiada_id, modalidade_id, idade, altura, peso, medalha) VALUES (55000, 1, 18, 91, 28.0, 161.0, 58.0, null);
INSERT INTO Participacao (atleta_id, time_id, olimpiada_id, modalidade_id, idade, altura, peso, medalha) VALUES (55000, 1, 18, 92, 28.0, 161.0, 58.0, null);
INSERT INTO Participacao (atleta_id, time_id, olimpiada_id, modalidade_id, idade, altura, peso, medalha) VALUES (55000, 1, 18, 93, 28.0, 161.0, 58.0, null);
INSERT INTO Participacao (atleta_id, time_id, olimpiada_id, modalidade_id, idade, altura, peso, medalha) VALUES (55000, 1, 18, 94, 28.0, 161.0, 58.0, null);
INSERT INTO Participacao (atleta_id, time_id, olimpiada_id, modalidade_id, idade, altura, peso, medalha) VALUES (55000, 1, 18, 96, 28.0, 161.0, 58.0, null);
INSERT INTO Atletas (id, nome, sexo) VALUES (55001, 'Jo Seong-Mo', 'M');
INSERT INTO Participacao (atleta_id, time_id, olimpiada_id, modalidade_id, idade, altura, peso, medalha) VALUES (55001, 1, 23, 76, 15.0, 174.0, 72.0, null);
INSERT INTO Participacao (atleta_id, time_id, olimpiada_id, modalidade_id, idade, altura, peso, medalha) VALUES (55001, 1, 18, 76, 19.0, 174.0, 72.0, null);
INSERT INTO Atletas (id, nome, sexo) VALUES (55004, 'Jo U-Hyeon', 'M');
INSERT INTO Participacao (atleta_id, time_id, olimpiada_id, modalidade_id, idade, altura, peso, medalha) VALUES (55004, 1, 12, 56, 22.0, null, null, null);
INSERT INTO Atletas (id, nome, sexo) VALUES (55005, 'Jo Yeong-Cheol', 'M');
INSERT INTO Participacao (atleta_id, time_id, olimpiada_id, modalidade_id, idade, altura, peso, medalha) VALUES (55005, 1, 16, 56, 19.0, 183.0, 70.0, null);
INSERT INTO Atletas (id, nome, sexo) VALUES (55006, 'Jo Yeong-Seok', 'M');
INSERT INTO Participacao (atleta_id, time_id, olimpiada_id, modalidade_id, idade, altura, peso, medalha) VALUES (55006, 1, 28, 85, 30.0, null, null, null);
INSERT INTO Participacao (atleta_id, time_id, olimpiada_id, modalidade_id, idade, altura, peso, medalha) VALUES (55006, 1, 28, 86, 30.0, null, null, null);
INSERT INTO Atletas (id, nome, sexo) VALUES (55007, 'Jo Yeong-Sin', 'M');
INSERT INTO Participacao (atleta_id, time_id, olimpiada_id, modalidade_id, idade, altura, peso, medalha) VALUES (55007, 1, 12, 28, 24.0, null, null, null);
INSERT INTO Atletas (id, nome, sexo) VALUES (55008, 'Jo Yong-Cheol', 'M');
INSERT INTO Participacao (atleta_id, time_id, olimpiada_id, modalidade_id, idade, altura, peso, medalha) VALUES (55008, 1, 5, 191, 23.0, 180.0, 116.0, 'Bronze');
INSERT INTO Participacao (atleta_id, time_id, olimpiada_id, modalidade_id, idade, altura, peso, medalha) VALUES (55008, 1, 6, 191, 27.0, 180.0, 116.0, 'Bronze');
INSERT INTO Atletas (id, nome, sexo) VALUES (55010, 'Jo Yong-Seong', 'M');
INSERT INTO Participacao (atleta_id, time_id, olimpiada_id, modalidade_id, idade, altura, peso, medalha) VALUES (55010, 1, 24, 268, 26.0, 177.0, 72.0, null);
INSERT INTO Atletas (id, nome, sexo) VALUES (55013, 'Jo Yun-Jeong', 'F');
INSERT INTO Modalidades (nome, esporte_id) VALUES ('Tennis Women''s Doubles', 34);
INSERT INTO Participacao (atleta_id, time_id, olimpiada_id, modalidade_id, idade, altura, peso, medalha) VALUES (55013, 1, 23, 297, 21.0, 167.0, 55.0, null);
INSERT INTO Participacao (atleta_id, time_id, olimpiada_id, modalidade_id, idade, altura, peso, medalha) VALUES (55013, 1, 18, 156, 25.0, 167.0, 55.0, null);
INSERT INTO Atletas (id, nome, sexo) VALUES (55015, 'Jo Yun-Ok', 'M');
INSERT INTO Participacao (atleta_id, time_id, olimpiada_id, modalidade_id, idade, altura, peso, medalha) VALUES (55015, 1, 7, 56, 24.0, 166.0, 67.0, null);
INSERT INTO Atletas (id, nome, sexo) VALUES (55016, 'Jo Yun-Sik', 'M');
INSERT INTO Participacao (atleta_id, time_id, olimpiada_id, modalidade_id, idade, altura, peso, medalha) VALUES (55016, 1, 33, 53, 24.0, null, null, null);
INSERT INTO Participacao (atleta_id, time_id, olimpiada_id, modalidade_id, idade, altura, peso, medalha) VALUES (55016, 1, 33, 51, 24.0, null, null, null);
INSERT INTO Atletas (id, nome, sexo) VALUES (55856, 'Joo Hyun-Jung', 'F');
INSERT INTO Participacao (atleta_id, time_id, olimpiada_id, modalidade_id, idade, altura, peso, medalha) VALUES (55856, 1, 16, 98, 26.0, 165.0, 59.0, null);
INSERT INTO Participacao (atleta_id, time_id, olimpiada_id, modalidade_id, idade, altura, peso, medalha) VALUES (55856, 1, 16, 99, 26.0, 165.0, 59.0, 'Gold');
INSERT INTO Atletas (id, nome, sexo) VALUES (55857, 'Joo Young-Dai', 'M');
INSERT INTO Participacao (atleta_id, time_id, olimpiada_id, modalidade_id, idade, altura, peso, medalha) VALUES (55857, 1, 22, 225, 21.0, null, null, null);
INSERT INTO Participacao (atleta_id, time_id, olimpiada_id, modalidade_id, idade, altura, peso, medalha) VALUES (55857, 1, 22, 226, 21.0, null, null, null);
INSERT INTO Participacao (atleta_id, time_id, olimpiada_id, modalidade_id, idade, altura, peso, medalha) VALUES (55857, 1, 22, 227, 21.0, null, null, null);
INSERT INTO Atletas (id, nome, sexo) VALUES (56018, 'Joung Young-Suk', 'M');
INSERT INTO Participacao (atleta_id, time_id, olimpiada_id, modalidade_id, idade, altura, peso, medalha) VALUES (56018, 1, 22, 225, 20.0, null, null, null);
INSERT INTO Atletas (id, nome, sexo) VALUES (56151, 'Ju Hui', 'F');
INSERT INTO Participacao (atleta_id, time_id, olimpiada_id, modalidade_id, idade, altura, peso, medalha) VALUES (56151, 1, 24, 26, 22.0, 180.0, 73.0, null);
INSERT INTO Atletas (id, nome, sexo) VALUES (56152, 'Ju Hyeong-Gyeol', 'M');
INSERT INTO Participacao (atleta_id, time_id, olimpiada_id, modalidade_id, idade, altura, peso, medalha) VALUES (56152, 1, 7, 67, 25.0, 163.0, 53.0, null);
INSERT INTO Atletas (id, nome, sexo) VALUES (56153, 'Ju Hyeong-Jun', 'M');
INSERT INTO Participacao (atleta_id, time_id, olimpiada_id, modalidade_id, idade, altura, peso, medalha) VALUES (56153, 1, 27, 51, 22.0, 175.0, 73.0, null);
INSERT INTO Participacao (atleta_id, time_id, olimpiada_id, modalidade_id, idade, altura, peso, medalha) VALUES (56153, 1, 27, 209, 22.0, 175.0, 73.0, 'Silver');
INSERT INTO Atletas (id, nome, sexo) VALUES (56154, 'Ju Jeong-Hyeon', 'M');
INSERT INTO Participacao (atleta_id, time_id, olimpiada_id, modalidade_id, idade, altura, peso, medalha) VALUES (56154, 1, 18, 16, 29.0, 175.0, 65.0, null);
INSERT INTO Participacao (atleta_id, time_id, olimpiada_id, modalidade_id, idade, altura, peso, medalha) VALUES (56154, 1, 18, 17, 29.0, 175.0, 65.0, null);
INSERT INTO Atletas (id, nome, sexo) VALUES (56156, 'Ju Jong-Gwan', 'M');
INSERT INTO Participacao (atleta_id, time_id, olimpiada_id, modalidade_id, idade, altura, peso, medalha) VALUES (56156, 1, 12, 83, 21.0, null, null, null);
INSERT INTO Participacao (atleta_id, time_id, olimpiada_id, modalidade_id, idade, altura, peso, medalha) VALUES (56156, 1, 12, 102, 21.0, null, null, null);
INSERT INTO Participacao (atleta_id, time_id, olimpiada_id, modalidade_id, idade, altura, peso, medalha) VALUES (56156, 1, 12, 177, 21.0, null, null, null);
INSERT INTO Atletas (id, nome, sexo) VALUES (56157, 'Ju Min-Jin', 'F');
INSERT INTO Participacao (atleta_id, time_id, olimpiada_id, modalidade_id, idade, altura, peso, medalha) VALUES (56157, 1, 19, 120, 18.0, 165.0, 50.0, null);
INSERT INTO Participacao (atleta_id, time_id, olimpiada_id, modalidade_id, idade, altura, peso, medalha) VALUES (56157, 1, 19, 30, 18.0, 165.0, 50.0, 'Gold');
INSERT INTO Atletas (id, nome, sexo) VALUES (56158, 'Ju Sang-Jeom', 'M');
INSERT INTO Participacao (atleta_id, time_id, olimpiada_id, modalidade_id, idade, altura, peso, medalha) VALUES (56158, 1, 26, 63, 25.0, null, null, null);
INSERT INTO Atletas (id, nome, sexo) VALUES (56159, 'Ju Se-Hyeok', 'M');
INSERT INTO Participacao (atleta_id, time_id, olimpiada_id, modalidade_id, idade, altura, peso, medalha) VALUES (56159, 1, 18, 182, 24.0, 180.0, 67.0, null);
INSERT INTO Participacao (atleta_id, time_id, olimpiada_id, modalidade_id, idade, altura, peso, medalha) VALUES (56159, 1, 24, 182, 32.0, 180.0, 67.0, null);
INSERT INTO Participacao (atleta_id, time_id, olimpiada_id, modalidade_id, idade, altura, peso, medalha) VALUES (56159, 1, 24, 284, 32.0, 180.0, 67.0, 'Silver');
INSERT INTO Participacao (atleta_id, time_id, olimpiada_id, modalidade_id, idade, altura, peso, medalha) VALUES (56159, 1, 4, 284, 36.0, 180.0, 67.0, null);
INSERT INTO Atletas (id, nome, sexo) VALUES (56160, 'Ju Sun-An', 'F');
INSERT INTO Modalidades (nome, esporte_id) VALUES ('Sailing Women''s Windsurfer', 40);
INSERT INTO Participacao (atleta_id, time_id, olimpiada_id, modalidade_id, idade, altura, peso, medalha) VALUES (56160, 1, 14, 298, 25.0, 165.0, 63.0, null);
INSERT INTO Participacao (atleta_id, time_id, olimpiada_id, modalidade_id, idade, altura, peso, medalha) VALUES (56160, 1, 23, 298, 30.0, 165.0, 63.0, null);
INSERT INTO Atletas (id, nome, sexo) VALUES (56161, 'Ju Yeong-Sam', 'M');
INSERT INTO Participacao (atleta_id, time_id, olimpiada_id, modalidade_id, idade, altura, peso, medalha) VALUES (56161, 1, 5, 90, 18.0, 165.0, 63.0, null);
INSERT INTO Participacao (atleta_id, time_id, olimpiada_id, modalidade_id, idade, altura, peso, medalha) VALUES (56161, 1, 5, 91, 18.0, 165.0, 63.0, null);
INSERT INTO Participacao (atleta_id, time_id, olimpiada_id, modalidade_id, idade, altura, peso, medalha) VALUES (56161, 1, 5, 92, 18.0, 165.0, 63.0, null);
INSERT INTO Participacao (atleta_id, time_id, olimpiada_id, modalidade_id, idade, altura, peso, medalha) VALUES (56161, 1, 5, 93, 18.0, 165.0, 63.0, null);
INSERT INTO Participacao (atleta_id, time_id, olimpiada_id, modalidade_id, idade, altura, peso, medalha) VALUES (56161, 1, 5, 94, 18.0, 165.0, 63.0, null);
INSERT INTO Participacao (atleta_id, time_id, olimpiada_id, modalidade_id, idade, altura, peso, medalha) VALUES (56161, 1, 5, 95, 18.0, 165.0, 63.0, null);
INSERT INTO Participacao (atleta_id, time_id, olimpiada_id, modalidade_id, idade, altura, peso, medalha) VALUES (56161, 1, 5, 96, 18.0, 165.0, 63.0, null);
INSERT INTO Participacao (atleta_id, time_id, olimpiada_id, modalidade_id, idade, altura, peso, medalha) VALUES (56161, 1, 5, 97, 18.0, 165.0, 63.0, null);
INSERT INTO Participacao (atleta_id, time_id, olimpiada_id, modalidade_id, idade, altura, peso, medalha) VALUES (56161, 1, 6, 90, 22.0, 165.0, 63.0, null);
INSERT INTO Participacao (atleta_id, time_id, olimpiada_id, modalidade_id, idade, altura, peso, medalha) VALUES (56161, 1, 6, 92, 22.0, 165.0, 63.0, null);
INSERT INTO Participacao (atleta_id, time_id, olimpiada_id, modalidade_id, idade, altura, peso, medalha) VALUES (56161, 1, 6, 93, 22.0, 165.0, 63.0, null);
INSERT INTO Participacao (atleta_id, time_id, olimpiada_id, modalidade_id, idade, altura, peso, medalha) VALUES (56161, 1, 6, 94, 22.0, 165.0, 63.0, null);
INSERT INTO Participacao (atleta_id, time_id, olimpiada_id, modalidade_id, idade, altura, peso, medalha) VALUES (56161, 1, 6, 95, 22.0, 165.0, 63.0, null);
INSERT INTO Participacao (atleta_id, time_id, olimpiada_id, modalidade_id, idade, altura, peso, medalha) VALUES (56161, 1, 6, 96, 22.0, 165.0, 63.0, null);
INSERT INTO Participacao (atleta_id, time_id, olimpiada_id, modalidade_id, idade, altura, peso, medalha) VALUES (56161, 1, 6, 97, 22.0, 165.0, 63.0, null);
INSERT INTO Atletas (id, nome, sexo) VALUES (56278, 'Jun Jeung-Hae', 'M');
INSERT INTO Participacao (atleta_id, time_id, olimpiada_id, modalidade_id, idade, altura, peso, medalha) VALUES (56278, 1, 22, 108, 23.0, null, null, null);
INSERT INTO Participacao (atleta_id, time_id, olimpiada_id, modalidade_id, idade, altura, peso, medalha) VALUES (56278, 1, 22, 2, 23.0, null, null, null);
INSERT INTO Participacao (atleta_id, time_id, olimpiada_id, modalidade_id, idade, altura, peso, medalha) VALUES (56278, 1, 22, 236, 23.0, null, null, null);
INSERT INTO Participacao (atleta_id, time_id, olimpiada_id, modalidade_id, idade, altura, peso, medalha) VALUES (56278, 1, 22, 4, 23.0, null, null, null);
INSERT INTO Atletas (id, nome, sexo) VALUES (56279, 'Jun Woong-Tae', 'M');
INSERT INTO Participacao (atleta_id, time_id, olimpiada_id, modalidade_id, idade, altura, peso, medalha) VALUES (56279, 1, 4, 126, 21.0, 175.0, 66.0, null);
INSERT INTO Atletas (id, nome, sexo) VALUES (56293, 'Jung Dong-Hyeon', 'M');
INSERT INTO Participacao (atleta_id, time_id, olimpiada_id, modalidade_id, idade, altura, peso, medalha) VALUES (56293, 1, 17, 86, 21.0, 180.0, 74.0, null);
INSERT INTO Participacao (atleta_id, time_id, olimpiada_id, modalidade_id, idade, altura, peso, medalha) VALUES (56293, 1, 27, 85, 25.0, 180.0, 74.0, null);
INSERT INTO Participacao (atleta_id, time_id, olimpiada_id, modalidade_id, idade, altura, peso, medalha) VALUES (56293, 1, 27, 86, 25.0, 180.0, 74.0, null);
INSERT INTO Atletas (id, nome, sexo) VALUES (56295, 'Jung Jae-Eun', 'F');
INSERT INTO Participacao (atleta_id, time_id, olimpiada_id, modalidade_id, idade, altura, peso, medalha) VALUES (56295, 1, 23, 257, 20.0, 163.0, 56.0, 'Gold');
INSERT INTO Atletas (id, nome, sexo) VALUES (56301, 'Jung Seung-Hwa', 'M');
INSERT INTO Participacao (atleta_id, time_id, olimpiada_id, modalidade_id, idade, altura, peso, medalha) VALUES (56301, 1, 4, 200, 35.0, 180.0, 80.0, null);
INSERT INTO Atletas (id, nome, sexo) VALUES (56302, 'Jung Seung-Hyun', 'M');
INSERT INTO Participacao (atleta_id, time_id, olimpiada_id, modalidade_id, idade, altura, peso, medalha) VALUES (56302, 1, 4, 56, 22.0, 188.0, 74.0, null);
INSERT INTO Atletas (id, nome, sexo) VALUES (56303, 'Jung Sung-Il', 'M');
INSERT INTO Participacao (atleta_id, time_id, olimpiada_id, modalidade_id, idade, altura, peso, medalha) VALUES (56303, 1, 22, 107, 18.0, 173.0, 67.0, null);
INSERT INTO Participacao (atleta_id, time_id, olimpiada_id, modalidade_id, idade, altura, peso, medalha) VALUES (56303, 1, 1, 107, 22.0, 173.0, 67.0, null);
INSERT INTO Participacao (atleta_id, time_id, olimpiada_id, modalidade_id, idade, altura, peso, medalha) VALUES (56303, 1, 2, 107, 24.0, 173.0, 67.0, null);
INSERT INTO Atletas (id, nome, sexo) VALUES (57218, 'Kang Dong-Jin', 'M');
INSERT INTO Participacao (atleta_id, time_id, olimpiada_id, modalidade_id, idade, altura, peso, medalha) VALUES (57218, 1, 4, 174, 28.0, 168.0, 76.0, null);
INSERT INTO Participacao (atleta_id, time_id, olimpiada_id, modalidade_id, idade, altura, peso, medalha) VALUES (57218, 1, 4, 169, 28.0, 168.0, 76.0, null);
INSERT INTO Participacao (atleta_id, time_id, olimpiada_id, modalidade_id, idade, altura, peso, medalha) VALUES (57218, 1, 4, 250, 28.0, 168.0, 76.0, null);
INSERT INTO Atletas (id, nome, sexo) VALUES (57220, 'Kang Min-Soo', 'M');
INSERT INTO Participacao (atleta_id, time_id, olimpiada_id, modalidade_id, idade, altura, peso, medalha) VALUES (57220, 1, 16, 56, 22.0, 186.0, 76.0, null);
INSERT INTO Atletas (id, nome, sexo) VALUES (57221, 'Kang Min-Su', 'M');
INSERT INTO Participacao (atleta_id, time_id, olimpiada_id, modalidade_id, idade, altura, peso, medalha) VALUES (57221, 1, 4, 183, 30.0, 173.0, 76.0, null);
INSERT INTO Atletas (id, nome, sexo) VALUES (57223, 'Kang Nak-Youn', 'M');
INSERT INTO Participacao (atleta_id, time_id, olimpiada_id, modalidade_id, idade, altura, peso, medalha) VALUES (57223, 1, 22, 159, 20.0, null, null, null);
INSERT INTO Participacao (atleta_id, time_id, olimpiada_id, modalidade_id, idade, altura, peso, medalha) VALUES (57223, 1, 22, 85, 20.0, null, null, null);
INSERT INTO Participacao (atleta_id, time_id, olimpiada_id, modalidade_id, idade, altura, peso, medalha) VALUES (57223, 1, 22, 86, 20.0, null, null, null);
INSERT INTO Atletas (id, nome, sexo) VALUES (57225, 'Kang Seong-Jung', 'M');
INSERT INTO Participacao (atleta_id, time_id, olimpiada_id, modalidade_id, idade, altura, peso, medalha) VALUES (57225, 1, 18, 89, 26.0, 178.0, 77.0, null);
INSERT INTO Participacao (atleta_id, time_id, olimpiada_id, modalidade_id, idade, altura, peso, medalha) VALUES (57225, 1, 16, 89, 30.0, 178.0, 77.0, null);
INSERT INTO Atletas (id, nome, sexo) VALUES (57230, 'Kang Young-Mi', 'F');
INSERT INTO Participacao (atleta_id, time_id, olimpiada_id, modalidade_id, idade, altura, peso, medalha) VALUES (57230, 1, 4, 136, 31.0, 164.0, 63.0, null);
INSERT INTO Participacao (atleta_id, time_id, olimpiada_id, modalidade_id, idade, altura, peso, medalha) VALUES (57230, 1, 4, 122, 31.0, 164.0, 63.0, null);
INSERT INTO Atletas (id, nome, sexo) VALUES (59520, 'Ki Bo-Bae', 'F');
INSERT INTO Participacao (atleta_id, time_id, olimpiada_id, modalidade_id, idade, altura, peso, medalha) VALUES (59520, 1, 24, 98, 24.0, 167.0, 57.0, 'Gold');
INSERT INTO Participacao (atleta_id, time_id, olimpiada_id, modalidade_id, idade, altura, peso, medalha) VALUES (59520, 1, 24, 99, 24.0, 167.0, 57.0, 'Gold');
INSERT INTO Participacao (atleta_id, time_id, olimpiada_id, modalidade_id, idade, altura, peso, medalha) VALUES (59520, 1, 4, 98, 28.0, 167.0, 57.0, 'Bronze');
INSERT INTO Participacao (atleta_id, time_id, olimpiada_id, modalidade_id, idade, altura, peso, medalha) VALUES (59520, 1, 4, 99, 28.0, 167.0, 57.0, 'Gold');
INSERT INTO Atletas (id, nome, sexo) VALUES (59758, 'Kim A-Lang', 'F');
INSERT INTO Participacao (atleta_id, time_id, olimpiada_id, modalidade_id, idade, altura, peso, medalha) VALUES (59758, 1, 27, 120, 18.0, 168.0, 53.0, null);
INSERT INTO Participacao (atleta_id, time_id, olimpiada_id, modalidade_id, idade, altura, peso, medalha) VALUES (59758, 1, 27, 121, 18.0, 168.0, 53.0, null);
INSERT INTO Participacao (atleta_id, time_id, olimpiada_id, modalidade_id, idade, altura, peso, medalha) VALUES (59758, 1, 27, 79, 18.0, 168.0, 53.0, null);
INSERT INTO Participacao (atleta_id, time_id, olimpiada_id, modalidade_id, idade, altura, peso, medalha) VALUES (59758, 1, 27, 30, 18.0, 168.0, 53.0, 'Gold');
INSERT INTO Atletas (id, nome, sexo) VALUES (59759, 'Kim Bang-Hyeon', 'M');
INSERT INTO Participacao (atleta_id, time_id, olimpiada_id, modalidade_id, idade, altura, peso, medalha) VALUES (59759, 1, 14, 216, 17.0, 185.0, 73.0, null);
INSERT INTO Participacao (atleta_id, time_id, olimpiada_id, modalidade_id, idade, altura, peso, medalha) VALUES (59759, 1, 14, 283, 17.0, 185.0, 73.0, null);
INSERT INTO Participacao (atleta_id, time_id, olimpiada_id, modalidade_id, idade, altura, peso, medalha) VALUES (59759, 1, 23, 283, 21.0, 185.0, 73.0, null);
INSERT INTO Participacao (atleta_id, time_id, olimpiada_id, modalidade_id, idade, altura, peso, medalha) VALUES (59759, 1, 18, 216, 25.0, 185.0, 73.0, null);
INSERT INTO Participacao (atleta_id, time_id, olimpiada_id, modalidade_id, idade, altura, peso, medalha) VALUES (59759, 1, 18, 283, 25.0, 185.0, 73.0, null);
INSERT INTO Atletas (id, nome, sexo) VALUES (59761, 'Kim Bo-Gyeong', 'M');
INSERT INTO Participacao (atleta_id, time_id, olimpiada_id, modalidade_id, idade, altura, peso, medalha) VALUES (59761, 1, 24, 56, 22.0, 178.0, 73.0, 'Bronze');
INSERT INTO Atletas (id, nome, sexo) VALUES (59762, 'Kim Bo-Mi', 'F');
INSERT INTO Participacao (atleta_id, time_id, olimpiada_id, modalidade_id, idade, altura, peso, medalha) VALUES (59762, 1, 4, 21, 30.0, 157.0, 54.0, null);
INSERT INTO Atletas (id, nome, sexo) VALUES (59763, 'Kim Bo-Nam', 'M');
INSERT INTO Participacao (atleta_id, time_id, olimpiada_id, modalidade_id, idade, altura, peso, medalha) VALUES (59763, 1, 21, 108, 22.0, 173.0, 67.0, null);
INSERT INTO Atletas (id, nome, sexo) VALUES (59764, 'Kim Bo-Ram', 'M');
INSERT INTO Participacao (atleta_id, time_id, olimpiada_id, modalidade_id, idade, altura, peso, medalha) VALUES (59764, 1, 14, 153, 23.0, 174.0, 86.0, null);
INSERT INTO Participacao (atleta_id, time_id, olimpiada_id, modalidade_id, idade, altura, peso, medalha) VALUES (59764, 1, 14, 228, 23.0, 174.0, 86.0, 'Silver');
INSERT INTO Atletas (id, nome, sexo) VALUES (59765, 'Kim Bo-Reum', 'F');
INSERT INTO Participacao (atleta_id, time_id, olimpiada_id, modalidade_id, idade, altura, peso, medalha) VALUES (59765, 1, 27, 61, 21.0, 163.0, 58.0, null);
INSERT INTO Participacao (atleta_id, time_id, olimpiada_id, modalidade_id, idade, altura, peso, medalha) VALUES (59765, 1, 27, 60, 21.0, 163.0, 58.0, null);
INSERT INTO Modalidades (nome, esporte_id) VALUES ('Speed Skating Women''s Team Pursuit (6 laps)', 15);
INSERT INTO Participacao (atleta_id, time_id, olimpiada_id, modalidade_id, idade, altura, peso, medalha) VALUES (59765, 1, 27, 299, 21.0, 163.0, 58.0, null);
INSERT INTO Atletas (id, nome, sexo) VALUES (59766, 'Kim Bok-Joo', 'M');
INSERT INTO Participacao (atleta_id, time_id, olimpiada_id, modalidade_id, idade, altura, peso, medalha) VALUES (59766, 1, 5, 274, 23.0, 175.0, 64.0, null);
INSERT INTO Participacao (atleta_id, time_id, olimpiada_id, modalidade_id, idade, altura, peso, medalha) VALUES (59766, 1, 5, 275, 23.0, 175.0, 64.0, null);
INSERT INTO Atletas (id, nome, sexo) VALUES (59768, 'Kim Bok-Seop', 'M');
INSERT INTO Participacao (atleta_id, time_id, olimpiada_id, modalidade_id, idade, altura, peso, medalha) VALUES (59768, 1, 6, 260, 21.0, 172.0, 67.0, null);
INSERT INTO Atletas (id, nome, sexo) VALUES (59771, 'Kim Bong-Hyeon', 'M');
INSERT INTO Participacao (atleta_id, time_id, olimpiada_id, modalidade_id, idade, altura, peso, medalha) VALUES (59771, 1, 14, 90, 21.0, null, null, null);
INSERT INTO Participacao (atleta_id, time_id, olimpiada_id, modalidade_id, idade, altura, peso, medalha) VALUES (59771, 1, 14, 91, 21.0, null, null, null);
INSERT INTO Participacao (atleta_id, time_id, olimpiada_id, modalidade_id, idade, altura, peso, medalha) VALUES (59771, 1, 14, 93, 21.0, null, null, null);
INSERT INTO Participacao (atleta_id, time_id, olimpiada_id, modalidade_id, idade, altura, peso, medalha) VALUES (59771, 1, 14, 94, 21.0, null, null, null);
INSERT INTO Participacao (atleta_id, time_id, olimpiada_id, modalidade_id, idade, altura, peso, medalha) VALUES (59771, 1, 14, 95, 21.0, null, null, null);
INSERT INTO Participacao (atleta_id, time_id, olimpiada_id, modalidade_id, idade, altura, peso, medalha) VALUES (59771, 1, 14, 96, 21.0, null, null, null);
INSERT INTO Participacao (atleta_id, time_id, olimpiada_id, modalidade_id, idade, altura, peso, medalha) VALUES (59771, 1, 14, 97, 21.0, null, null, null);
INSERT INTO Atletas (id, nome, sexo) VALUES (59772, 'Kim Bong-Jo', 'M');
INSERT INTO Participacao (atleta_id, time_id, olimpiada_id, modalidade_id, idade, altura, peso, medalha) VALUES (59772, 1, 7, 193, 18.0, 173.0, 70.0, null);
INSERT INTO Participacao (atleta_id, time_id, olimpiada_id, modalidade_id, idade, altura, peso, medalha) VALUES (59772, 1, 7, 75, 18.0, 173.0, 70.0, null);
INSERT INTO Atletas (id, nome, sexo) VALUES (59773, 'Kim Bong-Jo', 'M');
INSERT INTO Participacao (atleta_id, time_id, olimpiada_id, modalidade_id, idade, altura, peso, medalha) VALUES (59773, 1, 7, 14, 22.0, 168.0, 66.0, null);
INSERT INTO Atletas (id, nome, sexo) VALUES (59774, 'Kim Bong-Man', 'M');
INSERT INTO Participacao (atleta_id, time_id, olimpiada_id, modalidade_id, idade, altura, peso, medalha) VALUES (59774, 1, 5, 200, 21.0, 178.0, 76.0, null);
INSERT INTO Atletas (id, nome, sexo) VALUES (59775, 'Kim Bong-Nae', 'M');
INSERT INTO Participacao (atleta_id, time_id, olimpiada_id, modalidade_id, idade, altura, peso, medalha) VALUES (59775, 1, 10, 67, 26.0, 168.0, 61.0, null);
INSERT INTO Atletas (id, nome, sexo) VALUES (59776, 'Kim Bong-Su', 'M');
INSERT INTO Participacao (atleta_id, time_id, olimpiada_id, modalidade_id, idade, altura, peso, medalha) VALUES (59776, 1, 6, 264, 26.0, 180.0, 75.0, null);
INSERT INTO Participacao (atleta_id, time_id, olimpiada_id, modalidade_id, idade, altura, peso, medalha) VALUES (59776, 1, 6, 265, 26.0, 180.0, 75.0, null);
INSERT INTO Atletas (id, nome, sexo) VALUES (59777, 'Kim Bong-Yu', 'M');
INSERT INTO Participacao (atleta_id, time_id, olimpiada_id, modalidade_id, idade, altura, peso, medalha) VALUES (59777, 1, 12, 275, 25.0, 175.0, 64.0, null);
INSERT INTO Atletas (id, nome, sexo) VALUES (59779, 'Kim Bub-Min', 'M');
INSERT INTO Participacao (atleta_id, time_id, olimpiada_id, modalidade_id, idade, altura, peso, medalha) VALUES (59779, 1, 24, 153, 21.0, 187.0, 96.0, null);
INSERT INTO Participacao (atleta_id, time_id, olimpiada_id, modalidade_id, idade, altura, peso, medalha) VALUES (59779, 1, 24, 228, 21.0, 187.0, 96.0, 'Bronze');
INSERT INTO Atletas (id, nome, sexo) VALUES (59780, 'Kim Byeong-Chan', 'M');
INSERT INTO Participacao (atleta_id, time_id, olimpiada_id, modalidade_id, idade, altura, peso, medalha) VALUES (59780, 1, 6, 110, 17.0, 176.0, 78.0, null);
INSERT INTO Participacao (atleta_id, time_id, olimpiada_id, modalidade_id, idade, altura, peso, medalha) VALUES (59780, 1, 12, 241, 21.0, 176.0, 78.0, null);
INSERT INTO Atletas (id, nome, sexo) VALUES (59781, 'Kim Byeong-Gi', 'M');
INSERT INTO Participacao (atleta_id, time_id, olimpiada_id, modalidade_id, idade, altura, peso, medalha) VALUES (59781, 1, 7, 42, 26.0, 170.0, 80.0, null);
INSERT INTO Atletas (id, nome, sexo) VALUES (59782, 'Kim Byeong-Hui', 'F');
INSERT INTO Participacao (atleta_id, time_id, olimpiada_id, modalidade_id, idade, altura, peso, medalha) VALUES (59782, 1, 24, 35, 30.0, 163.0, 57.0, null);
INSERT INTO Atletas (id, nome, sexo) VALUES (59783, 'Kim Byeong-Ju', 'M');
INSERT INTO Participacao (atleta_id, time_id, olimpiada_id, modalidade_id, idade, altura, peso, medalha) VALUES (59783, 1, 12, 7, 24.0, null, null, 'Bronze');
INSERT INTO Atletas (id, nome, sexo) VALUES (59784, 'Kim Byeong-Seon', 'M');
INSERT INTO Participacao (atleta_id, time_id, olimpiada_id, modalidade_id, idade, altura, peso, medalha) VALUES (59784, 1, 12, 72, 19.0, null, null, null);
INSERT INTO Atletas (id, nome, sexo) VALUES (59786, 'Kim Byung-Hoon', 'M');
INSERT INTO Participacao (atleta_id, time_id, olimpiada_id, modalidade_id, idade, altura, peso, medalha) VALUES (59786, 1, 16, 89, 25.0, 177.0, 79.0, null);
INSERT INTO Atletas (id, nome, sexo) VALUES (59787, 'Kim Cha-Yeon', 'F');
INSERT INTO Participacao (atleta_id, time_id, olimpiada_id, modalidade_id, idade, altura, peso, medalha) VALUES (59787, 1, 18, 26, 23.0, 173.0, 67.0, 'Silver');
INSERT INTO Participacao (atleta_id, time_id, olimpiada_id, modalidade_id, idade, altura, peso, medalha) VALUES (59787, 1, 16, 26, 27.0, 173.0, 67.0, 'Bronze');
INSERT INTO Participacao (atleta_id, time_id, olimpiada_id, modalidade_id, idade, altura, peso, medalha) VALUES (59787, 1, 24, 26, 31.0, 173.0, 67.0, null);
INSERT INTO Atletas (id, nome, sexo) VALUES (59788, 'Kim Chan-Mi', 'F');
INSERT INTO Participacao (atleta_id, time_id, olimpiada_id, modalidade_id, idade, altura, peso, medalha) VALUES (59788, 1, 16, 117, 18.0, 158.0, 40.0, null);
INSERT INTO Atletas (id, nome, sexo) VALUES (59790, 'Kim Chang-Hui', 'M');
INSERT INTO Participacao (atleta_id, time_id, olimpiada_id, modalidade_id, idade, altura, peso, medalha) VALUES (59790, 1, 8, 288, 27.0, null, 67.0, null);
INSERT INTO Participacao (atleta_id, time_id, olimpiada_id, modalidade_id, idade, altura, peso, medalha) VALUES (59790, 1, 26, 288, 31.0, null, 67.0, null);
INSERT INTO Participacao (atleta_id, time_id, olimpiada_id, modalidade_id, idade, altura, peso, medalha) VALUES (59790, 1, 9, 288, 35.0, null, 67.0, 'Bronze');
INSERT INTO Atletas (id, nome, sexo) VALUES (59791, 'Kim Chang-Hwan', 'M');
INSERT INTO Participacao (atleta_id, time_id, olimpiada_id, modalidade_id, idade, altura, peso, medalha) VALUES (59791, 1, 7, 112, 48.0, 170.0, 60.0, null);
INSERT INTO Participacao (atleta_id, time_id, olimpiada_id, modalidade_id, idade, altura, peso, medalha) VALUES (59791, 1, 7, 200, 48.0, 170.0, 60.0, null);
INSERT INTO Atletas (id, nome, sexo) VALUES (59792, 'Kim Chang-Ju', 'M');
INSERT INTO Participacao (atleta_id, time_id, olimpiada_id, modalidade_id, idade, altura, peso, medalha) VALUES (59792, 1, 4, 278, 30.0, 178.0, 69.0, null);
INSERT INTO Atletas (id, nome, sexo) VALUES (59795, 'Kim Chang-Su', 'M');
INSERT INTO Participacao (atleta_id, time_id, olimpiada_id, modalidade_id, idade, altura, peso, medalha) VALUES (59795, 1, 24, 56, 26.0, 177.0, 70.0, 'Bronze');
INSERT INTO Atletas (id, nome, sexo) VALUES (59796, 'Kim Cheol-Gyu', 'M');
INSERT INTO Participacao (atleta_id, time_id, olimpiada_id, modalidade_id, idade, altura, peso, medalha) VALUES (59796, 1, 7, 16, 26.0, 172.0, 62.0, null);
INSERT INTO Participacao (atleta_id, time_id, olimpiada_id, modalidade_id, idade, altura, peso, medalha) VALUES (59796, 1, 7, 17, 26.0, 172.0, 62.0, null);
INSERT INTO Atletas (id, nome, sexo) VALUES (59797, 'Kim Cheol-Gyun', 'M');
INSERT INTO Modalidades (nome, esporte_id) VALUES ('Athletics Men''s Pole Vault', 18);
INSERT INTO Participacao (atleta_id, time_id, olimpiada_id, modalidade_id, idade, altura, peso, medalha) VALUES (59797, 1, 6, 300, 19.0, 180.0, 82.0, null);
INSERT INTO Participacao (atleta_id, time_id, olimpiada_id, modalidade_id, idade, altura, peso, medalha) VALUES (59797, 1, 12, 300, 23.0, 180.0, 82.0, null);
INSERT INTO Participacao (atleta_id, time_id, olimpiada_id, modalidade_id, idade, altura, peso, medalha) VALUES (59797, 1, 14, 300, 27.0, 180.0, 82.0, null);
INSERT INTO Atletas (id, nome, sexo) VALUES (59798, 'Kim Cheol-Hyeon', 'M');
INSERT INTO Participacao (atleta_id, time_id, olimpiada_id, modalidade_id, idade, altura, peso, medalha) VALUES (59798, 1, 5, 241, 25.0, 172.0, 90.0, null);
INSERT INTO Atletas (id, nome, sexo) VALUES (59799, 'Kim Cheol-Min', 'M');
INSERT INTO Participacao (atleta_id, time_id, olimpiada_id, modalidade_id, idade, altura, peso, medalha) VALUES (59799, 1, 27, 52, 21.0, 172.0, 62.0, null);
INSERT INTO Participacao (atleta_id, time_id, olimpiada_id, modalidade_id, idade, altura, peso, medalha) VALUES (59799, 1, 27, 209, 21.0, 172.0, 62.0, 'Silver');
INSERT INTO Atletas (id, nome, sexo) VALUES (59800, 'Kim Cheol-Seok', 'M');
INSERT INTO Participacao (atleta_id, time_id, olimpiada_id, modalidade_id, idade, altura, peso, medalha) VALUES (59800, 1, 5, 10, 24.0, 172.0, 70.0, null);
INSERT INTO Participacao (atleta_id, time_id, olimpiada_id, modalidade_id, idade, altura, peso, medalha) VALUES (59800, 1, 5, 11, 24.0, 172.0, 70.0, null);
INSERT INTO Atletas (id, nome, sexo) VALUES (59801, 'Kim Cheol-Su', 'M');
INSERT INTO Participacao (atleta_id, time_id, olimpiada_id, modalidade_id, idade, altura, peso, medalha) VALUES (59801, 1, 19, 53, 21.0, 175.0, 75.0, null);
INSERT INTO Participacao (atleta_id, time_id, olimpiada_id, modalidade_id, idade, altura, peso, medalha) VALUES (59801, 1, 19, 54, 21.0, 175.0, 75.0, null);
INSERT INTO Atletas (id, nome, sexo) VALUES (59802, 'Kim Cheong-Hwan', 'M');
INSERT INTO Participacao (atleta_id, time_id, olimpiada_id, modalidade_id, idade, altura, peso, medalha) VALUES (59802, 1, 23, 89, 29.0, 175.0, 74.0, 'Silver');
INSERT INTO Atletas (id, nome, sexo) VALUES (59803, 'Kim Cheong-Tae', 'M');
INSERT INTO Participacao (atleta_id, time_id, olimpiada_id, modalidade_id, idade, altura, peso, medalha) VALUES (59803, 1, 23, 153, 20.0, 180.0, 70.0, null);
INSERT INTO Participacao (atleta_id, time_id, olimpiada_id, modalidade_id, idade, altura, peso, medalha) VALUES (59803, 1, 23, 228, 20.0, 180.0, 70.0, 'Gold');
INSERT INTO Atletas (id, nome, sexo) VALUES (59804, 'Kim Chi-Beom', 'M');
INSERT INTO Participacao (atleta_id, time_id, olimpiada_id, modalidade_id, idade, altura, peso, medalha) VALUES (59804, 1, 18, 174, 23.0, 175.0, 76.0, null);
INSERT INTO Atletas (id, nome, sexo) VALUES (59805, 'Kim Chi-Gon', 'M');
INSERT INTO Participacao (atleta_id, time_id, olimpiada_id, modalidade_id, idade, altura, peso, medalha) VALUES (59805, 1, 18, 56, 21.0, 183.0, 75.0, null);
INSERT INTO Atletas (id, nome, sexo) VALUES (59806, 'Kim Chi-Wan', 'M');
INSERT INTO Participacao (atleta_id, time_id, olimpiada_id, modalidade_id, idade, altura, peso, medalha) VALUES (59806, 1, 12, 265, 23.0, 180.0, 70.0, null);
INSERT INTO Atletas (id, nome, sexo) VALUES (59807, 'Kim Chil-Bong', 'M');
INSERT INTO Participacao (atleta_id, time_id, olimpiada_id, modalidade_id, idade, altura, peso, medalha) VALUES (59807, 1, 5, 240, 22.0, 158.0, 60.0, null);
INSERT INTO Atletas (id, nome, sexo) VALUES (59813, 'Kim Chul', 'M');
INSERT INTO Participacao (atleta_id, time_id, olimpiada_id, modalidade_id, idade, altura, peso, medalha) VALUES (59813, 1, 16, 89, 28.0, 174.0, 72.0, null);
INSERT INTO Atletas (id, nome, sexo) VALUES (59814, 'Kim Chun-Bae', 'M');
INSERT INTO Participacao (atleta_id, time_id, olimpiada_id, modalidade_id, idade, altura, peso, medalha) VALUES (59814, 1, 9, 12, null, null, null, null);
INSERT INTO Atletas (id, nome, sexo) VALUES (59815, 'Kim Chun-Gi', 'M');
INSERT INTO Participacao (atleta_id, time_id, olimpiada_id, modalidade_id, idade, altura, peso, medalha) VALUES (59815, 1, 31, 108, 21.0, 176.0, 74.0, null);
INSERT INTO Participacao (atleta_id, time_id, olimpiada_id, modalidade_id, idade, altura, peso, medalha) VALUES (59815, 1, 31, 2, 21.0, 176.0, 74.0, null);
INSERT INTO Atletas (id, nome, sexo) VALUES (59816, 'Kim Chun-Ho', 'M');
INSERT INTO Participacao (atleta_id, time_id, olimpiada_id, modalidade_id, idade, altura, peso, medalha) VALUES (59816, 1, 12, 24, 27.0, null, null, null);
INSERT INTO Atletas (id, nome, sexo) VALUES (59817, 'Kim Chun-Hui', 'F');
INSERT INTO Modalidades (nome, esporte_id) VALUES ('Athletics Women''s Discus Throw', 18);
INSERT INTO Participacao (atleta_id, time_id, olimpiada_id, modalidade_id, idade, altura, peso, medalha) VALUES (59817, 1, 6, 301, 25.0, 166.0, 65.0, null);
INSERT INTO Atletas (id, nome, sexo) VALUES (59820, 'Kim Chun-Rye', 'F');
INSERT INTO Participacao (atleta_id, time_id, olimpiada_id, modalidade_id, idade, altura, peso, medalha) VALUES (59820, 1, 5, 26, 18.0, 174.0, 65.0, 'Silver');
INSERT INTO Participacao (atleta_id, time_id, olimpiada_id, modalidade_id, idade, altura, peso, medalha) VALUES (59820, 1, 6, 26, 22.0, 174.0, 65.0, 'Gold');
INSERT INTO Atletas (id, nome, sexo) VALUES (59823, 'Kim Chung-Han', 'M');
INSERT INTO Participacao (atleta_id, time_id, olimpiada_id, modalidade_id, idade, altura, peso, medalha) VALUES (59823, 1, 11, 72, 22.0, 180.0, 75.0, null);
INSERT INTO Participacao (atleta_id, time_id, olimpiada_id, modalidade_id, idade, altura, peso, medalha) VALUES (59823, 1, 13, 72, 26.0, 180.0, 75.0, null);
INSERT INTO Atletas (id, nome, sexo) VALUES (59825, 'Kim Chung-Tae', 'M');
INSERT INTO Participacao (atleta_id, time_id, olimpiada_id, modalidade_id, idade, altura, peso, medalha) VALUES (59825, 1, 7, 90, 20.0, 170.0, 66.0, null);
INSERT INTO Participacao (atleta_id, time_id, olimpiada_id, modalidade_id, idade, altura, peso, medalha) VALUES (59825, 1, 7, 91, 20.0, 170.0, 66.0, null);
INSERT INTO Participacao (atleta_id, time_id, olimpiada_id, modalidade_id, idade, altura, peso, medalha) VALUES (59825, 1, 7, 92, 20.0, 170.0, 66.0, null);
INSERT INTO Participacao (atleta_id, time_id, olimpiada_id, modalidade_id, idade, altura, peso, medalha) VALUES (59825, 1, 7, 93, 20.0, 170.0, 66.0, null);
INSERT INTO Participacao (atleta_id, time_id, olimpiada_id, modalidade_id, idade, altura, peso, medalha) VALUES (59825, 1, 7, 94, 20.0, 170.0, 66.0, null);
INSERT INTO Participacao (atleta_id, time_id, olimpiada_id, modalidade_id, idade, altura, peso, medalha) VALUES (59825, 1, 7, 95, 20.0, 170.0, 66.0, null);
INSERT INTO Participacao (atleta_id, time_id, olimpiada_id, modalidade_id, idade, altura, peso, medalha) VALUES (59825, 1, 7, 96, 20.0, 170.0, 66.0, null);
INSERT INTO Participacao (atleta_id, time_id, olimpiada_id, modalidade_id, idade, altura, peso, medalha) VALUES (59825, 1, 7, 97, 20.0, 170.0, 66.0, null);
INSERT INTO Participacao (atleta_id, time_id, olimpiada_id, modalidade_id, idade, altura, peso, medalha) VALUES (59825, 1, 10, 90, 24.0, 170.0, 66.0, null);
INSERT INTO Participacao (atleta_id, time_id, olimpiada_id, modalidade_id, idade, altura, peso, medalha) VALUES (59825, 1, 10, 92, 24.0, 170.0, 66.0, null);
INSERT INTO Participacao (atleta_id, time_id, olimpiada_id, modalidade_id, idade, altura, peso, medalha) VALUES (59825, 1, 10, 93, 24.0, 170.0, 66.0, null);
INSERT INTO Participacao (atleta_id, time_id, olimpiada_id, modalidade_id, idade, altura, peso, medalha) VALUES (59825, 1, 10, 94, 24.0, 170.0, 66.0, null);
INSERT INTO Participacao (atleta_id, time_id, olimpiada_id, modalidade_id, idade, altura, peso, medalha) VALUES (59825, 1, 10, 95, 24.0, 170.0, 66.0, null);
INSERT INTO Participacao (atleta_id, time_id, olimpiada_id, modalidade_id, idade, altura, peso, medalha) VALUES (59825, 1, 10, 96, 24.0, 170.0, 66.0, null);
INSERT INTO Participacao (atleta_id, time_id, olimpiada_id, modalidade_id, idade, altura, peso, medalha) VALUES (59825, 1, 10, 97, 24.0, 170.0, 66.0, null);
INSERT INTO Atletas (id, nome, sexo) VALUES (59826, 'Kim Da-Rae', 'F');
INSERT INTO Participacao (atleta_id, time_id, olimpiada_id, modalidade_id, idade, altura, peso, medalha) VALUES (59826, 1, 16, 21, 21.0, 161.0, 55.0, null);
INSERT INTO Participacao (atleta_id, time_id, olimpiada_id, modalidade_id, idade, altura, peso, medalha) VALUES (59826, 1, 24, 21, 25.0, 161.0, 55.0, null);
INSERT INTO Atletas (id, nome, sexo) VALUES (59827, 'Kim Dae-Eun', 'M');
INSERT INTO Participacao (atleta_id, time_id, olimpiada_id, modalidade_id, idade, altura, peso, medalha) VALUES (59827, 1, 18, 90, 19.0, 163.0, 58.0, 'Silver');
INSERT INTO Participacao (atleta_id, time_id, olimpiada_id, modalidade_id, idade, altura, peso, medalha) VALUES (59827, 1, 18, 91, 19.0, 163.0, 58.0, null);
INSERT INTO Participacao (atleta_id, time_id, olimpiada_id, modalidade_id, idade, altura, peso, medalha) VALUES (59827, 1, 18, 92, 19.0, 163.0, 58.0, null);
INSERT INTO Participacao (atleta_id, time_id, olimpiada_id, modalidade_id, idade, altura, peso, medalha) VALUES (59827, 1, 18, 93, 19.0, 163.0, 58.0, null);
INSERT INTO Participacao (atleta_id, time_id, olimpiada_id, modalidade_id, idade, altura, peso, medalha) VALUES (59827, 1, 18, 94, 19.0, 163.0, 58.0, null);
INSERT INTO Participacao (atleta_id, time_id, olimpiada_id, modalidade_id, idade, altura, peso, medalha) VALUES (59827, 1, 18, 95, 19.0, 163.0, 58.0, null);
INSERT INTO Participacao (atleta_id, time_id, olimpiada_id, modalidade_id, idade, altura, peso, medalha) VALUES (59827, 1, 18, 96, 19.0, 163.0, 58.0, null);
INSERT INTO Participacao (atleta_id, time_id, olimpiada_id, modalidade_id, idade, altura, peso, medalha) VALUES (59827, 1, 18, 97, 19.0, 163.0, 58.0, null);
INSERT INTO Participacao (atleta_id, time_id, olimpiada_id, modalidade_id, idade, altura, peso, medalha) VALUES (59827, 1, 16, 90, 23.0, 163.0, 58.0, null);
INSERT INTO Participacao (atleta_id, time_id, olimpiada_id, modalidade_id, idade, altura, peso, medalha) VALUES (59827, 1, 16, 91, 23.0, 163.0, 58.0, null);
INSERT INTO Participacao (atleta_id, time_id, olimpiada_id, modalidade_id, idade, altura, peso, medalha) VALUES (59827, 1, 16, 92, 23.0, 163.0, 58.0, null);
INSERT INTO Participacao (atleta_id, time_id, olimpiada_id, modalidade_id, idade, altura, peso, medalha) VALUES (59827, 1, 16, 94, 23.0, 163.0, 58.0, null);
INSERT INTO Participacao (atleta_id, time_id, olimpiada_id, modalidade_id, idade, altura, peso, medalha) VALUES (59827, 1, 16, 95, 23.0, 163.0, 58.0, null);
INSERT INTO Participacao (atleta_id, time_id, olimpiada_id, modalidade_id, idade, altura, peso, medalha) VALUES (59827, 1, 16, 96, 23.0, 163.0, 58.0, null);
INSERT INTO Participacao (atleta_id, time_id, olimpiada_id, modalidade_id, idade, altura, peso, medalha) VALUES (59827, 1, 16, 97, 23.0, 163.0, 58.0, null);
INSERT INTO Atletas (id, nome, sexo) VALUES (59828, 'Kim Dae-Ung', 'M');
INSERT INTO Participacao (atleta_id, time_id, olimpiada_id, modalidade_id, idade, altura, peso, medalha) VALUES (59828, 1, 24, 183, 24.0, 169.0, 65.0, null);
INSERT INTO Atletas (id, nome, sexo) VALUES (59829, 'Kim Dae-Yeong', 'M');
INSERT INTO Participacao (atleta_id, time_id, olimpiada_id, modalidade_id, idade, altura, peso, medalha) VALUES (59829, 1, 14, 278, 21.0, 164.0, 60.0, null);
INSERT INTO Participacao (atleta_id, time_id, olimpiada_id, modalidade_id, idade, altura, peso, medalha) VALUES (59829, 1, 23, 278, 25.0, 164.0, 60.0, null);
INSERT INTO Participacao (atleta_id, time_id, olimpiada_id, modalidade_id, idade, altura, peso, medalha) VALUES (59829, 1, 18, 278, 29.0, 164.0, 60.0, null);
INSERT INTO Atletas (id, nome, sexo) VALUES (59830, 'Kim Deok-Hyeon', 'M');
INSERT INTO Participacao (atleta_id, time_id, olimpiada_id, modalidade_id, idade, altura, peso, medalha) VALUES (59830, 1, 16, 155, 22.0, 180.0, 71.0, null);
INSERT INTO Participacao (atleta_id, time_id, olimpiada_id, modalidade_id, idade, altura, peso, medalha) VALUES (59830, 1, 24, 155, 26.0, 180.0, 71.0, null);
INSERT INTO Modalidades (nome, esporte_id) VALUES ('Athletics Men''s Long Jump', 18);
INSERT INTO Participacao (atleta_id, time_id, olimpiada_id, modalidade_id, idade, altura, peso, medalha) VALUES (59830, 1, 4, 302, 30.0, 180.0, 71.0, null);
INSERT INTO Participacao (atleta_id, time_id, olimpiada_id, modalidade_id, idade, altura, peso, medalha) VALUES (59830, 1, 4, 155, 30.0, 180.0, 71.0, null);
INSERT INTO Atletas (id, nome, sexo) VALUES (59831, 'Kim Deok-Jung', 'M');
INSERT INTO Participacao (atleta_id, time_id, olimpiada_id, modalidade_id, idade, altura, peso, medalha) VALUES (59831, 1, 7, 56, 24.0, 166.0, 63.0, null);
INSERT INTO Atletas (id, nome, sexo) VALUES (59832, 'Kim Deok-Pal', 'M');
INSERT INTO Participacao (atleta_id, time_id, olimpiada_id, modalidade_id, idade, altura, peso, medalha) VALUES (59832, 1, 7, 211, 22.0, 177.0, 77.0, null);
INSERT INTO Atletas (id, nome, sexo) VALUES (59833, 'Kim Deuk-Bong', 'M');
INSERT INTO Participacao (atleta_id, time_id, olimpiada_id, modalidade_id, idade, altura, peso, medalha) VALUES (59833, 1, 15, 218, 26.0, 175.0, 63.0, null);
INSERT INTO Atletas (id, nome, sexo) VALUES (59835, 'Kim Do-Gyun', 'M');
INSERT INTO Participacao (atleta_id, time_id, olimpiada_id, modalidade_id, idade, altura, peso, medalha) VALUES (59835, 1, 23, 56, 23.0, 183.0, 76.0, null);
INSERT INTO Atletas (id, nome, sexo) VALUES (59836, 'Kim Do-Hun', 'M');
INSERT INTO Participacao (atleta_id, time_id, olimpiada_id, modalidade_id, idade, altura, peso, medalha) VALUES (59836, 1, 23, 56, 30.0, 182.0, 77.0, null);
INSERT INTO Atletas (id, nome, sexo) VALUES (59837, 'Kim Dong-Baek', 'M');
INSERT INTO Participacao (atleta_id, time_id, olimpiada_id, modalidade_id, idade, altura, peso, medalha) VALUES (59837, 1, 28, 85, 22.0, null, null, null);
INSERT INTO Participacao (atleta_id, time_id, olimpiada_id, modalidade_id, idade, altura, peso, medalha) VALUES (59837, 1, 28, 86, 22.0, null, null, null);
INSERT INTO Atletas (id, nome, sexo) VALUES (59839, 'Kim Dong-Gil', 'M');
INSERT INTO Participacao (atleta_id, time_id, olimpiada_id, modalidade_id, idade, altura, peso, medalha) VALUES (59839, 1, 5, 218, 21.0, 173.0, 67.0, null);
INSERT INTO Atletas (id, nome, sexo) VALUES (59840, 'Kim Dong-Gyu', 'M');
INSERT INTO Participacao (atleta_id, time_id, olimpiada_id, modalidade_id, idade, altura, peso, medalha) VALUES (59840, 1, 15, 16, 35.0, 171.0, 60.0, null);
INSERT INTO Atletas (id, nome, sexo) VALUES (59841, 'Kim Dong-Hwa', 'M');
INSERT INTO Participacao (atleta_id, time_id, olimpiada_id, modalidade_id, idade, altura, peso, medalha) VALUES (59841, 1, 14, 90, 20.0, 165.0, 58.0, null);
INSERT INTO Participacao (atleta_id, time_id, olimpiada_id, modalidade_id, idade, altura, peso, medalha) VALUES (59841, 1, 14, 91, 20.0, 165.0, 58.0, null);
INSERT INTO Participacao (atleta_id, time_id, olimpiada_id, modalidade_id, idade, altura, peso, medalha) VALUES (59841, 1, 14, 92, 20.0, 165.0, 58.0, null);
INSERT INTO Participacao (atleta_id, time_id, olimpiada_id, modalidade_id, idade, altura, peso, medalha) VALUES (59841, 1, 14, 93, 20.0, 165.0, 58.0, null);
INSERT INTO Participacao (atleta_id, time_id, olimpiada_id, modalidade_id, idade, altura, peso, medalha) VALUES (59841, 1, 14, 94, 20.0, 165.0, 58.0, null);
INSERT INTO Participacao (atleta_id, time_id, olimpiada_id, modalidade_id, idade, altura, peso, medalha) VALUES (59841, 1, 14, 95, 20.0, 165.0, 58.0, null);
INSERT INTO Participacao (atleta_id, time_id, olimpiada_id, modalidade_id, idade, altura, peso, medalha) VALUES (59841, 1, 14, 96, 20.0, 165.0, 58.0, null);
INSERT INTO Participacao (atleta_id, time_id, olimpiada_id, modalidade_id, idade, altura, peso, medalha) VALUES (59841, 1, 14, 97, 20.0, 165.0, 58.0, null);
INSERT INTO Participacao (atleta_id, time_id, olimpiada_id, modalidade_id, idade, altura, peso, medalha) VALUES (59841, 1, 23, 90, 24.0, 165.0, 58.0, null);
INSERT INTO Participacao (atleta_id, time_id, olimpiada_id, modalidade_id, idade, altura, peso, medalha) VALUES (59841, 1, 23, 91, 24.0, 165.0, 58.0, null);
INSERT INTO Participacao (atleta_id, time_id, olimpiada_id, modalidade_id, idade, altura, peso, medalha) VALUES (59841, 1, 23, 92, 24.0, 165.0, 58.0, null);
INSERT INTO Participacao (atleta_id, time_id, olimpiada_id, modalidade_id, idade, altura, peso, medalha) VALUES (59841, 1, 23, 93, 24.0, 165.0, 58.0, null);
INSERT INTO Participacao (atleta_id, time_id, olimpiada_id, modalidade_id, idade, altura, peso, medalha) VALUES (59841, 1, 23, 94, 24.0, 165.0, 58.0, null);
INSERT INTO Participacao (atleta_id, time_id, olimpiada_id, modalidade_id, idade, altura, peso, medalha) VALUES (59841, 1, 23, 95, 24.0, 165.0, 58.0, null);
INSERT INTO Participacao (atleta_id, time_id, olimpiada_id, modalidade_id, idade, altura, peso, medalha) VALUES (59841, 1, 23, 96, 24.0, 165.0, 58.0, null);
INSERT INTO Participacao (atleta_id, time_id, olimpiada_id, modalidade_id, idade, altura, peso, medalha) VALUES (59841, 1, 23, 97, 24.0, 165.0, 58.0, null);
INSERT INTO Participacao (atleta_id, time_id, olimpiada_id, modalidade_id, idade, altura, peso, medalha) VALUES (59841, 1, 18, 90, 28.0, 165.0, 58.0, null);
INSERT INTO Participacao (atleta_id, time_id, olimpiada_id, modalidade_id, idade, altura, peso, medalha) VALUES (59841, 1, 18, 91, 28.0, 165.0, 58.0, null);
INSERT INTO Participacao (atleta_id, time_id, olimpiada_id, modalidade_id, idade, altura, peso, medalha) VALUES (59841, 1, 18, 93, 28.0, 165.0, 58.0, null);
INSERT INTO Participacao (atleta_id, time_id, olimpiada_id, modalidade_id, idade, altura, peso, medalha) VALUES (59841, 1, 18, 95, 28.0, 165.0, 58.0, null);
INSERT INTO Participacao (atleta_id, time_id, olimpiada_id, modalidade_id, idade, altura, peso, medalha) VALUES (59841, 1, 18, 96, 28.0, 165.0, 58.0, null);
INSERT INTO Participacao (atleta_id, time_id, olimpiada_id, modalidade_id, idade, altura, peso, medalha) VALUES (59841, 1, 18, 97, 28.0, 165.0, 58.0, null);
INSERT INTO Atletas (id, nome, sexo) VALUES (59842, 'Kim Dong-Hwan', 'M');
INSERT INTO Participacao (atleta_id, time_id, olimpiada_id, modalidade_id, idade, altura, peso, medalha) VALUES (59842, 1, 32, 108, 20.0, null, null, null);
INSERT INTO Participacao (atleta_id, time_id, olimpiada_id, modalidade_id, idade, altura, peso, medalha) VALUES (59842, 1, 32, 2, 20.0, null, null, null);
INSERT INTO Atletas (id, nome, sexo) VALUES (59843, 'Kim Dong-Hyeon', 'M');
INSERT INTO Participacao (atleta_id, time_id, olimpiada_id, modalidade_id, idade, altura, peso, medalha) VALUES (59843, 1, 27, 178, 22.0, 181.0, 90.0, null);
INSERT INTO Participacao (atleta_id, time_id, olimpiada_id, modalidade_id, idade, altura, peso, medalha) VALUES (59843, 1, 27, 295, 22.0, 181.0, 90.0, null);
INSERT INTO Atletas (id, nome, sexo) VALUES (59844, 'Kim Dong-Hyeon', 'M');
INSERT INTO Participacao (atleta_id, time_id, olimpiada_id, modalidade_id, idade, altura, peso, medalha) VALUES (59844, 1, 17, 180, 22.0, 184.0, 100.0, null);
INSERT INTO Atletas (id, nome, sexo) VALUES (59845, 'Kim Dong-Jin', 'M');
INSERT INTO Participacao (atleta_id, time_id, olimpiada_id, modalidade_id, idade, altura, peso, medalha) VALUES (59845, 1, 18, 56, 22.0, 184.0, 78.0, null);
INSERT INTO Participacao (atleta_id, time_id, olimpiada_id, modalidade_id, idade, altura, peso, medalha) VALUES (59845, 1, 16, 56, 26.0, 184.0, 78.0, null);
INSERT INTO Atletas (id, nome, sexo) VALUES (59846, 'Kim Dong-Ju', 'M');
INSERT INTO Participacao (atleta_id, time_id, olimpiada_id, modalidade_id, idade, altura, peso, medalha) VALUES (59846, 1, 23, 20, 24.0, 180.0, 98.0, 'Bronze');
INSERT INTO Participacao (atleta_id, time_id, olimpiada_id, modalidade_id, idade, altura, peso, medalha) VALUES (59846, 1, 16, 20, 32.0, 180.0, 98.0, 'Gold');
INSERT INTO Atletas (id, nome, sexo) VALUES (59847, 'Kim Dong-Jun', 'M');
INSERT INTO Participacao (atleta_id, time_id, olimpiada_id, modalidade_id, idade, altura, peso, medalha) VALUES (59847, 1, 4, 56, 21.0, 188.0, 84.0, null);
INSERT INTO Atletas (id, nome, sexo) VALUES (59848, 'Kim Dong-Mun', 'M');
INSERT INTO Participacao (atleta_id, time_id, olimpiada_id, modalidade_id, idade, altura, peso, medalha) VALUES (59848, 1, 23, 192, 24.0, 184.0, 74.0, null);
INSERT INTO Atletas (id, nome, sexo) VALUES (59849, 'Kim Dong-Seon', 'M');
INSERT INTO Participacao (atleta_id, time_id, olimpiada_id, modalidade_id, idade, altura, peso, medalha) VALUES (59849, 1, 4, 141, 27.0, 189.0, 80.0, null);
INSERT INTO Atletas (id, nome, sexo) VALUES (59850, 'Kim Dong-Seong', 'M');
INSERT INTO Participacao (atleta_id, time_id, olimpiada_id, modalidade_id, idade, altura, peso, medalha) VALUES (59850, 1, 3, 40, 17.0, 172.0, 67.0, null);
INSERT INTO Participacao (atleta_id, time_id, olimpiada_id, modalidade_id, idade, altura, peso, medalha) VALUES (59850, 1, 3, 38, 17.0, 172.0, 67.0, 'Gold');
INSERT INTO Participacao (atleta_id, time_id, olimpiada_id, modalidade_id, idade, altura, peso, medalha) VALUES (59850, 1, 3, 41, 17.0, 172.0, 67.0, 'Silver');
INSERT INTO Participacao (atleta_id, time_id, olimpiada_id, modalidade_id, idade, altura, peso, medalha) VALUES (59850, 1, 19, 40, 22.0, 172.0, 67.0, null);
INSERT INTO Participacao (atleta_id, time_id, olimpiada_id, modalidade_id, idade, altura, peso, medalha) VALUES (59850, 1, 19, 38, 22.0, 172.0, 67.0, null);
INSERT INTO Participacao (atleta_id, time_id, olimpiada_id, modalidade_id, idade, altura, peso, medalha) VALUES (59850, 1, 19, 39, 22.0, 172.0, 67.0, null);
INSERT INTO Participacao (atleta_id, time_id, olimpiada_id, modalidade_id, idade, altura, peso, medalha) VALUES (59850, 1, 19, 41, 22.0, 172.0, 67.0, null);
INSERT INTO Atletas (id, nome, sexo) VALUES (59851, 'Kim Dong-Su', 'M');
INSERT INTO Modalidades (nome, esporte_id) VALUES ('Canoeing Men''s Kayak Singles, 1,000 metres', 23);
INSERT INTO Participacao (atleta_id, time_id, olimpiada_id, modalidade_id, idade, altura, peso, medalha) VALUES (59851, 1, 6, 303, 19.0, 179.0, 76.0, null);
INSERT INTO Participacao (atleta_id, time_id, olimpiada_id, modalidade_id, idade, altura, peso, medalha) VALUES (59851, 1, 6, 177, 19.0, 179.0, 76.0, null);
INSERT INTO Atletas (id, nome, sexo) VALUES (59852, 'Kim Dong-Yeong', 'M');
INSERT INTO Participacao (atleta_id, time_id, olimpiada_id, modalidade_id, idade, altura, peso, medalha) VALUES (59852, 1, 18, 254, 24.0, 176.0, 62.0, null);
INSERT INTO Participacao (atleta_id, time_id, olimpiada_id, modalidade_id, idade, altura, peso, medalha) VALUES (59852, 1, 16, 254, 28.0, 176.0, 62.0, null);
INSERT INTO Participacao (atleta_id, time_id, olimpiada_id, modalidade_id, idade, altura, peso, medalha) VALUES (59852, 1, 24, 254, 32.0, 176.0, 62.0, null);
INSERT INTO Atletas (id, nome, sexo) VALUES (59853, 'Kim Dong-Yong', 'M');
INSERT INTO Participacao (atleta_id, time_id, olimpiada_id, modalidade_id, idade, altura, peso, medalha) VALUES (59853, 1, 24, 214, 21.0, 189.0, 91.0, null);
INSERT INTO Participacao (atleta_id, time_id, olimpiada_id, modalidade_id, idade, altura, peso, medalha) VALUES (59853, 1, 4, 214, 25.0, 189.0, 91.0, null);
INSERT INTO Atletas (id, nome, sexo) VALUES (59854, 'Kim Du-Hyeon', 'M');
INSERT INTO Participacao (atleta_id, time_id, olimpiada_id, modalidade_id, idade, altura, peso, medalha) VALUES (59854, 1, 18, 56, 22.0, 175.0, 67.0, null);
INSERT INTO Atletas (id, nome, sexo) VALUES (59855, 'Kim Eun-Ha', 'F');
INSERT INTO Participacao (atleta_id, time_id, olimpiada_id, modalidade_id, idade, altura, peso, medalha) VALUES (59855, 1, 14, 297, 21.0, 173.0, 62.0, null);
INSERT INTO Atletas (id, nome, sexo) VALUES (59856, 'Kim Eun-Hui', 'F');
INSERT INTO Participacao (atleta_id, time_id, olimpiada_id, modalidade_id, idade, altura, peso, medalha) VALUES (59856, 1, 11, 18, 23.0, 166.0, 58.0, null);
INSERT INTO Atletas (id, nome, sexo) VALUES (59857, 'Kim Eun-Hui', 'F');
INSERT INTO Modalidades (nome, esporte_id) VALUES ('Diving Women''s Springboard', 30);
INSERT INTO Participacao (atleta_id, time_id, olimpiada_id, modalidade_id, idade, altura, peso, medalha) VALUES (59857, 1, 6, 304, 15.0, 161.0, 53.0, null);
INSERT INTO Participacao (atleta_id, time_id, olimpiada_id, modalidade_id, idade, altura, peso, medalha) VALUES (59857, 1, 6, 132, 15.0, 161.0, 53.0, null);
INSERT INTO Atletas (id, nome, sexo) VALUES (59858, 'Kim Eun-Hui', 'F');
INSERT INTO Participacao (atleta_id, time_id, olimpiada_id, modalidade_id, idade, altura, peso, medalha) VALUES (59858, 1, 12, 248, 19.0, null, null, null);
INSERT INTO Atletas (id, nome, sexo) VALUES (59859, 'Kim Eun-Hye', 'F');
INSERT INTO Participacao (atleta_id, time_id, olimpiada_id, modalidade_id, idade, altura, peso, medalha) VALUES (59859, 1, 4, 117, 29.0, 161.0, 50.0, null);
INSERT INTO Atletas (id, nome, sexo) VALUES (59860, 'Kim Eun-Jeong', 'F');
INSERT INTO Participacao (atleta_id, time_id, olimpiada_id, modalidade_id, idade, altura, peso, medalha) VALUES (59860, 1, 6, 231, 15.0, 157.0, 51.0, null);
INSERT INTO Participacao (atleta_id, time_id, olimpiada_id, modalidade_id, idade, altura, peso, medalha) VALUES (59860, 1, 6, 65, 15.0, 157.0, 51.0, null);
INSERT INTO Participacao (atleta_id, time_id, olimpiada_id, modalidade_id, idade, altura, peso, medalha) VALUES (59860, 1, 6, 232, 15.0, 157.0, 51.0, null);
INSERT INTO Atletas (id, nome, sexo) VALUES (59861, 'Kim Eun-Jin', 'F');
INSERT INTO Participacao (atleta_id, time_id, olimpiada_id, modalidade_id, idade, altura, peso, medalha) VALUES (59861, 1, 23, 21, 25.0, 164.0, 53.0, null);
INSERT INTO Atletas (id, nome, sexo) VALUES (59862, 'Kim Eun-Mi', 'F');
INSERT INTO Participacao (atleta_id, time_id, olimpiada_id, modalidade_id, idade, altura, peso, medalha) VALUES (59862, 1, 6, 45, 16.0, 160.0, 47.0, null);
INSERT INTO Participacao (atleta_id, time_id, olimpiada_id, modalidade_id, idade, altura, peso, medalha) VALUES (59862, 1, 6, 46, 16.0, 160.0, 47.0, null);
INSERT INTO Participacao (atleta_id, time_id, olimpiada_id, modalidade_id, idade, altura, peso, medalha) VALUES (59862, 1, 6, 47, 16.0, 160.0, 47.0, null);
INSERT INTO Participacao (atleta_id, time_id, olimpiada_id, modalidade_id, idade, altura, peso, medalha) VALUES (59862, 1, 6, 48, 16.0, 160.0, 47.0, null);
INSERT INTO Participacao (atleta_id, time_id, olimpiada_id, modalidade_id, idade, altura, peso, medalha) VALUES (59862, 1, 6, 49, 16.0, 160.0, 47.0, null);
INSERT INTO Participacao (atleta_id, time_id, olimpiada_id, modalidade_id, idade, altura, peso, medalha) VALUES (59862, 1, 6, 50, 16.0, 160.0, 47.0, null);
INSERT INTO Atletas (id, nome, sexo) VALUES (59863, 'Kim Eun-Mi', 'F');
INSERT INTO Participacao (atleta_id, time_id, olimpiada_id, modalidade_id, idade, altura, peso, medalha) VALUES (59863, 1, 14, 26, 20.0, null, null, 'Silver');
INSERT INTO Atletas (id, nome, sexo) VALUES (59864, 'Kim Eun-Sil', 'F');
INSERT INTO Participacao (atleta_id, time_id, olimpiada_id, modalidade_id, idade, altura, peso, medalha) VALUES (59864, 1, 16, 21, 25.0, 166.0, 64.0, null);
INSERT INTO Atletas (id, nome, sexo) VALUES (59865, 'Kim Eun-Suk', 'F');
INSERT INTO Participacao (atleta_id, time_id, olimpiada_id, modalidade_id, idade, altura, peso, medalha) VALUES (59865, 1, 5, 33, 21.0, 170.0, 62.0, 'Silver');
INSERT INTO Atletas (id, nome, sexo) VALUES (59866, 'Kim Ga-Eul', 'F');
INSERT INTO Participacao (atleta_id, time_id, olimpiada_id, modalidade_id, idade, altura, peso, medalha) VALUES (59866, 1, 24, 208, 15.0, 160.0, 52.0, null);
INSERT INTO Atletas (id, nome, sexo) VALUES (59867, 'Kim Gap-Sik', 'M');
INSERT INTO Participacao (atleta_id, time_id, olimpiada_id, modalidade_id, idade, altura, peso, medalha) VALUES (59867, 1, 6, 29, 20.0, 185.0, 86.0, null);
INSERT INTO Atletas (id, nome, sexo) VALUES (59868, 'Kim Geon-Bong', 'M');
INSERT INTO Participacao (atleta_id, time_id, olimpiada_id, modalidade_id, idade, altura, peso, medalha) VALUES (59868, 1, 11, 72, 27.0, 187.0, 79.0, null);
INSERT INTO Participacao (atleta_id, time_id, olimpiada_id, modalidade_id, idade, altura, peso, medalha) VALUES (59868, 1, 13, 72, 30.0, 187.0, 79.0, null);
INSERT INTO Atletas (id, nome, sexo) VALUES (59869, 'Kim Geon-Il', 'M');
INSERT INTO Participacao (atleta_id, time_id, olimpiada_id, modalidade_id, idade, altura, peso, medalha) VALUES (59869, 1, 6, 80, 21.0, 175.0, 66.0, null);
INSERT INTO Participacao (atleta_id, time_id, olimpiada_id, modalidade_id, idade, altura, peso, medalha) VALUES (59869, 1, 12, 80, 25.0, 175.0, 66.0, null);
INSERT INTO Atletas (id, nome, sexo) VALUES (59870, 'Kim Geon-Su', 'M');
INSERT INTO Participacao (atleta_id, time_id, olimpiada_id, modalidade_id, idade, altura, peso, medalha) VALUES (59870, 1, 12, 191, 26.0, null, null, null);
INSERT INTO Atletas (id, nome, sexo) VALUES (59871, 'Kim Geum-Hwa', 'F');
INSERT INTO Participacao (atleta_id, time_id, olimpiada_id, modalidade_id, idade, altura, peso, medalha) VALUES (59871, 1, 16, 244, 26.0, 168.0, 60.0, null);
INSERT INTO Atletas (id, nome, sexo) VALUES (59872, 'Kim Geum-Jin', 'F');
INSERT INTO Participacao (atleta_id, time_id, olimpiada_id, modalidade_id, idade, altura, peso, medalha) VALUES (59872, 1, 6, 33, 23.0, 174.0, 65.0, null);
INSERT INTO Atletas (id, nome, sexo) VALUES (59873, 'Kim Gi-Chun', 'M');
INSERT INTO Participacao (atleta_id, time_id, olimpiada_id, modalidade_id, idade, altura, peso, medalha) VALUES (59873, 1, 6, 150, 22.0, 177.0, 78.0, null);
INSERT INTO Atletas (id, nome, sexo) VALUES (59874, 'Kim Gi-Han', 'M');
INSERT INTO Modalidades (nome, esporte_id) VALUES ('Sailing Mixed Two Person Heavyweight Dinghy', 40);
INSERT INTO Participacao (atleta_id, time_id, olimpiada_id, modalidade_id, idade, altura, peso, medalha) VALUES (59874, 1, 6, 305, 25.0, 180.0, 83.0, null);
INSERT INTO Atletas (id, nome, sexo) VALUES (59875, 'Kim Gi-Hui', 'M');
INSERT INTO Participacao (atleta_id, time_id, olimpiada_id, modalidade_id, idade, altura, peso, medalha) VALUES (59875, 1, 24, 56, 23.0, 186.0, 77.0, 'Bronze');
INSERT INTO Atletas (id, nome, sexo) VALUES (59876, 'Kim Gi-Hun', 'M');
INSERT INTO Participacao (atleta_id, time_id, olimpiada_id, modalidade_id, idade, altura, peso, medalha) VALUES (59876, 1, 1, 38, 24.0, 172.0, 63.0, 'Gold');
INSERT INTO Participacao (atleta_id, time_id, olimpiada_id, modalidade_id, idade, altura, peso, medalha) VALUES (59876, 1, 1, 41, 24.0, 172.0, 63.0, 'Gold');
INSERT INTO Participacao (atleta_id, time_id, olimpiada_id, modalidade_id, idade, altura, peso, medalha) VALUES (59876, 1, 2, 40, 26.0, 172.0, 63.0, null);
INSERT INTO Participacao (atleta_id, time_id, olimpiada_id, modalidade_id, idade, altura, peso, medalha) VALUES (59876, 1, 2, 38, 26.0, 172.0, 63.0, 'Gold');
INSERT INTO Atletas (id, nome, sexo) VALUES (59877, 'Kim Gi-Hun', 'M');
INSERT INTO Participacao (atleta_id, time_id, olimpiada_id, modalidade_id, idade, altura, peso, medalha) VALUES (59877, 1, 12, 163, 24.0, 177.0, 93.0, null);
INSERT INTO Atletas (id, nome, sexo) VALUES (59879, 'Kim Gi-Seok', 'M');
INSERT INTO Participacao (atleta_id, time_id, olimpiada_id, modalidade_id, idade, altura, peso, medalha) VALUES (59879, 1, 23, 234, 20.0, 170.0, 51.0, null);
INSERT INTO Participacao (atleta_id, time_id, olimpiada_id, modalidade_id, idade, altura, peso, medalha) VALUES (59879, 1, 18, 215, 23.0, 170.0, 51.0, null);
INSERT INTO Atletas (id, nome, sexo) VALUES (59880, 'Kim Gi-Su', 'M');
INSERT INTO Participacao (atleta_id, time_id, olimpiada_id, modalidade_id, idade, altura, peso, medalha) VALUES (59880, 1, 15, 43, 19.0, 171.0, 67.0, null);
INSERT INTO Atletas (id, nome, sexo) VALUES (59881, 'Kim Gi-Tae', 'M');
INSERT INTO Participacao (atleta_id, time_id, olimpiada_id, modalidade_id, idade, altura, peso, medalha) VALUES (59881, 1, 23, 20, 31.0, 180.0, 78.0, 'Bronze');
INSERT INTO Atletas (id, nome, sexo) VALUES (59882, 'Kim Gi-Taek', 'M');
INSERT INTO Participacao (atleta_id, time_id, olimpiada_id, modalidade_id, idade, altura, peso, medalha) VALUES (59882, 1, 6, 182, 25.0, 171.0, 64.0, 'Silver');
INSERT INTO Atletas (id, nome, sexo) VALUES (59883, 'Kim Gi-Ung', 'M');
INSERT INTO Participacao (atleta_id, time_id, olimpiada_id, modalidade_id, idade, altura, peso, medalha) VALUES (59883, 1, 6, 288, 26.0, 169.0, 70.0, null);
INSERT INTO Atletas (id, nome, sexo) VALUES (59884, 'Kim Gil-Hwan', 'M');
INSERT INTO Participacao (atleta_id, time_id, olimpiada_id, modalidade_id, idade, altura, peso, medalha) VALUES (59884, 1, 6, 150, 22.0, 175.0, 82.0, null);
INSERT INTO Atletas (id, nome, sexo) VALUES (59885, 'Kim Gil-Ja', 'F');
INSERT INTO Participacao (atleta_id, time_id, olimpiada_id, modalidade_id, idade, altura, peso, medalha) VALUES (59885, 1, 7, 18, 21.0, 174.0, 67.0, null);
INSERT INTO Atletas (id, nome, sexo) VALUES (59887, 'Kim Gwan-Gyu', 'M');
INSERT INTO Participacao (atleta_id, time_id, olimpiada_id, modalidade_id, idade, altura, peso, medalha) VALUES (59887, 1, 22, 51, 20.0, null, null, null);
INSERT INTO Participacao (atleta_id, time_id, olimpiada_id, modalidade_id, idade, altura, peso, medalha) VALUES (59887, 1, 22, 52, 20.0, null, null, null);
INSERT INTO Participacao (atleta_id, time_id, olimpiada_id, modalidade_id, idade, altura, peso, medalha) VALUES (59887, 1, 22, 154, 20.0, null, null, null);
INSERT INTO Atletas (id, nome, sexo) VALUES (59888, 'Kim Gwan-Hyeon', 'M');
INSERT INTO Participacao (atleta_id, time_id, olimpiada_id, modalidade_id, idade, altura, peso, medalha) VALUES (59888, 1, 5, 293, 29.0, 195.0, 110.0, null);
INSERT INTO Atletas (id, nome, sexo) VALUES (59889, 'Kim Gwan-Uk', 'M');
INSERT INTO Modalidades (nome, esporte_id) VALUES ('Wrestling Men''s Light-Heavyweight, Freestyle', 7);
INSERT INTO Participacao (atleta_id, time_id, olimpiada_id, modalidade_id, idade, altura, peso, medalha) VALUES (59889, 1, 4, 306, 26.0, 177.0, 90.0, null);
INSERT INTO Atletas (id, nome, sexo) VALUES (59891, 'Kim Gwang-Deok', 'M');
INSERT INTO Participacao (atleta_id, time_id, olimpiada_id, modalidade_id, idade, altura, peso, medalha) VALUES (59891, 1, 7, 90, 22.0, 163.0, 58.0, null);
INSERT INTO Participacao (atleta_id, time_id, olimpiada_id, modalidade_id, idade, altura, peso, medalha) VALUES (59891, 1, 7, 91, 22.0, 163.0, 58.0, null);
INSERT INTO Participacao (atleta_id, time_id, olimpiada_id, modalidade_id, idade, altura, peso, medalha) VALUES (59891, 1, 7, 92, 22.0, 163.0, 58.0, null);
INSERT INTO Participacao (atleta_id, time_id, olimpiada_id, modalidade_id, idade, altura, peso, medalha) VALUES (59891, 1, 7, 93, 22.0, 163.0, 58.0, null);
INSERT INTO Participacao (atleta_id, time_id, olimpiada_id, modalidade_id, idade, altura, peso, medalha) VALUES (59891, 1, 7, 94, 22.0, 163.0, 58.0, null);
INSERT INTO Participacao (atleta_id, time_id, olimpiada_id, modalidade_id, idade, altura, peso, medalha) VALUES (59891, 1, 7, 95, 22.0, 163.0, 58.0, null);
INSERT INTO Participacao (atleta_id, time_id, olimpiada_id, modalidade_id, idade, altura, peso, medalha) VALUES (59891, 1, 7, 96, 22.0, 163.0, 58.0, null);
INSERT INTO Participacao (atleta_id, time_id, olimpiada_id, modalidade_id, idade, altura, peso, medalha) VALUES (59891, 1, 7, 97, 22.0, 163.0, 58.0, null);
INSERT INTO Atletas (id, nome, sexo) VALUES (59893, 'Kim Gwang-Hun', 'M');
INSERT INTO Participacao (atleta_id, time_id, olimpiada_id, modalidade_id, idade, altura, peso, medalha) VALUES (59893, 1, 18, 110, 22.0, 165.0, 77.0, null);
INSERT INTO Participacao (atleta_id, time_id, olimpiada_id, modalidade_id, idade, altura, peso, medalha) VALUES (59893, 1, 16, 110, 26.0, 165.0, 77.0, null);
INSERT INTO Atletas (id, nome, sexo) VALUES (59894, 'Kim Gwang-Hyeon', 'M');
INSERT INTO Participacao (atleta_id, time_id, olimpiada_id, modalidade_id, idade, altura, peso, medalha) VALUES (59894, 1, 16, 20, 20.0, 187.0, 83.0, 'Gold');
INSERT INTO Atletas (id, nome, sexo) VALUES (59896, 'Kim Gwang-Jin', 'M');
INSERT INTO Modalidades (nome, esporte_id) VALUES ('Freestyle Skiing Men''s Halfpipe', 31);
INSERT INTO Participacao (atleta_id, time_id, olimpiada_id, modalidade_id, idade, altura, peso, medalha) VALUES (59896, 1, 27, 307, 18.0, 180.0, 72.0, null);
INSERT INTO Atletas (id, nome, sexo) VALUES (59897, 'Kim Gwang-Seon', 'M');
INSERT INTO Participacao (atleta_id, time_id, olimpiada_id, modalidade_id, idade, altura, peso, medalha) VALUES (59897, 1, 5, 234, 20.0, 165.0, 51.0, null);
INSERT INTO Participacao (atleta_id, time_id, olimpiada_id, modalidade_id, idade, altura, peso, medalha) VALUES (59897, 1, 6, 215, 24.0, 165.0, 51.0, 'Gold');
INSERT INTO Atletas (id, nome, sexo) VALUES (59898, 'Kim Gwang-Seon', 'M');
INSERT INTO Participacao (atleta_id, time_id, olimpiada_id, modalidade_id, idade, altura, peso, medalha) VALUES (59898, 1, 10, 174, 22.0, 167.0, 66.0, null);
INSERT INTO Participacao (atleta_id, time_id, olimpiada_id, modalidade_id, idade, altura, peso, medalha) VALUES (59898, 1, 10, 175, 22.0, 167.0, 66.0, null);
INSERT INTO Atletas (id, nome, sexo) VALUES (59900, 'Kim Gwang-Su', 'M');
INSERT INTO Participacao (atleta_id, time_id, olimpiada_id, modalidade_id, idade, altura, peso, medalha) VALUES (59900, 1, 7, 72, 24.0, 179.0, 72.0, null);
INSERT INTO Atletas (id, nome, sexo) VALUES (59902, 'Kim Gwi-Hwa', 'M');
INSERT INTO Participacao (atleta_id, time_id, olimpiada_id, modalidade_id, idade, altura, peso, medalha) VALUES (59902, 1, 12, 56, 22.0, null, null, null);
INSERT INTO Atletas (id, nome, sexo) VALUES (59903, 'Kim Gwi-Hwan', 'M');
INSERT INTO Participacao (atleta_id, time_id, olimpiada_id, modalidade_id, idade, altura, peso, medalha) VALUES (59903, 1, 11, 72, 24.0, 183.0, 75.0, null);
INSERT INTO Atletas (id, nome, sexo) VALUES (59904, 'Kim Gwi-Jin', 'F');
INSERT INTO Participacao (atleta_id, time_id, olimpiada_id, modalidade_id, idade, altura, peso, medalha) VALUES (59904, 1, 28, 61, 18.0, 165.0, 62.0, null);
INSERT INTO Participacao (atleta_id, time_id, olimpiada_id, modalidade_id, idade, altura, peso, medalha) VALUES (59904, 1, 28, 60, 18.0, 165.0, 62.0, null);
INSERT INTO Participacao (atleta_id, time_id, olimpiada_id, modalidade_id, idade, altura, peso, medalha) VALUES (59904, 1, 31, 61, 22.0, 165.0, 62.0, null);
INSERT INTO Participacao (atleta_id, time_id, olimpiada_id, modalidade_id, idade, altura, peso, medalha) VALUES (59904, 1, 31, 60, 22.0, 165.0, 62.0, null);
INSERT INTO Atletas (id, nome, sexo) VALUES (59905, 'Kim Gwi-Sik', 'M');
INSERT INTO Participacao (atleta_id, time_id, olimpiada_id, modalidade_id, idade, altura, peso, medalha) VALUES (59905, 1, 6, 240, 19.0, 160.0, 60.0, null);
INSERT INTO Participacao (atleta_id, time_id, olimpiada_id, modalidade_id, idade, altura, peso, medalha) VALUES (59905, 1, 12, 128, 23.0, 160.0, 60.0, null);
INSERT INTO Atletas (id, nome, sexo) VALUES (59906, 'Kim Gwi-Sun', 'F');
INSERT INTO Participacao (atleta_id, time_id, olimpiada_id, modalidade_id, idade, altura, peso, medalha) VALUES (59906, 1, 6, 18, 19.0, 177.0, 62.0, null);
INSERT INTO Atletas (id, nome, sexo) VALUES (59909, 'Kim Gye-Ryeong', 'F');
INSERT INTO Participacao (atleta_id, time_id, olimpiada_id, modalidade_id, idade, altura, peso, medalha) VALUES (59909, 1, 18, 33, 24.0, 190.0, 80.0, null);
INSERT INTO Participacao (atleta_id, time_id, olimpiada_id, modalidade_id, idade, altura, peso, medalha) VALUES (59909, 1, 16, 33, 28.0, 190.0, 80.0, null);
INSERT INTO Atletas (id, nome, sexo) VALUES (59910, 'Kim Gyeong-A', 'F');
INSERT INTO Participacao (atleta_id, time_id, olimpiada_id, modalidade_id, idade, altura, peso, medalha) VALUES (59910, 1, 18, 166, 27.0, 165.0, 58.0, 'Bronze');
INSERT INTO Participacao (atleta_id, time_id, olimpiada_id, modalidade_id, idade, altura, peso, medalha) VALUES (59910, 1, 16, 166, 31.0, 165.0, 58.0, null);
INSERT INTO Participacao (atleta_id, time_id, olimpiada_id, modalidade_id, idade, altura, peso, medalha) VALUES (59910, 1, 16, 167, 31.0, 165.0, 58.0, 'Bronze');
INSERT INTO Participacao (atleta_id, time_id, olimpiada_id, modalidade_id, idade, altura, peso, medalha) VALUES (59910, 1, 24, 166, 35.0, 165.0, 58.0, null);
INSERT INTO Participacao (atleta_id, time_id, olimpiada_id, modalidade_id, idade, altura, peso, medalha) VALUES (59910, 1, 24, 167, 35.0, 165.0, 58.0, null);
INSERT INTO Atletas (id, nome, sexo) VALUES (59911, 'Kim Gyeong-Ae', 'F');
INSERT INTO Participacao (atleta_id, time_id, olimpiada_id, modalidade_id, idade, altura, peso, medalha) VALUES (59911, 1, 12, 21, 21.0, null, null, null);
INSERT INTO Atletas (id, nome, sexo) VALUES (59912, 'Kim Gyeong-Ae', 'F');
INSERT INTO Participacao (atleta_id, time_id, olimpiada_id, modalidade_id, idade, altura, peso, medalha) VALUES (59912, 1, 16, 261, 20.0, 163.0, 62.0, null);
INSERT INTO Atletas (id, nome, sexo) VALUES (59913, 'Kim Gyeong-Ae', 'F');
INSERT INTO Participacao (atleta_id, time_id, olimpiada_id, modalidade_id, idade, altura, peso, medalha) VALUES (59913, 1, 24, 36, 22.0, 162.0, 55.0, null);
INSERT INTO Atletas (id, nome, sexo) VALUES (59914, 'Kim Gyeong-Hoe', 'F');
INSERT INTO Participacao (atleta_id, time_id, olimpiada_id, modalidade_id, idade, altura, peso, medalha) VALUES (59914, 1, 29, 27, 19.0, null, null, null);
INSERT INTO Participacao (atleta_id, time_id, olimpiada_id, modalidade_id, idade, altura, peso, medalha) VALUES (59914, 1, 29, 100, 19.0, null, null, null);
INSERT INTO Participacao (atleta_id, time_id, olimpiada_id, modalidade_id, idade, altura, peso, medalha) VALUES (59914, 1, 29, 61, 19.0, null, null, null);
INSERT INTO Participacao (atleta_id, time_id, olimpiada_id, modalidade_id, idade, altura, peso, medalha) VALUES (59914, 1, 29, 60, 19.0, null, null, null);
INSERT INTO Atletas (id, nome, sexo) VALUES (59915, 'Kim Gyeong-Hui', 'F');
INSERT INTO Participacao (atleta_id, time_id, olimpiada_id, modalidade_id, idade, altura, peso, medalha) VALUES (59915, 1, 6, 18, 22.0, 170.0, 62.0, null);
INSERT INTO Atletas (id, nome, sexo) VALUES (59916, 'Kim Gyeong-Hun', 'M');
INSERT INTO Participacao (atleta_id, time_id, olimpiada_id, modalidade_id, idade, altura, peso, medalha) VALUES (59916, 1, 23, 258, 25.0, 196.0, 84.0, 'Gold');
INSERT INTO Atletas (id, nome, sexo) VALUES (59918, 'Kim Gyeong-Ok', 'F');
INSERT INTO Participacao (atleta_id, time_id, olimpiada_id, modalidade_id, idade, altura, peso, medalha) VALUES (59918, 1, 16, 248, 25.0, 161.0, 52.0, null);
INSERT INTO Participacao (atleta_id, time_id, olimpiada_id, modalidade_id, idade, altura, peso, medalha) VALUES (59918, 1, 24, 248, 29.0, 161.0, 52.0, null);
INSERT INTO Atletas (id, nome, sexo) VALUES (59919, 'Kim Gyeong-Seok', 'M');
INSERT INTO Participacao (atleta_id, time_id, olimpiada_id, modalidade_id, idade, altura, peso, medalha) VALUES (59919, 1, 23, 89, 28.0, 177.0, 73.0, 'Silver');
INSERT INTO Participacao (atleta_id, time_id, olimpiada_id, modalidade_id, idade, altura, peso, medalha) VALUES (59919, 1, 18, 89, 32.0, 177.0, 73.0, null);
INSERT INTO Atletas (id, nome, sexo) VALUES (59920, 'Kim Gyeong-Suk', 'F');
INSERT INTO Participacao (atleta_id, time_id, olimpiada_id, modalidade_id, idade, altura, peso, medalha) VALUES (59920, 1, 6, 123, 21.0, 161.0, 53.0, null);
INSERT INTO Atletas (id, nome, sexo) VALUES (59921, 'Kim Gyeong-Sun', 'F');
INSERT INTO Participacao (atleta_id, time_id, olimpiada_id, modalidade_id, idade, altura, peso, medalha) VALUES (59921, 1, 5, 26, 18.0, 164.0, 55.0, 'Silver');
INSERT INTO Participacao (atleta_id, time_id, olimpiada_id, modalidade_id, idade, altura, peso, medalha) VALUES (59921, 1, 6, 26, 22.0, 164.0, 55.0, 'Gold');
INSERT INTO Atletas (id, nome, sexo) VALUES (59922, 'Kim Gyeong-Uk', 'F');
INSERT INTO Participacao (atleta_id, time_id, olimpiada_id, modalidade_id, idade, altura, peso, medalha) VALUES (59922, 1, 14, 98, 26.0, null, null, 'Gold');
INSERT INTO Participacao (atleta_id, time_id, olimpiada_id, modalidade_id, idade, altura, peso, medalha) VALUES (59922, 1, 14, 99, 26.0, null, null, 'Gold');
INSERT INTO Atletas (id, nome, sexo) VALUES (59925, 'Kim Gyu-Hwan', 'M');
INSERT INTO Participacao (atleta_id, time_id, olimpiada_id, modalidade_id, idade, altura, peso, medalha) VALUES (59925, 1, 8, 56, 27.0, null, null, null);
INSERT INTO Atletas (id, nome, sexo) VALUES (59926, 'Kim Gyu-San', 'M');
INSERT INTO Participacao (atleta_id, time_id, olimpiada_id, modalidade_id, idade, altura, peso, medalha) VALUES (59926, 1, 7, 29, 23.0, 184.0, 84.0, null);
INSERT INTO Atletas (id, nome, sexo) VALUES (59927, 'Kim Ha-Na', 'F');
INSERT INTO Participacao (atleta_id, time_id, olimpiada_id, modalidade_id, idade, altura, peso, medalha) VALUES (59927, 1, 4, 192, 26.0, 172.0, 55.0, null);
INSERT INTO Atletas (id, nome, sexo) VALUES (59928, 'Kim Ha-Yeon', 'M');
INSERT INTO Participacao (atleta_id, time_id, olimpiada_id, modalidade_id, idade, altura, peso, medalha) VALUES (59928, 1, 6, 252, 21.0, 178.0, 68.0, null);
INSERT INTO Atletas (id, nome, sexo) VALUES (59929, 'Kim Ha-Yun', 'M');
INSERT INTO Participacao (atleta_id, time_id, olimpiada_id, modalidade_id, idade, altura, peso, medalha) VALUES (59929, 1, 29, 108, null, null, null, null);
INSERT INTO Participacao (atleta_id, time_id, olimpiada_id, modalidade_id, idade, altura, peso, medalha) VALUES (59929, 1, 29, 2, null, null, null, null);
INSERT INTO Atletas (id, nome, sexo) VALUES (59930, 'Kim Hae-Jin', 'F');
INSERT INTO Participacao (atleta_id, time_id, olimpiada_id, modalidade_id, idade, altura, peso, medalha) VALUES (59930, 1, 27, 87, 16.0, 162.0, null, null);
INSERT INTO Atletas (id, nome, sexo) VALUES (59931, 'Kim Hae-Myeong', 'M');
INSERT INTO Participacao (atleta_id, time_id, olimpiada_id, modalidade_id, idade, altura, peso, medalha) VALUES (59931, 1, 13, 144, 19.0, 175.0, 68.0, null);
INSERT INTO Atletas (id, nome, sexo) VALUES (59932, 'Kim Hae-Nam', 'M');
INSERT INTO Participacao (atleta_id, time_id, olimpiada_id, modalidade_id, idade, altura, peso, medalha) VALUES (59932, 1, 26, 240, 23.0, 164.0, 58.0, null);
INSERT INTO Participacao (atleta_id, time_id, olimpiada_id, modalidade_id, idade, altura, peso, medalha) VALUES (59932, 1, 9, 240, 27.0, 164.0, 58.0, null);
INSERT INTO Participacao (atleta_id, time_id, olimpiada_id, modalidade_id, idade, altura, peso, medalha) VALUES (59932, 1, 15, 128, 31.0, 164.0, 58.0, null);
INSERT INTO Participacao (atleta_id, time_id, olimpiada_id, modalidade_id, idade, altura, peso, medalha) VALUES (59932, 1, 7, 128, 35.0, 164.0, 58.0, null);
INSERT INTO Atletas (id, nome, sexo) VALUES (59933, 'Kim Hae-Ran', 'F');
INSERT INTO Participacao (atleta_id, time_id, olimpiada_id, modalidade_id, idade, altura, peso, medalha) VALUES (59933, 1, 24, 18, 28.0, 168.0, 57.0, null);
INSERT INTO Participacao (atleta_id, time_id, olimpiada_id, modalidade_id, idade, altura, peso, medalha) VALUES (59933, 1, 4, 18, 32.0, 168.0, 57.0, null);
INSERT INTO Atletas (id, nome, sexo) VALUES (59934, 'Kim Hae-Sung', 'F');
INSERT INTO Participacao (atleta_id, time_id, olimpiada_id, modalidade_id, idade, altura, peso, medalha) VALUES (59934, 1, 21, 87, 17.0, 160.0, 45.0, null);
INSERT INTO Atletas (id, nome, sexo) VALUES (59935, 'Kim Hak-Bong', 'M');
INSERT INTO Participacao (atleta_id, time_id, olimpiada_id, modalidade_id, idade, altura, peso, medalha) VALUES (59935, 1, 23, 288, 27.0, 168.0, 69.0, null);
INSERT INTO Atletas (id, nome, sexo) VALUES (59936, 'Kim Hak-Gyun', 'M');
INSERT INTO Participacao (atleta_id, time_id, olimpiada_id, modalidade_id, idade, altura, peso, medalha) VALUES (59936, 1, 12, 245, 20.0, 172.0, null, null);
INSERT INTO Participacao (atleta_id, time_id, olimpiada_id, modalidade_id, idade, altura, peso, medalha) VALUES (59936, 1, 14, 245, 24.0, 172.0, null, null);
INSERT INTO Atletas (id, nome, sexo) VALUES (59937, 'Kim Hak-Man', 'M');
INSERT INTO Participacao (atleta_id, time_id, olimpiada_id, modalidade_id, idade, altura, peso, medalha) VALUES (59937, 1, 16, 58, 32.0, 177.0, 80.0, null);
INSERT INTO Participacao (atleta_id, time_id, olimpiada_id, modalidade_id, idade, altura, peso, medalha) VALUES (59937, 1, 24, 58, 36.0, 177.0, 80.0, null);
INSERT INTO Atletas (id, nome, sexo) VALUES (59938, 'Kim Han-Sol', 'M');
INSERT INTO Participacao (atleta_id, time_id, olimpiada_id, modalidade_id, idade, altura, peso, medalha) VALUES (59938, 1, 4, 91, 20.0, 165.0, 60.0, null);
INSERT INTO Participacao (atleta_id, time_id, olimpiada_id, modalidade_id, idade, altura, peso, medalha) VALUES (59938, 1, 4, 92, 20.0, 165.0, 60.0, null);
INSERT INTO Participacao (atleta_id, time_id, olimpiada_id, modalidade_id, idade, altura, peso, medalha) VALUES (59938, 1, 4, 93, 20.0, 165.0, 60.0, null);
INSERT INTO Participacao (atleta_id, time_id, olimpiada_id, modalidade_id, idade, altura, peso, medalha) VALUES (59938, 1, 4, 95, 20.0, 165.0, 60.0, null);
INSERT INTO Participacao (atleta_id, time_id, olimpiada_id, modalidade_id, idade, altura, peso, medalha) VALUES (59938, 1, 4, 97, 20.0, 165.0, 60.0, null);
INSERT INTO Atletas (id, nome, sexo) VALUES (59939, 'Kim Han-Su', 'M');
INSERT INTO Participacao (atleta_id, time_id, olimpiada_id, modalidade_id, idade, altura, peso, medalha) VALUES (59939, 1, 23, 20, 28.0, 186.0, 88.0, 'Bronze');
INSERT INTO Atletas (id, nome, sexo) VALUES (59940, 'Kim Heon-Jong', 'M');
INSERT INTO Participacao (atleta_id, time_id, olimpiada_id, modalidade_id, idade, altura, peso, medalha) VALUES (59940, 1, 7, 29, 22.0, 182.0, 78.0, null);
INSERT INTO Atletas (id, nome, sexo) VALUES (59941, 'Kim Heung-Soo', 'M');
INSERT INTO Participacao (atleta_id, time_id, olimpiada_id, modalidade_id, idade, altura, peso, medalha) VALUES (59941, 1, 3, 129, 17.0, null, null, null);
INSERT INTO Participacao (atleta_id, time_id, olimpiada_id, modalidade_id, idade, altura, peso, medalha) VALUES (59941, 1, 3, 130, 17.0, null, null, null);
INSERT INTO Participacao (atleta_id, time_id, olimpiada_id, modalidade_id, idade, altura, peso, medalha) VALUES (59941, 1, 3, 131, 17.0, null, null, null);
INSERT INTO Atletas (id, nome, sexo) VALUES (59942, 'Kim Ho-Cheol', 'M');
INSERT INTO Participacao (atleta_id, time_id, olimpiada_id, modalidade_id, idade, altura, peso, medalha) VALUES (59942, 1, 5, 72, 28.0, 175.0, 68.0, null);
INSERT INTO Participacao (atleta_id, time_id, olimpiada_id, modalidade_id, idade, altura, peso, medalha) VALUES (59942, 1, 6, 72, 32.0, 175.0, 68.0, null);
INSERT INTO Atletas (id, nome, sexo) VALUES (59943, 'Kim Ho-Gon', 'M');
INSERT INTO Modalidades (nome, esporte_id) VALUES ('Sailing Mixed One Person Dinghy', 40);
INSERT INTO Participacao (atleta_id, time_id, olimpiada_id, modalidade_id, idade, altura, peso, medalha) VALUES (59943, 1, 14, 308, 25.0, 184.0, 84.0, null);
INSERT INTO Participacao (atleta_id, time_id, olimpiada_id, modalidade_id, idade, altura, peso, medalha) VALUES (59943, 1, 23, 308, 29.0, 184.0, 84.0, null);
INSERT INTO Participacao (atleta_id, time_id, olimpiada_id, modalidade_id, idade, altura, peso, medalha) VALUES (59943, 1, 18, 308, 33.0, 184.0, 84.0, null);
INSERT INTO Atletas (id, nome, sexo) VALUES (59945, 'Kim Ho-Jun', 'M');
INSERT INTO Esportes (nome) VALUES ('Snowboarding');
INSERT INTO Modalidades (nome, esporte_id) VALUES ('Snowboarding Men''s Halfpipe', 45);
INSERT INTO Participacao (atleta_id, time_id, olimpiada_id, modalidade_id, idade, altura, peso, medalha) VALUES (59945, 1, 17, 309, 19.0, 176.0, 62.0, null);
INSERT INTO Participacao (atleta_id, time_id, olimpiada_id, modalidade_id, idade, altura, peso, medalha) VALUES (59945, 1, 27, 309, 23.0, 176.0, 62.0, null);
INSERT INTO Atletas (id, nome, sexo) VALUES (59946, 'Kim Ho-Sun', 'M');
INSERT INTO Participacao (atleta_id, time_id, olimpiada_id, modalidade_id, idade, altura, peso, medalha) VALUES (59946, 1, 26, 10, null, null, null, null);
INSERT INTO Participacao (atleta_id, time_id, olimpiada_id, modalidade_id, idade, altura, peso, medalha) VALUES (59946, 1, 26, 204, null, null, null, null);
INSERT INTO Participacao (atleta_id, time_id, olimpiada_id, modalidade_id, idade, altura, peso, medalha) VALUES (59946, 1, 9, 10, null, null, null, null);
INSERT INTO Atletas (id, nome, sexo) VALUES (59947, 'Kim Hong-Bok', 'M');
INSERT INTO Participacao (atleta_id, time_id, olimpiada_id, modalidade_id, idade, altura, peso, medalha) VALUES (59947, 1, 7, 56, 19.0, 178.0, 67.0, null);
INSERT INTO Atletas (id, nome, sexo) VALUES (59948, 'Kim Hong-Kyun', 'M');
INSERT INTO Participacao (atleta_id, time_id, olimpiada_id, modalidade_id, idade, altura, peso, medalha) VALUES (59948, 1, 16, 262, 19.0, 184.0, 70.0, null);
INSERT INTO Atletas (id, nome, sexo) VALUES (59949, 'Kim Hui-Gyeong', 'F');
INSERT INTO Participacao (atleta_id, time_id, olimpiada_id, modalidade_id, idade, altura, peso, medalha) VALUES (59949, 1, 23, 18, 25.0, 171.0, 66.0, null);
INSERT INTO Atletas (id, nome, sexo) VALUES (59950, 'Kim Hui-Hun ', 'M');
INSERT INTO Participacao (atleta_id, time_id, olimpiada_id, modalidade_id, idade, altura, peso, medalha) VALUES (59950, 1, 24, 91, 20.0, 160.0, 46.0, null);
INSERT INTO Participacao (atleta_id, time_id, olimpiada_id, modalidade_id, idade, altura, peso, medalha) VALUES (59950, 1, 24, 92, 20.0, 160.0, 46.0, null);
INSERT INTO Participacao (atleta_id, time_id, olimpiada_id, modalidade_id, idade, altura, peso, medalha) VALUES (59950, 1, 24, 94, 20.0, 160.0, 46.0, null);
INSERT INTO Participacao (atleta_id, time_id, olimpiada_id, modalidade_id, idade, altura, peso, medalha) VALUES (59950, 1, 24, 96, 20.0, 160.0, 46.0, null);
INSERT INTO Participacao (atleta_id, time_id, olimpiada_id, modalidade_id, idade, altura, peso, medalha) VALUES (59950, 1, 24, 97, 20.0, 160.0, 46.0, null);
INSERT INTO Atletas (id, nome, sexo) VALUES (59951, 'Kim Hui-Jeong', 'F');
INSERT INTO Participacao (atleta_id, time_id, olimpiada_id, modalidade_id, idade, altura, peso, medalha) VALUES (59951, 1, 14, 136, 21.0, 173.0, 68.0, null);
INSERT INTO Participacao (atleta_id, time_id, olimpiada_id, modalidade_id, idade, altura, peso, medalha) VALUES (59951, 1, 14, 122, 21.0, 173.0, 68.0, null);
INSERT INTO Participacao (atleta_id, time_id, olimpiada_id, modalidade_id, idade, altura, peso, medalha) VALUES (59951, 1, 18, 136, 29.0, 173.0, 68.0, null);
INSERT INTO Participacao (atleta_id, time_id, olimpiada_id, modalidade_id, idade, altura, peso, medalha) VALUES (59951, 1, 18, 122, 29.0, 173.0, 68.0, null);
INSERT INTO Atletas (id, nome, sexo) VALUES (59952, 'Kim Hui-Jin', 'F');
INSERT INTO Participacao (atleta_id, time_id, olimpiada_id, modalidade_id, idade, altura, peso, medalha) VALUES (59952, 1, 24, 18, 21.0, 185.0, 78.0, null);
INSERT INTO Participacao (atleta_id, time_id, olimpiada_id, modalidade_id, idade, altura, peso, medalha) VALUES (59952, 1, 4, 18, 25.0, 185.0, 78.0, null);
INSERT INTO Atletas (id, nome, sexo) VALUES (59953, 'Kim Hui-Seon', 'F');
INSERT INTO Modalidades (nome, esporte_id) VALUES ('Athletics Women''s High Jump', 18);
INSERT INTO Participacao (atleta_id, time_id, olimpiada_id, modalidade_id, idade, altura, peso, medalha) VALUES (59953, 1, 6, 310, 25.0, 168.0, 52.0, null);
INSERT INTO Atletas (id, nome, sexo) VALUES (59954, 'Kim Hwa-Gyeong', 'M');
INSERT INTO Participacao (atleta_id, time_id, olimpiada_id, modalidade_id, idade, altura, peso, medalha) VALUES (59954, 1, 13, 280, 27.0, 157.0, 48.0, null);
INSERT INTO Atletas (id, nome, sexo) VALUES (59956, 'Kim Hwa-Seung', 'M');
INSERT INTO Participacao (atleta_id, time_id, olimpiada_id, modalidade_id, idade, altura, peso, medalha) VALUES (59956, 1, 24, 140, 27.0, 178.0, 105.0, null);
INSERT INTO Atletas (id, nome, sexo) VALUES (59957, 'Kim Hwa-Suk', 'F');
INSERT INTO Participacao (atleta_id, time_id, olimpiada_id, modalidade_id, idade, altura, peso, medalha) VALUES (59957, 1, 12, 26, 21.0, null, null, 'Gold');
INSERT INTO Atletas (id, nome, sexo) VALUES (59958, 'Kim Hwa-Sun', 'F');
INSERT INTO Participacao (atleta_id, time_id, olimpiada_id, modalidade_id, idade, altura, peso, medalha) VALUES (59958, 1, 5, 33, 22.0, 178.0, 65.0, 'Silver');
INSERT INTO Participacao (atleta_id, time_id, olimpiada_id, modalidade_id, idade, altura, peso, medalha) VALUES (59958, 1, 6, 33, 26.0, 178.0, 65.0, null);
INSERT INTO Atletas (id, nome, sexo) VALUES (59960, 'Kim Hyang-Gi', 'F');
INSERT INTO Participacao (atleta_id, time_id, olimpiada_id, modalidade_id, idade, altura, peso, medalha) VALUES (59960, 1, 23, 26, 20.0, 170.0, 61.0, null);
INSERT INTO Atletas (id, nome, sexo) VALUES (59963, 'Kim Hye-Gyeong', 'F');
INSERT INTO Participacao (atleta_id, time_id, olimpiada_id, modalidade_id, idade, altura, peso, medalha) VALUES (59963, 1, 31, 87, 17.0, 165.0, 59.0, null);
INSERT INTO Atletas (id, nome, sexo) VALUES (59965, 'Kim Hye-Jin', 'F');
INSERT INTO Participacao (atleta_id, time_id, olimpiada_id, modalidade_id, idade, altura, peso, medalha) VALUES (59965, 1, 24, 81, 18.0, 167.0, 62.0, null);
INSERT INTO Atletas (id, nome, sexo) VALUES (59969, 'Kim Hye-Suk', 'F');
INSERT INTO Participacao (atleta_id, time_id, olimpiada_id, modalidade_id, idade, altura, peso, medalha) VALUES (59969, 1, 6, 219, 19.0, 165.0, 67.0, null);
INSERT INTO Atletas (id, nome, sexo) VALUES (59970, 'Kim Hye-Suk', 'F');
INSERT INTO Participacao (atleta_id, time_id, olimpiada_id, modalidade_id, idade, altura, peso, medalha) VALUES (59970, 1, 28, 27, 17.0, null, null, null);
INSERT INTO Participacao (atleta_id, time_id, olimpiada_id, modalidade_id, idade, altura, peso, medalha) VALUES (59970, 1, 28, 100, 17.0, null, null, null);
INSERT INTO Atletas (id, nome, sexo) VALUES (59971, 'Kim Hye-Yeon', 'F');
INSERT INTO Participacao (atleta_id, time_id, olimpiada_id, modalidade_id, idade, altura, peso, medalha) VALUES (59971, 1, 6, 33, 28.0, 177.0, 67.0, null);
INSERT INTO Atletas (id, nome, sexo) VALUES (59972, 'Kim Hye-Yeong', 'F');
INSERT INTO Participacao (atleta_id, time_id, olimpiada_id, modalidade_id, idade, altura, peso, medalha) VALUES (59972, 1, 5, 36, 23.0, 161.0, 59.0, null);
INSERT INTO Atletas (id, nome, sexo) VALUES (59974, 'Kim Hyeon-Gi', 'M');
INSERT INTO Participacao (atleta_id, time_id, olimpiada_id, modalidade_id, idade, altura, peso, medalha) VALUES (59974, 1, 3, 129, 14.0, 174.0, 62.0, null);
INSERT INTO Participacao (atleta_id, time_id, olimpiada_id, modalidade_id, idade, altura, peso, medalha) VALUES (59974, 1, 3, 130, 14.0, 174.0, 62.0, null);
INSERT INTO Participacao (atleta_id, time_id, olimpiada_id, modalidade_id, idade, altura, peso, medalha) VALUES (59974, 1, 3, 131, 14.0, 174.0, 62.0, null);
INSERT INTO Participacao (atleta_id, time_id, olimpiada_id, modalidade_id, idade, altura, peso, medalha) VALUES (59974, 1, 19, 129, 19.0, 174.0, 62.0, null);
INSERT INTO Participacao (atleta_id, time_id, olimpiada_id, modalidade_id, idade, altura, peso, medalha) VALUES (59974, 1, 19, 130, 19.0, 174.0, 62.0, null);
INSERT INTO Participacao (atleta_id, time_id, olimpiada_id, modalidade_id, idade, altura, peso, medalha) VALUES (59974, 1, 19, 131, 19.0, 174.0, 62.0, null);
INSERT INTO Participacao (atleta_id, time_id, olimpiada_id, modalidade_id, idade, altura, peso, medalha) VALUES (59974, 1, 20, 129, 23.0, 174.0, 62.0, null);
INSERT INTO Participacao (atleta_id, time_id, olimpiada_id, modalidade_id, idade, altura, peso, medalha) VALUES (59974, 1, 20, 130, 23.0, 174.0, 62.0, null);
INSERT INTO Participacao (atleta_id, time_id, olimpiada_id, modalidade_id, idade, altura, peso, medalha) VALUES (59974, 1, 20, 131, 23.0, 174.0, 62.0, null);
INSERT INTO Participacao (atleta_id, time_id, olimpiada_id, modalidade_id, idade, altura, peso, medalha) VALUES (59974, 1, 17, 129, 27.0, 174.0, 62.0, null);
INSERT INTO Participacao (atleta_id, time_id, olimpiada_id, modalidade_id, idade, altura, peso, medalha) VALUES (59974, 1, 17, 130, 27.0, 174.0, 62.0, null);
INSERT INTO Participacao (atleta_id, time_id, olimpiada_id, modalidade_id, idade, altura, peso, medalha) VALUES (59974, 1, 27, 129, 30.0, 174.0, 62.0, null);
INSERT INTO Participacao (atleta_id, time_id, olimpiada_id, modalidade_id, idade, altura, peso, medalha) VALUES (59974, 1, 27, 130, 30.0, 174.0, 62.0, null);
INSERT INTO Participacao (atleta_id, time_id, olimpiada_id, modalidade_id, idade, altura, peso, medalha) VALUES (59974, 1, 27, 131, 30.0, 174.0, 62.0, null);
INSERT INTO Atletas (id, nome, sexo) VALUES (59975, 'Kim Hyeon-Ju', 'F');
INSERT INTO Participacao (atleta_id, time_id, olimpiada_id, modalidade_id, idade, altura, peso, medalha) VALUES (59975, 1, 18, 65, 18.0, 174.0, 63.0, null);
INSERT INTO Participacao (atleta_id, time_id, olimpiada_id, modalidade_id, idade, altura, peso, medalha) VALUES (59975, 1, 18, 232, 18.0, 174.0, 63.0, null);
INSERT INTO Atletas (id, nome, sexo) VALUES (59976, 'Kim Hyeon-Jun', 'M');
INSERT INTO Participacao (atleta_id, time_id, olimpiada_id, modalidade_id, idade, altura, peso, medalha) VALUES (59976, 1, 6, 12, 28.0, 182.0, 74.0, null);
INSERT INTO Atletas (id, nome, sexo) VALUES (59977, 'Kim Hyeon-Jun', 'M');
INSERT INTO Participacao (atleta_id, time_id, olimpiada_id, modalidade_id, idade, altura, peso, medalha) VALUES (59977, 1, 4, 8, 23.0, 175.0, 59.0, null);
INSERT INTO Participacao (atleta_id, time_id, olimpiada_id, modalidade_id, idade, altura, peso, medalha) VALUES (59977, 1, 4, 57, 23.0, 175.0, 59.0, null);
INSERT INTO Atletas (id, nome, sexo) VALUES (59978, 'Kim Hyeon-Mi', 'F');
INSERT INTO Participacao (atleta_id, time_id, olimpiada_id, modalidade_id, idade, altura, peso, medalha) VALUES (59978, 1, 6, 26, 20.0, 166.0, 58.0, 'Gold');
INSERT INTO Atletas (id, nome, sexo) VALUES (59979, 'Kim Hyeon-Ok', 'F');
INSERT INTO Participacao (atleta_id, time_id, olimpiada_id, modalidade_id, idade, altura, peso, medalha) VALUES (59979, 1, 23, 26, 26.0, 168.0, 58.0, null);
INSERT INTO Participacao (atleta_id, time_id, olimpiada_id, modalidade_id, idade, altura, peso, medalha) VALUES (59979, 1, 18, 26, 30.0, 168.0, 58.0, 'Silver');
INSERT INTO Atletas (id, nome, sexo) VALUES (59980, 'Kim Hyeon-Seong', 'M');
INSERT INTO Participacao (atleta_id, time_id, olimpiada_id, modalidade_id, idade, altura, peso, medalha) VALUES (59980, 1, 24, 56, 22.0, 186.0, 77.0, 'Bronze');
INSERT INTO Atletas (id, nome, sexo) VALUES (59981, 'Kim Hyeon-Seop', 'M');
INSERT INTO Participacao (atleta_id, time_id, olimpiada_id, modalidade_id, idade, altura, peso, medalha) VALUES (59981, 1, 16, 84, 23.0, 175.0, 53.0, null);
INSERT INTO Participacao (atleta_id, time_id, olimpiada_id, modalidade_id, idade, altura, peso, medalha) VALUES (59981, 1, 24, 84, 27.0, 175.0, 53.0, null);
INSERT INTO Participacao (atleta_id, time_id, olimpiada_id, modalidade_id, idade, altura, peso, medalha) VALUES (59981, 1, 4, 84, 31.0, 175.0, 53.0, null);
INSERT INTO Participacao (atleta_id, time_id, olimpiada_id, modalidade_id, idade, altura, peso, medalha) VALUES (59981, 1, 4, 254, 31.0, 175.0, 53.0, null);
INSERT INTO Atletas (id, nome, sexo) VALUES (59982, 'Kim Hyeon-Su', 'M');
INSERT INTO Participacao (atleta_id, time_id, olimpiada_id, modalidade_id, idade, altura, peso, medalha) VALUES (59982, 1, 14, 56, 23.0, null, null, null);
INSERT INTO Atletas (id, nome, sexo) VALUES (59983, 'Kim Hyeon-Su', 'M');
INSERT INTO Participacao (atleta_id, time_id, olimpiada_id, modalidade_id, idade, altura, peso, medalha) VALUES (59983, 1, 16, 20, 20.0, 188.0, 95.0, 'Gold');
INSERT INTO Atletas (id, nome, sexo) VALUES (59984, 'Kim Hyeon-Wu', 'M');
INSERT INTO Modalidades (nome, esporte_id) VALUES ('Wrestling Men''s Welterweight, Greco-Roman', 7);
INSERT INTO Participacao (atleta_id, time_id, olimpiada_id, modalidade_id, idade, altura, peso, medalha) VALUES (59984, 1, 24, 311, 23.0, 173.0, 80.0, 'Gold');
INSERT INTO Participacao (atleta_id, time_id, olimpiada_id, modalidade_id, idade, altura, peso, medalha) VALUES (59984, 1, 4, 118, 27.0, 173.0, 80.0, 'Bronze');
INSERT INTO Atletas (id, nome, sexo) VALUES (59985, 'Kim Hyeon-Yeong', 'F');
INSERT INTO Participacao (atleta_id, time_id, olimpiada_id, modalidade_id, idade, altura, peso, medalha) VALUES (59985, 1, 27, 27, 19.0, 167.0, 56.0, null);
INSERT INTO Participacao (atleta_id, time_id, olimpiada_id, modalidade_id, idade, altura, peso, medalha) VALUES (59985, 1, 27, 100, 19.0, 167.0, 56.0, null);
INSERT INTO Atletas (id, nome, sexo) VALUES (59986, 'Kim Hyeong-Cheol', 'M');
INSERT INTO Participacao (atleta_id, time_id, olimpiada_id, modalidade_id, idade, altura, peso, medalha) VALUES (59986, 1, 20, 85, 25.0, 175.0, 72.0, null);
INSERT INTO Atletas (id, nome, sexo) VALUES (59987, 'Kim Hyeong-Chil', 'M');
INSERT INTO Participacao (atleta_id, time_id, olimpiada_id, modalidade_id, idade, altura, peso, medalha) VALUES (59987, 1, 6, 142, 29.0, 172.0, 64.0, null);
INSERT INTO Participacao (atleta_id, time_id, olimpiada_id, modalidade_id, idade, altura, peso, medalha) VALUES (59987, 1, 6, 143, 29.0, 172.0, 64.0, null);
INSERT INTO Atletas (id, nome, sexo) VALUES (59988, 'Kim Hyeong-Il', 'M');
INSERT INTO Participacao (atleta_id, time_id, olimpiada_id, modalidade_id, idade, altura, peso, medalha) VALUES (59988, 1, 9, 12, null, null, null, null);
INSERT INTO Atletas (id, nome, sexo) VALUES (59989, 'Kim Hyeong-Ju', 'F');
INSERT INTO Modalidades (nome, esporte_id) VALUES ('Wrestling Women''s Flyweight, Freestyle', 7);
INSERT INTO Participacao (atleta_id, time_id, olimpiada_id, modalidade_id, idade, altura, peso, medalha) VALUES (59989, 1, 16, 312, 23.0, 158.0, 48.0, null);
INSERT INTO Participacao (atleta_id, time_id, olimpiada_id, modalidade_id, idade, altura, peso, medalha) VALUES (59989, 1, 24, 312, 27.0, 158.0, 48.0, null);
INSERT INTO Atletas (id, nome, sexo) VALUES (59990, 'Kim Hyeong-Tae', 'M');
INSERT INTO Participacao (atleta_id, time_id, olimpiada_id, modalidade_id, idade, altura, peso, medalha) VALUES (59990, 1, 16, 278, 37.0, 176.0, 71.0, null);
INSERT INTO Atletas (id, nome, sexo) VALUES (59992, 'Kim Hyo-Seop', 'M');
INSERT INTO Participacao (atleta_id, time_id, olimpiada_id, modalidade_id, idade, altura, peso, medalha) VALUES (59992, 1, 18, 138, 23.0, 163.0, 55.0, null);
INSERT INTO Participacao (atleta_id, time_id, olimpiada_id, modalidade_id, idade, altura, peso, medalha) VALUES (59992, 1, 16, 138, 27.0, 163.0, 55.0, null);
INSERT INTO Atletas (id, nome, sexo) VALUES (59998, 'Kim Hyun-Ji', 'F');
INSERT INTO Participacao (atleta_id, time_id, olimpiada_id, modalidade_id, idade, altura, peso, medalha) VALUES (59998, 1, 4, 21, 22.0, 170.0, 52.0, null);
INSERT INTO Atletas (id, nome, sexo) VALUES (59999, 'Kim I-Yong', 'M');
INSERT INTO Participacao (atleta_id, time_id, olimpiada_id, modalidade_id, idade, altura, peso, medalha) VALUES (59999, 1, 14, 67, 22.0, 167.0, 54.0, null);
INSERT INTO Participacao (atleta_id, time_id, olimpiada_id, modalidade_id, idade, altura, peso, medalha) VALUES (59999, 1, 16, 67, 34.0, 167.0, 54.0, null);
INSERT INTO Atletas (id, nome, sexo) VALUES (60000, 'Kim Ik-Hui', 'M');
INSERT INTO Participacao (atleta_id, time_id, olimpiada_id, modalidade_id, idade, altura, peso, medalha) VALUES (60000, 1, 14, 306, 24.0, 180.0, 95.0, null);
INSERT INTO Atletas (id, nome, sexo) VALUES (60001, 'Kim Ik-Jong', 'M');
INSERT INTO Participacao (atleta_id, time_id, olimpiada_id, modalidade_id, idade, altura, peso, medalha) VALUES (60001, 1, 7, 144, 23.0, 165.0, 63.0, null);
INSERT INTO Participacao (atleta_id, time_id, olimpiada_id, modalidade_id, idade, altura, peso, medalha) VALUES (60001, 1, 10, 14, 27.0, 165.0, 63.0, null);
INSERT INTO Atletas (id, nome, sexo) VALUES (60002, 'Kim Il', 'M');
INSERT INTO Participacao (atleta_id, time_id, olimpiada_id, modalidade_id, idade, altura, peso, medalha) VALUES (60002, 1, 5, 126, 22.0, 176.0, 72.0, null);
INSERT INTO Participacao (atleta_id, time_id, olimpiada_id, modalidade_id, idade, altura, peso, medalha) VALUES (60002, 1, 5, 181, 22.0, 176.0, 72.0, null);
INSERT INTO Atletas (id, nome, sexo) VALUES (60006, 'Kim Il-Sun', 'F');
INSERT INTO Participacao (atleta_id, time_id, olimpiada_id, modalidade_id, idade, altura, peso, medalha) VALUES (60006, 1, 6, 156, 19.0, 172.0, 60.0, null);
INSERT INTO Participacao (atleta_id, time_id, olimpiada_id, modalidade_id, idade, altura, peso, medalha) VALUES (60006, 1, 6, 297, 19.0, 172.0, 60.0, null);
INSERT INTO Participacao (atleta_id, time_id, olimpiada_id, modalidade_id, idade, altura, peso, medalha) VALUES (60006, 1, 12, 156, 23.0, 172.0, 60.0, null);
INSERT INTO Participacao (atleta_id, time_id, olimpiada_id, modalidade_id, idade, altura, peso, medalha) VALUES (60006, 1, 12, 297, 23.0, 172.0, 60.0, null);
INSERT INTO Atletas (id, nome, sexo) VALUES (60007, 'Kim In-Geon', 'M');
INSERT INTO Participacao (atleta_id, time_id, olimpiada_id, modalidade_id, idade, altura, peso, medalha) VALUES (60007, 1, 7, 12, 20.0, 180.0, 70.0, null);
INSERT INTO Participacao (atleta_id, time_id, olimpiada_id, modalidade_id, idade, altura, peso, medalha) VALUES (60007, 1, 10, 12, 24.0, 180.0, 70.0, null);
INSERT INTO Atletas (id, nome, sexo) VALUES (60008, 'Kim In-Ho', 'M');
INSERT INTO Participacao (atleta_id, time_id, olimpiada_id, modalidade_id, idade, altura, peso, medalha) VALUES (60008, 1, 12, 126, 22.0, null, null, null);
INSERT INTO Participacao (atleta_id, time_id, olimpiada_id, modalidade_id, idade, altura, peso, medalha) VALUES (60008, 1, 12, 181, 22.0, null, null, null);
INSERT INTO Atletas (id, nome, sexo) VALUES (60009, 'Kim In-Seop', 'M');
INSERT INTO Participacao (atleta_id, time_id, olimpiada_id, modalidade_id, idade, altura, peso, medalha) VALUES (60009, 1, 23, 14, 27.0, 160.0, 58.0, 'Silver');
INSERT INTO Participacao (atleta_id, time_id, olimpiada_id, modalidade_id, idade, altura, peso, medalha) VALUES (60009, 1, 18, 311, 31.0, 160.0, 58.0, null);
INSERT INTO Atletas (id, nome, sexo) VALUES (60010, 'Kim In-Su', 'M');
INSERT INTO Participacao (atleta_id, time_id, olimpiada_id, modalidade_id, idade, altura, peso, medalha) VALUES (60010, 1, 7, 72, 34.0, 175.0, 70.0, null);
INSERT INTO Atletas (id, nome, sexo) VALUES (60011, 'Kim In-Wha', 'F');
INSERT INTO Participacao (atleta_id, time_id, olimpiada_id, modalidade_id, idade, altura, peso, medalha) VALUES (60011, 1, 6, 237, 18.0, 165.0, 47.0, null);
INSERT INTO Atletas (id, nome, sexo) VALUES (60012, 'Kim Ja-Youn', 'F');
INSERT INTO Modalidades (nome, esporte_id) VALUES ('Biathlon Women''s 7.5 kilometres Sprint', 41);
INSERT INTO Participacao (atleta_id, time_id, olimpiada_id, modalidade_id, idade, altura, peso, medalha) VALUES (60012, 1, 19, 313, 23.0, 164.0, 56.0, null);
INSERT INTO Modalidades (nome, esporte_id) VALUES ('Biathlon Women''s 15 kilometres', 41);
INSERT INTO Participacao (atleta_id, time_id, olimpiada_id, modalidade_id, idade, altura, peso, medalha) VALUES (60012, 1, 19, 314, 23.0, 164.0, 56.0, null);
INSERT INTO Atletas (id, nome, sexo) VALUES (60013, 'Kim Jae-Beom', 'M');
INSERT INTO Participacao (atleta_id, time_id, olimpiada_id, modalidade_id, idade, altura, peso, medalha) VALUES (60013, 1, 16, 7, 23.0, 180.0, 78.0, 'Silver');
INSERT INTO Participacao (atleta_id, time_id, olimpiada_id, modalidade_id, idade, altura, peso, medalha) VALUES (60013, 1, 24, 7, 27.0, 180.0, 78.0, 'Gold');
INSERT INTO Atletas (id, nome, sexo) VALUES (60014, 'Kim Jae-Cheon', 'M');
INSERT INTO Participacao (atleta_id, time_id, olimpiada_id, modalidade_id, idade, altura, peso, medalha) VALUES (60014, 1, 6, 89, 20.0, 175.0, 73.0, null);
INSERT INTO Atletas (id, nome, sexo) VALUES (60015, 'Kim Jae-Gang', 'M');
INSERT INTO Participacao (atleta_id, time_id, olimpiada_id, modalidade_id, idade, altura, peso, medalha) VALUES (60015, 1, 16, 213, 20.0, 181.0, 98.0, null);
INSERT INTO Atletas (id, nome, sexo) VALUES (60016, 'Kim Jae-Gyeong', 'M');
INSERT INTO Participacao (atleta_id, time_id, olimpiada_id, modalidade_id, idade, altura, peso, medalha) VALUES (60016, 1, 12, 218, 22.0, null, null, null);
INSERT INTO Atletas (id, nome, sexo) VALUES (60017, 'Kim Jae-Hwan', 'M');
INSERT INTO Participacao (atleta_id, time_id, olimpiada_id, modalidade_id, idade, altura, peso, medalha) VALUES (60017, 1, 6, 28, 22.0, 184.0, 80.0, 'Silver');
INSERT INTO Atletas (id, nome, sexo) VALUES (60018, 'Kim Jae-Ryong', 'M');
INSERT INTO Participacao (atleta_id, time_id, olimpiada_id, modalidade_id, idade, altura, peso, medalha) VALUES (60018, 1, 12, 67, 26.0, 172.0, 60.0, null);
INSERT INTO Atletas (id, nome, sexo) VALUES (60019, 'Kim Jae-Yeon', 'M');
INSERT INTO Participacao (atleta_id, time_id, olimpiada_id, modalidade_id, idade, altura, peso, medalha) VALUES (60019, 1, 6, 150, 21.0, 178.0, 77.0, null);
INSERT INTO Atletas (id, nome, sexo) VALUES (60020, 'Kim Jae-Yeop', 'M');
INSERT INTO Participacao (atleta_id, time_id, olimpiada_id, modalidade_id, idade, altura, peso, medalha) VALUES (60020, 1, 5, 125, 19.0, 172.0, 60.0, 'Silver');
INSERT INTO Participacao (atleta_id, time_id, olimpiada_id, modalidade_id, idade, altura, peso, medalha) VALUES (60020, 1, 6, 125, 23.0, 172.0, 60.0, 'Gold');
INSERT INTO Atletas (id, nome, sexo) VALUES (60021, 'Kim Jan-Di', 'F');
INSERT INTO Participacao (atleta_id, time_id, olimpiada_id, modalidade_id, idade, altura, peso, medalha) VALUES (60021, 1, 24, 188, 21.0, 163.0, 57.0, null);
INSERT INTO Participacao (atleta_id, time_id, olimpiada_id, modalidade_id, idade, altura, peso, medalha) VALUES (60021, 1, 4, 188, 25.0, 163.0, 57.0, null);
INSERT INTO Atletas (id, nome, sexo) VALUES (60022, 'Kim Jang-Mi', 'F');
INSERT INTO Participacao (atleta_id, time_id, olimpiada_id, modalidade_id, idade, altura, peso, medalha) VALUES (60022, 1, 24, 35, 19.0, 160.0, 53.0, null);
INSERT INTO Participacao (atleta_id, time_id, olimpiada_id, modalidade_id, idade, altura, peso, medalha) VALUES (60022, 1, 24, 36, 19.0, 160.0, 53.0, 'Gold');
INSERT INTO Participacao (atleta_id, time_id, olimpiada_id, modalidade_id, idade, altura, peso, medalha) VALUES (60022, 1, 4, 36, 23.0, 160.0, 53.0, null);
INSERT INTO Atletas (id, nome, sexo) VALUES (60023, 'Kim Jeong-A', 'F');
INSERT INTO Participacao (atleta_id, time_id, olimpiada_id, modalidade_id, idade, altura, peso, medalha) VALUES (60023, 1, 18, 21, 24.0, 160.0, 55.0, null);
INSERT INTO Atletas (id, nome, sexo) VALUES (60024, 'Kim Jeong-Cheol', 'M');
INSERT INTO Participacao (atleta_id, time_id, olimpiada_id, modalidade_id, idade, altura, peso, medalha) VALUES (60024, 1, 23, 89, 23.0, 172.0, 68.0, 'Silver');
INSERT INTO Participacao (atleta_id, time_id, olimpiada_id, modalidade_id, idade, altura, peso, medalha) VALUES (60024, 1, 18, 89, 27.0, 172.0, 68.0, null);
INSERT INTO Atletas (id, nome, sexo) VALUES (60025, 'Kim Jeong-Cheol', 'M');
INSERT INTO Participacao (atleta_id, time_id, olimpiada_id, modalidade_id, idade, altura, peso, medalha) VALUES (60025, 1, 13, 215, 19.0, 169.0, 51.0, null);
INSERT INTO Atletas (id, nome, sexo) VALUES (60026, 'Kim Jeong-Eun', 'F');
INSERT INTO Participacao (atleta_id, time_id, olimpiada_id, modalidade_id, idade, altura, peso, medalha) VALUES (60026, 1, 16, 33, 20.0, 181.0, 68.0, null);
INSERT INTO Atletas (id, nome, sexo) VALUES (60027, 'Kim Jeong-Gwan', 'M');
INSERT INTO Participacao (atleta_id, time_id, olimpiada_id, modalidade_id, idade, altura, peso, medalha) VALUES (60027, 1, 12, 224, 22.0, null, null, null);
INSERT INTO Participacao (atleta_id, time_id, olimpiada_id, modalidade_id, idade, altura, peso, medalha) VALUES (60027, 1, 12, 200, 22.0, null, null, null);
INSERT INTO Atletas (id, nome, sexo) VALUES (60028, 'Kim Jeong-Hwan', 'M');
INSERT INTO Participacao (atleta_id, time_id, olimpiada_id, modalidade_id, idade, altura, peso, medalha) VALUES (60028, 1, 24, 198, 28.0, 178.0, 66.0, null);
INSERT INTO Participacao (atleta_id, time_id, olimpiada_id, modalidade_id, idade, altura, peso, medalha) VALUES (60028, 1, 24, 199, 28.0, 178.0, 66.0, 'Gold');
INSERT INTO Participacao (atleta_id, time_id, olimpiada_id, modalidade_id, idade, altura, peso, medalha) VALUES (60028, 1, 4, 198, 32.0, 178.0, 66.0, 'Bronze');
INSERT INTO Atletas (id, nome, sexo) VALUES (60029, 'Kim Jeong-Ju', 'M');
INSERT INTO Participacao (atleta_id, time_id, olimpiada_id, modalidade_id, idade, altura, peso, medalha) VALUES (60029, 1, 18, 43, 22.0, 170.0, 69.0, 'Bronze');
INSERT INTO Participacao (atleta_id, time_id, olimpiada_id, modalidade_id, idade, altura, peso, medalha) VALUES (60029, 1, 16, 43, 26.0, 170.0, 69.0, 'Bronze');
INSERT INTO Atletas (id, nome, sexo) VALUES (60030, 'Kim Jeong-Mi', 'F');
INSERT INTO Participacao (atleta_id, time_id, olimpiada_id, modalidade_id, idade, altura, peso, medalha) VALUES (60030, 1, 14, 26, 21.0, null, null, 'Silver');
INSERT INTO Atletas (id, nome, sexo) VALUES (60031, 'Kim Jeong-Mi', 'F');
INSERT INTO Participacao (atleta_id, time_id, olimpiada_id, modalidade_id, idade, altura, peso, medalha) VALUES (60031, 1, 14, 117, 20.0, 167.0, 52.0, null);
INSERT INTO Participacao (atleta_id, time_id, olimpiada_id, modalidade_id, idade, altura, peso, medalha) VALUES (60031, 1, 18, 187, 28.0, 167.0, 52.0, null);
INSERT INTO Atletas (id, nome, sexo) VALUES (60032, 'Kim Jeong-Min', 'F');
INSERT INTO Participacao (atleta_id, time_id, olimpiada_id, modalidade_id, idade, altura, peso, medalha) VALUES (60032, 1, 14, 33, 24.0, 190.0, 78.0, null);
INSERT INTO Atletas (id, nome, sexo) VALUES (60033, 'Kim Jeong-Nam', 'F');
INSERT INTO Participacao (atleta_id, time_id, olimpiada_id, modalidade_id, idade, altura, peso, medalha) VALUES (60033, 1, 5, 19, 21.0, 172.0, 68.0, null);
INSERT INTO Atletas (id, nome, sexo) VALUES (60034, 'Kim Jeong-Nam', 'M');
INSERT INTO Participacao (atleta_id, time_id, olimpiada_id, modalidade_id, idade, altura, peso, medalha) VALUES (60034, 1, 7, 56, 21.0, 170.0, 58.0, null);
INSERT INTO Atletas (id, nome, sexo) VALUES (60035, 'Kim Jeong-Seok', 'M');
INSERT INTO Participacao (atleta_id, time_id, olimpiada_id, modalidade_id, idade, altura, peso, medalha) VALUES (60035, 1, 7, 56, 25.0, 176.0, 65.0, null);
INSERT INTO Atletas (id, nome, sexo) VALUES (60036, 'Kim Jeong-Sim', 'F');
INSERT INTO Participacao (atleta_id, time_id, olimpiada_id, modalidade_id, idade, altura, peso, medalha) VALUES (60036, 1, 14, 26, 20.0, null, null, 'Silver');
INSERT INTO Participacao (atleta_id, time_id, olimpiada_id, modalidade_id, idade, altura, peso, medalha) VALUES (60036, 1, 24, 26, 36.0, null, null, null);
INSERT INTO Atletas (id, nome, sexo) VALUES (60037, 'Kim Jeong-Sin', 'M');
INSERT INTO Participacao (atleta_id, time_id, olimpiada_id, modalidade_id, idade, altura, peso, medalha) VALUES (60037, 1, 8, 12, null, 189.0, 80.0, null);
INSERT INTO Atletas (id, nome, sexo) VALUES (60038, 'Kim Jeong-Su', 'M');
INSERT INTO Participacao (atleta_id, time_id, olimpiada_id, modalidade_id, idade, altura, peso, medalha) VALUES (60038, 1, 17, 180, 28.0, 170.0, 75.0, null);
INSERT INTO Atletas (id, nome, sexo) VALUES (60039, 'Kim Jeong-Sun', 'F');
INSERT INTO Participacao (atleta_id, time_id, olimpiada_id, modalidade_id, idade, altura, peso, medalha) VALUES (60039, 1, 5, 18, 23.0, 178.0, 66.0, null);
INSERT INTO Atletas (id, nome, sexo) VALUES (60040, 'Kim Jeong-U', 'M');
INSERT INTO Participacao (atleta_id, time_id, olimpiada_id, modalidade_id, idade, altura, peso, medalha) VALUES (60040, 1, 18, 56, 22.0, 183.0, 70.0, null);
INSERT INTO Participacao (atleta_id, time_id, olimpiada_id, modalidade_id, idade, altura, peso, medalha) VALUES (60040, 1, 16, 56, 26.0, 183.0, 70.0, null);
INSERT INTO Atletas (id, nome, sexo) VALUES (60041, 'Kim Ji-Hoon', 'M');
INSERT INTO Participacao (atleta_id, time_id, olimpiada_id, modalidade_id, idade, altura, peso, medalha) VALUES (60041, 1, 4, 278, 31.0, 179.0, 75.0, null);
INSERT INTO Atletas (id, nome, sexo) VALUES (60042, 'Kim Ji-Hun', 'M');
INSERT INTO Participacao (atleta_id, time_id, olimpiada_id, modalidade_id, idade, altura, peso, medalha) VALUES (60042, 1, 16, 90, 23.0, 173.0, 65.0, null);
INSERT INTO Participacao (atleta_id, time_id, olimpiada_id, modalidade_id, idade, altura, peso, medalha) VALUES (60042, 1, 16, 91, 23.0, 173.0, 65.0, null);
INSERT INTO Participacao (atleta_id, time_id, olimpiada_id, modalidade_id, idade, altura, peso, medalha) VALUES (60042, 1, 16, 92, 23.0, 173.0, 65.0, null);
INSERT INTO Participacao (atleta_id, time_id, olimpiada_id, modalidade_id, idade, altura, peso, medalha) VALUES (60042, 1, 16, 95, 23.0, 173.0, 65.0, null);
INSERT INTO Participacao (atleta_id, time_id, olimpiada_id, modalidade_id, idade, altura, peso, medalha) VALUES (60042, 1, 16, 97, 23.0, 173.0, 65.0, null);
INSERT INTO Participacao (atleta_id, time_id, olimpiada_id, modalidade_id, idade, altura, peso, medalha) VALUES (60042, 1, 24, 91, 27.0, 173.0, 65.0, null);
INSERT INTO Participacao (atleta_id, time_id, olimpiada_id, modalidade_id, idade, altura, peso, medalha) VALUES (60042, 1, 24, 92, 27.0, 173.0, 65.0, null);
INSERT INTO Participacao (atleta_id, time_id, olimpiada_id, modalidade_id, idade, altura, peso, medalha) VALUES (60042, 1, 24, 95, 27.0, 173.0, 65.0, null);
INSERT INTO Participacao (atleta_id, time_id, olimpiada_id, modalidade_id, idade, altura, peso, medalha) VALUES (60042, 1, 24, 97, 27.0, 173.0, 65.0, null);
INSERT INTO Atletas (id, nome, sexo) VALUES (60043, 'Kim Ji-Hyeon', 'M');
INSERT INTO Participacao (atleta_id, time_id, olimpiada_id, modalidade_id, idade, altura, peso, medalha) VALUES (60043, 1, 16, 287, 18.0, 182.0, 68.0, null);
INSERT INTO Atletas (id, nome, sexo) VALUES (60044, 'Kim Ji-Hyeon', 'F');
INSERT INTO Participacao (atleta_id, time_id, olimpiada_id, modalidade_id, idade, altura, peso, medalha) VALUES (60044, 1, 14, 59, 21.0, 169.0, 60.0, null);
INSERT INTO Participacao (atleta_id, time_id, olimpiada_id, modalidade_id, idade, altura, peso, medalha) VALUES (60044, 1, 23, 59, 26.0, 169.0, 60.0, null);
INSERT INTO Atletas (id, nome, sexo) VALUES (60046, 'Kim Ji-Seon', 'F');
INSERT INTO Participacao (atleta_id, time_id, olimpiada_id, modalidade_id, idade, altura, peso, medalha) VALUES (60046, 1, 27, 172, 26.0, 155.0, null, null);
INSERT INTO Atletas (id, nome, sexo) VALUES (60047, 'Kim Ji-Yeon', 'F');
INSERT INTO Participacao (atleta_id, time_id, olimpiada_id, modalidade_id, idade, altura, peso, medalha) VALUES (60047, 1, 24, 244, 24.0, 165.0, 56.0, 'Gold');
INSERT INTO Participacao (atleta_id, time_id, olimpiada_id, modalidade_id, idade, altura, peso, medalha) VALUES (60047, 1, 4, 244, 28.0, 165.0, 56.0, null);
INSERT INTO Modalidades (nome, esporte_id) VALUES ('Fencing Women''s Sabre, Team', 27);
INSERT INTO Participacao (atleta_id, time_id, olimpiada_id, modalidade_id, idade, altura, peso, medalha) VALUES (60047, 1, 4, 315, 28.0, 165.0, 56.0, null);
INSERT INTO Atletas (id, nome, sexo) VALUES (60048, 'Kim Ji-Yun', 'F');
INSERT INTO Participacao (atleta_id, time_id, olimpiada_id, modalidade_id, idade, altura, peso, medalha) VALUES (60048, 1, 14, 33, 20.0, 170.0, 65.0, null);
INSERT INTO Participacao (atleta_id, time_id, olimpiada_id, modalidade_id, idade, altura, peso, medalha) VALUES (60048, 1, 23, 33, 24.0, 170.0, 65.0, null);
INSERT INTO Atletas (id, nome, sexo) VALUES (60049, 'Kim Jin-Cheol', 'M');
INSERT INTO Participacao (atleta_id, time_id, olimpiada_id, modalidade_id, idade, altura, peso, medalha) VALUES (60049, 1, 24, 138, 22.0, 165.0, 55.0, null);
INSERT INTO Atletas (id, nome, sexo) VALUES (60050, 'Kim Jin-Gyeong', 'F');
INSERT INTO Participacao (atleta_id, time_id, olimpiada_id, modalidade_id, idade, altura, peso, medalha) VALUES (60050, 1, 18, 21, 23.0, 157.0, 50.0, null);
INSERT INTO Participacao (atleta_id, time_id, olimpiada_id, modalidade_id, idade, altura, peso, medalha) VALUES (60050, 1, 16, 21, 27.0, 157.0, 50.0, null);
INSERT INTO Atletas (id, nome, sexo) VALUES (60051, 'Kim Jin-Hae', 'M');
INSERT INTO Participacao (atleta_id, time_id, olimpiada_id, modalidade_id, idade, altura, peso, medalha) VALUES (60051, 1, 21, 158, 21.0, 170.0, 66.0, null);
INSERT INTO Participacao (atleta_id, time_id, olimpiada_id, modalidade_id, idade, altura, peso, medalha) VALUES (60051, 1, 21, 85, 21.0, 170.0, 66.0, null);
INSERT INTO Participacao (atleta_id, time_id, olimpiada_id, modalidade_id, idade, altura, peso, medalha) VALUES (60051, 1, 21, 86, 21.0, 170.0, 66.0, null);
INSERT INTO Atletas (id, nome, sexo) VALUES (60052, 'Kim Jin-Ho', 'F');
INSERT INTO Participacao (atleta_id, time_id, olimpiada_id, modalidade_id, idade, altura, peso, medalha) VALUES (60052, 1, 5, 98, 22.0, 164.0, 54.0, 'Bronze');
INSERT INTO Atletas (id, nome, sexo) VALUES (60053, 'Kim Jin-Hui', 'M');
INSERT INTO Participacao (atleta_id, time_id, olimpiada_id, modalidade_id, idade, altura, peso, medalha) VALUES (60053, 1, 7, 72, 24.0, 178.0, 71.0, null);
INSERT INTO Atletas (id, nome, sexo) VALUES (60054, 'Kim Jin-Hyeok', 'M');
INSERT INTO Participacao (atleta_id, time_id, olimpiada_id, modalidade_id, idade, altura, peso, medalha) VALUES (60054, 1, 24, 118, 23.0, 176.0, 74.0, null);
INSERT INTO Atletas (id, nome, sexo) VALUES (60055, 'Kim Jin-Kyu', 'M');
INSERT INTO Participacao (atleta_id, time_id, olimpiada_id, modalidade_id, idade, altura, peso, medalha) VALUES (60055, 1, 16, 56, 23.0, 183.0, 83.0, null);
INSERT INTO Atletas (id, nome, sexo) VALUES (60058, 'Kim Jin-Su', 'M');
INSERT INTO Participacao (atleta_id, time_id, olimpiada_id, modalidade_id, idade, altura, peso, medalha) VALUES (60058, 1, 14, 311, 22.0, 176.0, 76.0, null);
INSERT INTO Participacao (atleta_id, time_id, olimpiada_id, modalidade_id, idade, altura, peso, medalha) VALUES (60058, 1, 23, 118, 26.0, 176.0, 76.0, null);
INSERT INTO Atletas (id, nome, sexo) VALUES (60059, 'Kim Jin-Su', 'M');
INSERT INTO Participacao (atleta_id, time_id, olimpiada_id, modalidade_id, idade, altura, peso, medalha) VALUES (60059, 1, 3, 53, 21.0, 182.0, 73.0, null);
INSERT INTO Atletas (id, nome, sexo) VALUES (60060, 'Kim Jin-Suk', 'F');
INSERT INTO Participacao (atleta_id, time_id, olimpiada_id, modalidade_id, idade, altura, peso, medalha) VALUES (60060, 1, 5, 231, 15.0, 165.0, 48.0, null);
INSERT INTO Participacao (atleta_id, time_id, olimpiada_id, modalidade_id, idade, altura, peso, medalha) VALUES (60060, 1, 5, 65, 15.0, 165.0, 48.0, null);
INSERT INTO Atletas (id, nome, sexo) VALUES (60061, 'Kim Jin-Sun', 'F');
INSERT INTO Participacao (atleta_id, time_id, olimpiada_id, modalidade_id, idade, altura, peso, medalha) VALUES (60061, 1, 23, 26, 21.0, 178.0, 67.0, null);
INSERT INTO Atletas (id, nome, sexo) VALUES (60062, 'Kim Jin-Sun', 'F');
INSERT INTO Participacao (atleta_id, time_id, olimpiada_id, modalidade_id, idade, altura, peso, medalha) VALUES (60062, 1, 6, 249, 20.0, 162.0, 58.0, null);
INSERT INTO Participacao (atleta_id, time_id, olimpiada_id, modalidade_id, idade, altura, peso, medalha) VALUES (60062, 1, 12, 109, 23.0, 162.0, 58.0, null);
INSERT INTO Participacao (atleta_id, time_id, olimpiada_id, modalidade_id, idade, altura, peso, medalha) VALUES (60062, 1, 12, 249, 23.0, 162.0, 58.0, null);
INSERT INTO Atletas (id, nome, sexo) VALUES (60063, 'Kim Jin-Tae', 'M');
INSERT INTO Participacao (atleta_id, time_id, olimpiada_id, modalidade_id, idade, altura, peso, medalha) VALUES (60063, 1, 6, 150, 20.0, 176.0, 73.0, null);
INSERT INTO Atletas (id, nome, sexo) VALUES (60064, 'Kim Jin-Tae', 'M');
INSERT INTO Modalidades (nome, esporte_id) VALUES ('Athletics Men''s 110 metres Hurdles', 18);
INSERT INTO Participacao (atleta_id, time_id, olimpiada_id, modalidade_id, idade, altura, peso, medalha) VALUES (60064, 1, 6, 316, 24.0, 186.0, 79.0, null);
INSERT INTO Atletas (id, nome, sexo) VALUES (60066, 'Kim Jin-Yeong', 'F');
INSERT INTO Modalidades (nome, esporte_id) VALUES ('Cycling Women''s Sprint', 5);
INSERT INTO Participacao (atleta_id, time_id, olimpiada_id, modalidade_id, idade, altura, peso, medalha) VALUES (60066, 1, 6, 317, 18.0, 160.0, 64.0, null);
INSERT INTO Atletas (id, nome, sexo) VALUES (60067, 'Kim Jin-Yi', 'F');
INSERT INTO Participacao (atleta_id, time_id, olimpiada_id, modalidade_id, idade, altura, peso, medalha) VALUES (60067, 1, 4, 26, 23.0, 179.0, 82.0, null);
INSERT INTO Atletas (id, nome, sexo) VALUES (60068, 'Kim Jo-Sun', 'F');
INSERT INTO Participacao (atleta_id, time_id, olimpiada_id, modalidade_id, idade, altura, peso, medalha) VALUES (60068, 1, 14, 98, 21.0, null, null, null);
INSERT INTO Participacao (atleta_id, time_id, olimpiada_id, modalidade_id, idade, altura, peso, medalha) VALUES (60068, 1, 14, 99, 21.0, null, null, 'Gold');
INSERT INTO Atletas (id, nome, sexo) VALUES (60070, 'Kim Jong-Cheol', 'M');
INSERT INTO Participacao (atleta_id, time_id, olimpiada_id, modalidade_id, idade, altura, peso, medalha) VALUES (60070, 1, 15, 272, 24.0, 170.0, 62.0, null);
INSERT INTO Atletas (id, nome, sexo) VALUES (60072, 'Kim Jong-Dae', 'M');
INSERT INTO Participacao (atleta_id, time_id, olimpiada_id, modalidade_id, idade, altura, peso, medalha) VALUES (60072, 1, 16, 78, 26.0, 162.0, 60.0, null);
INSERT INTO Atletas (id, nome, sexo) VALUES (60073, 'Kim Jong-Dal', 'M');
INSERT INTO Participacao (atleta_id, time_id, olimpiada_id, modalidade_id, idade, altura, peso, medalha) VALUES (60073, 1, 7, 191, 18.0, 173.0, 85.0, null);
INSERT INTO Atletas (id, nome, sexo) VALUES (60074, 'Kim Jong-Eun', 'F');
INSERT INTO Participacao (atleta_id, time_id, olimpiada_id, modalidade_id, idade, altura, peso, medalha) VALUES (60074, 1, 16, 21, 22.0, 167.0, 58.0, null);
INSERT INTO Participacao (atleta_id, time_id, olimpiada_id, modalidade_id, idade, altura, peso, medalha) VALUES (60074, 1, 24, 21, 26.0, 167.0, 58.0, null);
INSERT INTO Participacao (atleta_id, time_id, olimpiada_id, modalidade_id, idade, altura, peso, medalha) VALUES (60074, 1, 4, 21, 30.0, 167.0, 58.0, null);
INSERT INTO Atletas (id, nome, sexo) VALUES (60075, 'Kim Jong-Gap', 'M');
INSERT INTO Participacao (atleta_id, time_id, olimpiada_id, modalidade_id, idade, altura, peso, medalha) VALUES (60075, 1, 6, 89, 22.0, 176.0, 73.0, null);
INSERT INTO Atletas (id, nome, sexo) VALUES (60076, 'Kim Jong-Gyu', 'M');
INSERT INTO Participacao (atleta_id, time_id, olimpiada_id, modalidade_id, idade, altura, peso, medalha) VALUES (60076, 1, 5, 259, 26.0, 163.0, 52.0, 'Silver');
INSERT INTO Atletas (id, nome, sexo) VALUES (60077, 'Kim Jong-Hee', 'F');
INSERT INTO Participacao (atleta_id, time_id, olimpiada_id, modalidade_id, idade, altura, peso, medalha) VALUES (60077, 1, 24, 21, 26.0, 165.0, 57.0, null);
INSERT INTO Atletas (id, nome, sexo) VALUES (60080, 'Kim Jong-Hyeon', 'M');
INSERT INTO Participacao (atleta_id, time_id, olimpiada_id, modalidade_id, idade, altura, peso, medalha) VALUES (60080, 1, 24, 8, 27.0, 170.0, 73.0, null);
INSERT INTO Participacao (atleta_id, time_id, olimpiada_id, modalidade_id, idade, altura, peso, medalha) VALUES (60080, 1, 24, 57, 27.0, 170.0, 73.0, 'Silver');
INSERT INTO Participacao (atleta_id, time_id, olimpiada_id, modalidade_id, idade, altura, peso, medalha) VALUES (60080, 1, 4, 57, 31.0, 170.0, 73.0, null);
INSERT INTO Participacao (atleta_id, time_id, olimpiada_id, modalidade_id, idade, altura, peso, medalha) VALUES (60080, 1, 4, 58, 31.0, 170.0, 73.0, 'Silver');
INSERT INTO Atletas (id, nome, sexo) VALUES (60081, 'Kim Jong-I', 'M');
INSERT INTO Participacao (atleta_id, time_id, olimpiada_id, modalidade_id, idade, altura, peso, medalha) VALUES (60081, 1, 14, 89, 23.0, null, null, null);
INSERT INTO Atletas (id, nome, sexo) VALUES (60083, 'Kim Jong-Il', 'M');
INSERT INTO Participacao (atleta_id, time_id, olimpiada_id, modalidade_id, idade, altura, peso, medalha) VALUES (60083, 1, 5, 302, 21.0, 178.0, 70.0, null);
INSERT INTO Participacao (atleta_id, time_id, olimpiada_id, modalidade_id, idade, altura, peso, medalha) VALUES (60083, 1, 6, 302, 26.0, 178.0, 70.0, null);
INSERT INTO Atletas (id, nome, sexo) VALUES (60085, 'Kim Jong-Min', 'M');
INSERT INTO Participacao (atleta_id, time_id, olimpiada_id, modalidade_id, idade, altura, peso, medalha) VALUES (60085, 1, 18, 89, 24.0, 180.0, 72.0, null);
INSERT INTO Atletas (id, nome, sexo) VALUES (60086, 'Kim Jong-O', 'M');
INSERT INTO Participacao (atleta_id, time_id, olimpiada_id, modalidade_id, idade, altura, peso, medalha) VALUES (60086, 1, 6, 259, 21.0, 158.0, 56.0, null);
INSERT INTO Atletas (id, nome, sexo) VALUES (60087, 'Kim Jong-Seon', 'M');
INSERT INTO Participacao (atleta_id, time_id, olimpiada_id, modalidade_id, idade, altura, peso, medalha) VALUES (60087, 1, 7, 12, 25.0, 189.0, 80.0, null);
INSERT INTO Atletas (id, nome, sexo) VALUES (60088, 'Kim Jong-Sin', 'M');
INSERT INTO Participacao (atleta_id, time_id, olimpiada_id, modalidade_id, idade, altura, peso, medalha) VALUES (60088, 1, 12, 280, 22.0, null, null, 'Silver');
INSERT INTO Atletas (id, nome, sexo) VALUES (60091, 'Kim Jong-Sun', 'M');
INSERT INTO Participacao (atleta_id, time_id, olimpiada_id, modalidade_id, idade, altura, peso, medalha) VALUES (60091, 1, 33, 51, 25.0, null, null, null);
INSERT INTO Participacao (atleta_id, time_id, olimpiada_id, modalidade_id, idade, altura, peso, medalha) VALUES (60091, 1, 33, 52, 25.0, null, null, null);
INSERT INTO Participacao (atleta_id, time_id, olimpiada_id, modalidade_id, idade, altura, peso, medalha) VALUES (60091, 1, 33, 154, 25.0, null, null, null);
INSERT INTO Atletas (id, nome, sexo) VALUES (60092, 'Kim Jong-Won', 'M');
INSERT INTO Participacao (atleta_id, time_id, olimpiada_id, modalidade_id, idade, altura, peso, medalha) VALUES (60092, 1, 14, 125, 20.0, null, null, null);
INSERT INTO Atletas (id, nome, sexo) VALUES (60093, 'Kim Ju-Hyeon', 'F');
INSERT INTO Participacao (atleta_id, time_id, olimpiada_id, modalidade_id, idade, altura, peso, medalha) VALUES (60093, 1, 3, 27, 17.0, 165.0, 55.0, null);
INSERT INTO Participacao (atleta_id, time_id, olimpiada_id, modalidade_id, idade, altura, peso, medalha) VALUES (60093, 1, 3, 100, 17.0, 165.0, 55.0, null);
INSERT INTO Atletas (id, nome, sexo) VALUES (60094, 'Kim Ju-Jin', 'M');
INSERT INTO Participacao (atleta_id, time_id, olimpiada_id, modalidade_id, idade, altura, peso, medalha) VALUES (60094, 1, 16, 5, 22.0, 175.0, 69.0, null);
INSERT INTO Atletas (id, nome, sexo) VALUES (60095, 'Kim Ju-Ryong', 'M');
INSERT INTO Participacao (atleta_id, time_id, olimpiada_id, modalidade_id, idade, altura, peso, medalha) VALUES (60095, 1, 5, 88, 23.0, 176.0, 67.0, null);
INSERT INTO Atletas (id, nome, sexo) VALUES (60096, 'Kim Ju-Seok', 'M');
INSERT INTO Participacao (atleta_id, time_id, olimpiada_id, modalidade_id, idade, altura, peso, medalha) VALUES (60096, 1, 13, 43, 22.0, 176.0, 70.0, null);
INSERT INTO Atletas (id, nome, sexo) VALUES (60097, 'Kim Ju-Seong', 'M');
INSERT INTO Participacao (atleta_id, time_id, olimpiada_id, modalidade_id, idade, altura, peso, medalha) VALUES (60097, 1, 6, 56, 22.0, 176.0, 68.0, null);
INSERT INTO Atletas (id, nome, sexo) VALUES (60098, 'Kim Jun-Ho', 'M');
INSERT INTO Participacao (atleta_id, time_id, olimpiada_id, modalidade_id, idade, altura, peso, medalha) VALUES (60098, 1, 27, 53, 18.0, null, null, null);
INSERT INTO Atletas (id, nome, sexo) VALUES (60100, 'Kim Jun-Hong', 'M');
INSERT INTO Participacao (atleta_id, time_id, olimpiada_id, modalidade_id, idade, altura, peso, medalha) VALUES (60100, 1, 4, 183, 25.0, 177.0, 68.0, null);
INSERT INTO Atletas (id, nome, sexo) VALUES (60102, 'Kim Jung-Hee', 'F');
INSERT INTO Participacao (atleta_id, time_id, olimpiada_id, modalidade_id, idade, altura, peso, medalha) VALUES (60102, 1, 16, 21, 25.0, 165.0, 57.0, null);
INSERT INTO Atletas (id, nome, sexo) VALUES (60103, 'Kim Jung-Mo', 'M');
INSERT INTO Participacao (atleta_id, time_id, olimpiada_id, modalidade_id, idade, altura, peso, medalha) VALUES (60103, 1, 14, 37, 22.0, 172.0, 66.0, null);
INSERT INTO Atletas (id, nome, sexo) VALUES (60104, 'Kim Jung-Sub', 'M');
INSERT INTO Participacao (atleta_id, time_id, olimpiada_id, modalidade_id, idade, altura, peso, medalha) VALUES (60104, 1, 16, 171, 32.0, 180.0, 84.0, null);
INSERT INTO Atletas (id, nome, sexo) VALUES (60109, 'Kim Kuk-Fan', 'M');
INSERT INTO Participacao (atleta_id, time_id, olimpiada_id, modalidade_id, idade, altura, peso, medalha) VALUES (60109, 1, 8, 138, null, null, null, null);
INSERT INTO Atletas (id, nome, sexo) VALUES (60112, 'Kim Kuk-Young', 'M');
INSERT INTO Participacao (atleta_id, time_id, olimpiada_id, modalidade_id, idade, altura, peso, medalha) VALUES (60112, 1, 4, 272, 25.0, 176.0, 73.0, null);
INSERT INTO Atletas (id, nome, sexo) VALUES (60115, 'Kim Kun-Hoan', 'M');
INSERT INTO Participacao (atleta_id, time_id, olimpiada_id, modalidade_id, idade, altura, peso, medalha) VALUES (60115, 1, 16, 56, 21.0, 192.0, 84.0, null);
INSERT INTO Atletas (id, nome, sexo) VALUES (60117, 'Kim Kwang-Rae', 'M');
INSERT INTO Participacao (atleta_id, time_id, olimpiada_id, modalidade_id, idade, altura, peso, medalha) VALUES (60117, 1, 1, 1, 18.0, null, null, null);
INSERT INTO Participacao (atleta_id, time_id, olimpiada_id, modalidade_id, idade, altura, peso, medalha) VALUES (60117, 1, 1, 2, 18.0, null, null, null);
INSERT INTO Participacao (atleta_id, time_id, olimpiada_id, modalidade_id, idade, altura, peso, medalha) VALUES (60117, 1, 1, 3, 18.0, null, null, null);
INSERT INTO Participacao (atleta_id, time_id, olimpiada_id, modalidade_id, idade, altura, peso, medalha) VALUES (60117, 1, 1, 4, 18.0, null, null, null);
INSERT INTO Atletas (id, nome, sexo) VALUES (60122, 'Kim Man-Hoe', 'M');
INSERT INTO Participacao (atleta_id, time_id, olimpiada_id, modalidade_id, idade, altura, peso, medalha) VALUES (60122, 1, 6, 89, 21.0, 166.0, 68.0, null);
INSERT INTO Atletas (id, nome, sexo) VALUES (60123, 'Kim Man-Sig', 'M');
INSERT INTO Participacao (atleta_id, time_id, olimpiada_id, modalidade_id, idade, altura, peso, medalha) VALUES (60123, 1, 7, 111, 23.0, 153.0, 55.0, null);
INSERT INTO Participacao (atleta_id, time_id, olimpiada_id, modalidade_id, idade, altura, peso, medalha) VALUES (60123, 1, 7, 112, 23.0, 153.0, 55.0, null);
INSERT INTO Participacao (atleta_id, time_id, olimpiada_id, modalidade_id, idade, altura, peso, medalha) VALUES (60123, 1, 7, 224, 23.0, 153.0, 55.0, null);
INSERT INTO Participacao (atleta_id, time_id, olimpiada_id, modalidade_id, idade, altura, peso, medalha) VALUES (60123, 1, 7, 200, 23.0, 153.0, 55.0, null);
INSERT INTO Atletas (id, nome, sexo) VALUES (60124, 'Kim Mar-Yeon', 'F');
INSERT INTO Participacao (atleta_id, time_id, olimpiada_id, modalidade_id, idade, altura, peso, medalha) VALUES (60124, 1, 6, 33, 35.0, 164.0, 65.0, null);
INSERT INTO Atletas (id, nome, sexo) VALUES (60125, 'Kim Mi-Gyeong', 'F');
INSERT INTO Participacao (atleta_id, time_id, olimpiada_id, modalidade_id, idade, altura, peso, medalha) VALUES (60125, 1, 6, 34, 21.0, 165.0, 51.0, null);
INSERT INTO Atletas (id, nome, sexo) VALUES (60127, 'Kim Mi-Hyang', 'F');
INSERT INTO Modalidades (nome, esporte_id) VALUES ('Badminton Women''s Doubles', 22);
INSERT INTO Participacao (atleta_id, time_id, olimpiada_id, modalidade_id, idade, altura, peso, medalha) VALUES (60127, 1, 14, 318, 22.0, null, null, null);
INSERT INTO Atletas (id, nome, sexo) VALUES (60128, 'Kim Mi-Hyeon', 'F');
INSERT INTO Participacao (atleta_id, time_id, olimpiada_id, modalidade_id, idade, altura, peso, medalha) VALUES (60128, 1, 23, 21, 23.0, 168.0, 61.0, null);
INSERT INTO Atletas (id, nome, sexo) VALUES (60129, 'Kim Mi-Ja', 'F');
INSERT INTO Modalidades (nome, esporte_id) VALUES ('Canoeing Women''s Kayak Singles, 500 metres', 23);
INSERT INTO Participacao (atleta_id, time_id, olimpiada_id, modalidade_id, idade, altura, peso, medalha) VALUES (60129, 1, 6, 319, 21.0, 167.0, 62.0, null);
INSERT INTO Participacao (atleta_id, time_id, olimpiada_id, modalidade_id, idade, altura, peso, medalha) VALUES (60129, 1, 6, 149, 21.0, 167.0, 62.0, null);
INSERT INTO Atletas (id, nome, sexo) VALUES (60130, 'Kim Mi-Jeong', 'F');
INSERT INTO Participacao (atleta_id, time_id, olimpiada_id, modalidade_id, idade, altura, peso, medalha) VALUES (60130, 1, 12, 273, 21.0, null, null, 'Gold');
INSERT INTO Atletas (id, nome, sexo) VALUES (60131, 'Kim Mi-Jeong', 'F');
INSERT INTO Participacao (atleta_id, time_id, olimpiada_id, modalidade_id, idade, altura, peso, medalha) VALUES (60131, 1, 18, 246, 26.0, 168.0, 70.0, null);
INSERT INTO Atletas (id, nome, sexo) VALUES (60132, 'Kim Mi-Jeong', 'F');
INSERT INTO Participacao (atleta_id, time_id, olimpiada_id, modalidade_id, idade, altura, peso, medalha) VALUES (60132, 1, 18, 136, 27.0, 160.0, 54.0, null);
INSERT INTO Participacao (atleta_id, time_id, olimpiada_id, modalidade_id, idade, altura, peso, medalha) VALUES (60132, 1, 18, 122, 27.0, 160.0, 54.0, null);
INSERT INTO Atletas (id, nome, sexo) VALUES (60133, 'Kim Mi-Jeong', 'F');
INSERT INTO Participacao (atleta_id, time_id, olimpiada_id, modalidade_id, idade, altura, peso, medalha) VALUES (60133, 1, 23, 270, 21.0, 165.0, 55.0, null);
INSERT INTO Participacao (atleta_id, time_id, olimpiada_id, modalidade_id, idade, altura, peso, medalha) VALUES (60133, 1, 18, 270, 25.0, 165.0, 55.0, null);
INSERT INTO Participacao (atleta_id, time_id, olimpiada_id, modalidade_id, idade, altura, peso, medalha) VALUES (60133, 1, 16, 270, 29.0, 165.0, 55.0, null);
INSERT INTO Atletas (id, nome, sexo) VALUES (60134, 'Kim Mi-Jin', 'F');
INSERT INTO Participacao (atleta_id, time_id, olimpiada_id, modalidade_id, idade, altura, peso, medalha) VALUES (60134, 1, 18, 18, 23.0, 182.0, 65.0, null);
INSERT INTO Atletas (id, nome, sexo) VALUES (60135, 'Kim Mi-Jin-Su', 'F');
INSERT INTO Participacao (atleta_id, time_id, olimpiada_id, modalidade_id, idade, altura, peso, medalha) VALUES (60135, 1, 6, 139, 18.0, 158.0, 50.0, null);
INSERT INTO Participacao (atleta_id, time_id, olimpiada_id, modalidade_id, idade, altura, peso, medalha) VALUES (60135, 1, 6, 212, 18.0, 158.0, 50.0, null);
INSERT INTO Atletas (id, nome, sexo) VALUES (60137, 'Kim Mi-Seon', 'F');
INSERT INTO Participacao (atleta_id, time_id, olimpiada_id, modalidade_id, idade, altura, peso, medalha) VALUES (60137, 1, 18, 21, 21.0, 167.0, 60.0, null);
INSERT INTO Participacao (atleta_id, time_id, olimpiada_id, modalidade_id, idade, altura, peso, medalha) VALUES (60137, 1, 16, 21, 25.0, 167.0, 60.0, null);
INSERT INTO Atletas (id, nome, sexo) VALUES (60138, 'Kim Mi-Seon', 'F');
INSERT INTO Participacao (atleta_id, time_id, olimpiada_id, modalidade_id, idade, altura, peso, medalha) VALUES (60138, 1, 6, 21, 24.0, 165.0, 61.0, 'Silver');
INSERT INTO Atletas (id, nome, sexo) VALUES (60139, 'Kim Mi-Seop', 'M');
INSERT INTO Participacao (atleta_id, time_id, olimpiada_id, modalidade_id, idade, altura, peso, medalha) VALUES (60139, 1, 14, 126, 23.0, null, null, null);
INSERT INTO Atletas (id, nome, sexo) VALUES (60140, 'Kim Mi-Sim', 'F');
INSERT INTO Participacao (atleta_id, time_id, olimpiada_id, modalidade_id, idade, altura, peso, medalha) VALUES (60140, 1, 14, 26, 25.0, null, null, 'Silver');
INSERT INTO Atletas (id, nome, sexo) VALUES (60141, 'Kim Mi-Suk', 'F');
INSERT INTO Participacao (atleta_id, time_id, olimpiada_id, modalidade_id, idade, altura, peso, medalha) VALUES (60141, 1, 5, 26, 22.0, 165.0, 62.0, 'Silver');
INSERT INTO Participacao (atleta_id, time_id, olimpiada_id, modalidade_id, idade, altura, peso, medalha) VALUES (60141, 1, 6, 26, 26.0, 165.0, 62.0, 'Gold');
INSERT INTO Atletas (id, nome, sexo) VALUES (60143, 'Kim Min-Chul', 'M');
INSERT INTO Participacao (atleta_id, time_id, olimpiada_id, modalidade_id, idade, altura, peso, medalha) VALUES (60143, 1, 16, 311, 25.0, 173.0, 66.0, null);
INSERT INTO Atletas (id, nome, sexo) VALUES (60144, 'Kim Min-Gyu', 'M');
INSERT INTO Participacao (atleta_id, time_id, olimpiada_id, modalidade_id, idade, altura, peso, medalha) VALUES (60144, 1, 19, 178, 18.0, 177.0, 74.0, null);
INSERT INTO Participacao (atleta_id, time_id, olimpiada_id, modalidade_id, idade, altura, peso, medalha) VALUES (60144, 1, 20, 178, 22.0, 177.0, 74.0, null);
INSERT INTO Atletas (id, nome, sexo) VALUES (60145, 'Kim Min-Jae', 'M');
INSERT INTO Participacao (atleta_id, time_id, olimpiada_id, modalidade_id, idade, altura, peso, medalha) VALUES (60145, 1, 16, 20, 35.0, 181.0, 82.0, 'Gold');
INSERT INTO Atletas (id, nome, sexo) VALUES (60146, 'Kim Min-Jae', 'M');
INSERT INTO Participacao (atleta_id, time_id, olimpiada_id, modalidade_id, idade, altura, peso, medalha) VALUES (60146, 1, 24, 241, 28.0, 173.0, 94.0, null);
INSERT INTO Atletas (id, nome, sexo) VALUES (60148, 'Kim Min-Jeong', 'F');
INSERT INTO Participacao (atleta_id, time_id, olimpiada_id, modalidade_id, idade, altura, peso, medalha) VALUES (60148, 1, 17, 30, 24.0, 160.0, 48.0, null);
INSERT INTO Atletas (id, nome, sexo) VALUES (60149, 'Kim Min-Jeong', 'F');
INSERT INTO Participacao (atleta_id, time_id, olimpiada_id, modalidade_id, idade, altura, peso, medalha) VALUES (60149, 1, 4, 152, 27.0, 179.0, 95.0, null);
INSERT INTO Atletas (id, nome, sexo) VALUES (60150, 'Kim Min-Ji', 'F');
INSERT INTO Modalidades (nome, esporte_id) VALUES ('Shooting Women''s Skeet', 3);
INSERT INTO Participacao (atleta_id, time_id, olimpiada_id, modalidade_id, idade, altura, peso, medalha) VALUES (60150, 1, 16, 320, 19.0, 165.0, 59.0, null);
INSERT INTO Atletas (id, nome, sexo) VALUES (60151, 'Kim Min-Jung', 'F');
INSERT INTO Participacao (atleta_id, time_id, olimpiada_id, modalidade_id, idade, altura, peso, medalha) VALUES (60151, 1, 4, 35, 19.0, 160.0, 50.0, null);
INSERT INTO Atletas (id, nome, sexo) VALUES (60152, 'Kim Min-Seok', 'M');
INSERT INTO Participacao (atleta_id, time_id, olimpiada_id, modalidade_id, idade, altura, peso, medalha) VALUES (60152, 1, 14, 195, 17.0, 182.0, 75.0, null);
INSERT INTO Participacao (atleta_id, time_id, olimpiada_id, modalidade_id, idade, altura, peso, medalha) VALUES (60152, 1, 14, 286, 17.0, 182.0, 75.0, null);
INSERT INTO Participacao (atleta_id, time_id, olimpiada_id, modalidade_id, idade, altura, peso, medalha) VALUES (60152, 1, 14, 196, 17.0, 182.0, 75.0, null);
INSERT INTO Modalidades (nome, esporte_id) VALUES ('Swimming Men''s 50 metres Freestyle', 17);
INSERT INTO Participacao (atleta_id, time_id, olimpiada_id, modalidade_id, idade, altura, peso, medalha) VALUES (60152, 1, 23, 321, 21.0, 182.0, 75.0, null);
INSERT INTO Participacao (atleta_id, time_id, olimpiada_id, modalidade_id, idade, altura, peso, medalha) VALUES (60152, 1, 23, 193, 21.0, 182.0, 75.0, null);
INSERT INTO Atletas (id, nome, sexo) VALUES (60153, 'Kim Min-Su', 'M');
INSERT INTO Participacao (atleta_id, time_id, olimpiada_id, modalidade_id, idade, altura, peso, medalha) VALUES (60153, 1, 14, 104, 21.0, null, null, 'Silver');
INSERT INTO Atletas (id, nome, sexo) VALUES (60154, 'Kim Min-Tae', 'M');
INSERT INTO Participacao (atleta_id, time_id, olimpiada_id, modalidade_id, idade, altura, peso, medalha) VALUES (60154, 1, 4, 56, 22.0, 187.0, 78.0, null);
INSERT INTO Atletas (id, nome, sexo) VALUES (60157, 'Kim Mu-Hyeon', 'M');
INSERT INTO Participacao (atleta_id, time_id, olimpiada_id, modalidade_id, idade, altura, peso, medalha) VALUES (60157, 1, 7, 12, 23.0, 177.0, 72.0, null);
INSERT INTO Participacao (atleta_id, time_id, olimpiada_id, modalidade_id, idade, altura, peso, medalha) VALUES (60157, 1, 10, 12, 27.0, 177.0, 72.0, null);
INSERT INTO Atletas (id, nome, sexo) VALUES (60158, 'Kim Mun-Sik', 'M');
INSERT INTO Participacao (atleta_id, time_id, olimpiada_id, modalidade_id, idade, altura, peso, medalha) VALUES (60158, 1, 7, 142, 35.0, 167.0, 56.0, null);
INSERT INTO Participacao (atleta_id, time_id, olimpiada_id, modalidade_id, idade, altura, peso, medalha) VALUES (60158, 1, 7, 143, 35.0, 167.0, 56.0, null);
INSERT INTO Atletas (id, nome, sexo) VALUES (60160, 'Kim Myeong-Geon', 'M');
INSERT INTO Participacao (atleta_id, time_id, olimpiada_id, modalidade_id, idade, altura, peso, medalha) VALUES (60160, 1, 6, 126, 18.0, 175.0, 75.0, null);
INSERT INTO Participacao (atleta_id, time_id, olimpiada_id, modalidade_id, idade, altura, peso, medalha) VALUES (60160, 1, 6, 181, 18.0, 175.0, 75.0, null);
INSERT INTO Participacao (atleta_id, time_id, olimpiada_id, modalidade_id, idade, altura, peso, medalha) VALUES (60160, 1, 12, 126, 22.0, 175.0, 75.0, null);
INSERT INTO Participacao (atleta_id, time_id, olimpiada_id, modalidade_id, idade, altura, peso, medalha) VALUES (60160, 1, 12, 181, 22.0, 175.0, 75.0, null);
INSERT INTO Atletas (id, nome, sexo) VALUES (60161, 'Kim Myeong-Jae', 'F');
INSERT INTO Participacao (atleta_id, time_id, olimpiada_id, modalidade_id, idade, altura, peso, medalha) VALUES (60161, 1, 5, 19, 21.0, 172.0, 68.0, null);
INSERT INTO Atletas (id, nome, sexo) VALUES (60162, 'Kim Myeong-Ok', 'F');
INSERT INTO Participacao (atleta_id, time_id, olimpiada_id, modalidade_id, idade, altura, peso, medalha) VALUES (60162, 1, 14, 21, 23.0, 167.0, 65.0, 'Silver');
INSERT INTO Participacao (atleta_id, time_id, olimpiada_id, modalidade_id, idade, altura, peso, medalha) VALUES (60162, 1, 23, 21, 27.0, 167.0, 65.0, null);
INSERT INTO Atletas (id, nome, sexo) VALUES (60163, 'Kim Myeong-Sin', 'F');
INSERT INTO Participacao (atleta_id, time_id, olimpiada_id, modalidade_id, idade, altura, peso, medalha) VALUES (60163, 1, 24, 256, 27.0, 168.0, 57.0, null);
INSERT INTO Atletas (id, nome, sexo) VALUES (60164, 'Kim Myeong-Sun', 'F');
INSERT INTO Participacao (atleta_id, time_id, olimpiada_id, modalidade_id, idade, altura, peso, medalha) VALUES (60164, 1, 6, 26, 24.0, 164.0, 59.0, 'Gold');
INSERT INTO Atletas (id, nome, sexo) VALUES (60174, 'Kim Na-Yeong', 'F');
INSERT INTO Participacao (atleta_id, time_id, olimpiada_id, modalidade_id, idade, altura, peso, medalha) VALUES (60174, 1, 16, 152, 20.0, 189.0, 140.0, null);
INSERT INTO Participacao (atleta_id, time_id, olimpiada_id, modalidade_id, idade, altura, peso, medalha) VALUES (60174, 1, 24, 152, 24.0, 189.0, 140.0, null);
INSERT INTO Atletas (id, nome, sexo) VALUES (60175, 'Kim Nam-Gu', 'M');
INSERT INTO Participacao (atleta_id, time_id, olimpiada_id, modalidade_id, idade, altura, peso, medalha) VALUES (60175, 1, 11, 80, 48.0, 167.0, 68.0, null);
INSERT INTO Atletas (id, nome, sexo) VALUES (60177, 'Kim Nam-Ok', 'F');
INSERT INTO Participacao (atleta_id, time_id, olimpiada_id, modalidade_id, idade, altura, peso, medalha) VALUES (60177, 1, 6, 45, 15.0, 155.0, 45.0, null);
INSERT INTO Participacao (atleta_id, time_id, olimpiada_id, modalidade_id, idade, altura, peso, medalha) VALUES (60177, 1, 6, 46, 15.0, 155.0, 45.0, null);
INSERT INTO Participacao (atleta_id, time_id, olimpiada_id, modalidade_id, idade, altura, peso, medalha) VALUES (60177, 1, 6, 47, 15.0, 155.0, 45.0, null);
INSERT INTO Participacao (atleta_id, time_id, olimpiada_id, modalidade_id, idade, altura, peso, medalha) VALUES (60177, 1, 6, 48, 15.0, 155.0, 45.0, null);
INSERT INTO Participacao (atleta_id, time_id, olimpiada_id, modalidade_id, idade, altura, peso, medalha) VALUES (60177, 1, 6, 49, 15.0, 155.0, 45.0, null);
INSERT INTO Participacao (atleta_id, time_id, olimpiada_id, modalidade_id, idade, altura, peso, medalha) VALUES (60177, 1, 6, 50, 15.0, 155.0, 45.0, null);
INSERT INTO Atletas (id, nome, sexo) VALUES (60178, 'Kim Nam-Sun', 'F');
INSERT INTO Participacao (atleta_id, time_id, olimpiada_id, modalidade_id, idade, altura, peso, medalha) VALUES (60178, 1, 16, 26, 27.0, 170.0, 70.0, 'Bronze');
INSERT INTO Atletas (id, nome, sexo) VALUES (60179, 'Kim Nam-Sun', 'F');
INSERT INTO Participacao (atleta_id, time_id, olimpiada_id, modalidade_id, idade, altura, peso, medalha) VALUES (60179, 1, 23, 98, 20.0, 170.0, 65.0, 'Silver');
INSERT INTO Participacao (atleta_id, time_id, olimpiada_id, modalidade_id, idade, altura, peso, medalha) VALUES (60179, 1, 23, 99, 20.0, 170.0, 65.0, 'Gold');
INSERT INTO Atletas (id, nome, sexo) VALUES (60180, 'Kim Nam-Sun', 'F');
INSERT INTO Participacao (atleta_id, time_id, olimpiada_id, modalidade_id, idade, altura, peso, medalha) VALUES (60180, 1, 14, 18, 25.0, null, null, null);
INSERT INTO Atletas (id, nome, sexo) VALUES (60181, 'Kim Nam-Young', 'M');
INSERT INTO Participacao (atleta_id, time_id, olimpiada_id, modalidade_id, idade, altura, peso, medalha) VALUES (60181, 1, 32, 108, 21.0, null, null, null);
INSERT INTO Participacao (atleta_id, time_id, olimpiada_id, modalidade_id, idade, altura, peso, medalha) VALUES (60181, 1, 32, 2, 21.0, null, null, null);
INSERT INTO Atletas (id, nome, sexo) VALUES (60183, 'Kim Oe-Sun', 'F');
INSERT INTO Participacao (atleta_id, time_id, olimpiada_id, modalidade_id, idade, altura, peso, medalha) VALUES (60183, 1, 10, 18, 18.0, 170.0, 68.0, null);
INSERT INTO Atletas (id, nome, sexo) VALUES (60184, 'Kim Ok-Cheol', 'M');
INSERT INTO Participacao (atleta_id, time_id, olimpiada_id, modalidade_id, idade, altura, peso, medalha) VALUES (60184, 1, 4, 10, 21.0, 179.0, 70.0, null);
INSERT INTO Atletas (id, nome, sexo) VALUES (60186, 'Kim Ok-Hwa', 'F');
INSERT INTO Participacao (atleta_id, time_id, olimpiada_id, modalidade_id, idade, altura, peso, medalha) VALUES (60186, 1, 5, 26, 25.0, 160.0, 52.0, 'Silver');
INSERT INTO Atletas (id, nome, sexo) VALUES (60187, 'Kim Ok-Ju', 'F');
INSERT INTO Participacao (atleta_id, time_id, olimpiada_id, modalidade_id, idade, altura, peso, medalha) VALUES (60187, 1, 24, 21, 24.0, 164.0, 57.0, null);
INSERT INTO Atletas (id, nome, sexo) VALUES (60190, 'Kim Ok-Sun', 'F');
INSERT INTO Participacao (atleta_id, time_id, olimpiada_id, modalidade_id, idade, altura, peso, medalha) VALUES (60190, 1, 5, 18, 20.0, 180.0, 75.0, null);
INSERT INTO Atletas (id, nome, sexo) VALUES (60191, 'Kim On-A', 'F');
INSERT INTO Participacao (atleta_id, time_id, olimpiada_id, modalidade_id, idade, altura, peso, medalha) VALUES (60191, 1, 16, 26, 19.0, 169.0, 62.0, 'Bronze');
INSERT INTO Participacao (atleta_id, time_id, olimpiada_id, modalidade_id, idade, altura, peso, medalha) VALUES (60191, 1, 24, 26, 23.0, 169.0, 62.0, null);
INSERT INTO Participacao (atleta_id, time_id, olimpiada_id, modalidade_id, idade, altura, peso, medalha) VALUES (60191, 1, 4, 26, 27.0, 169.0, 62.0, null);
INSERT INTO Atletas (id, nome, sexo) VALUES (60192, 'Kim Rang', 'F');
INSERT INTO Participacao (atleta_id, time_id, olimpiada_id, modalidade_id, idade, altura, peso, medalha) VALUES (60192, 1, 14, 26, 21.0, null, null, 'Silver');
INSERT INTO Atletas (id, nome, sexo) VALUES (60194, 'Kim Sa-Ni', 'F');
INSERT INTO Participacao (atleta_id, time_id, olimpiada_id, modalidade_id, idade, altura, peso, medalha) VALUES (60194, 1, 18, 18, 23.0, 177.0, 65.0, null);
INSERT INTO Participacao (atleta_id, time_id, olimpiada_id, modalidade_id, idade, altura, peso, medalha) VALUES (60194, 1, 24, 18, 31.0, 177.0, 65.0, null);
INSERT INTO Atletas (id, nome, sexo) VALUES (60196, 'Kim Sa-Seok', 'M');
INSERT INTO Participacao (atleta_id, time_id, olimpiada_id, modalidade_id, idade, altura, peso, medalha) VALUES (60196, 1, 6, 72, 21.0, 187.0, 81.0, null);
INSERT INTO Atletas (id, nome, sexo) VALUES (60197, 'Kim Sa-Yong', 'M');
INSERT INTO Participacao (atleta_id, time_id, olimpiada_id, modalidade_id, idade, altura, peso, medalha) VALUES (60197, 1, 10, 218, 24.0, 169.0, 64.0, null);
INSERT INTO Atletas (id, nome, sexo) VALUES (60198, 'Kim Sam-Rak', 'M');
INSERT INTO Participacao (atleta_id, time_id, olimpiada_id, modalidade_id, idade, altura, peso, medalha) VALUES (60198, 1, 7, 56, 24.0, 162.0, 61.0, null);
INSERT INTO Atletas (id, nome, sexo) VALUES (60199, 'Kim Sam-Seok', 'M');
INSERT INTO Participacao (atleta_id, time_id, olimpiada_id, modalidade_id, idade, altura, peso, medalha) VALUES (60199, 1, 16, 89, 27.0, 178.0, 76.0, null);
INSERT INTO Atletas (id, nome, sexo) VALUES (60200, 'Kim Sang-Guk', 'M');
INSERT INTO Participacao (atleta_id, time_id, olimpiada_id, modalidade_id, idade, altura, peso, medalha) VALUES (60200, 1, 15, 90, 25.0, 169.0, 64.0, null);
INSERT INTO Participacao (atleta_id, time_id, olimpiada_id, modalidade_id, idade, altura, peso, medalha) VALUES (60200, 1, 15, 92, 25.0, 169.0, 64.0, null);
INSERT INTO Participacao (atleta_id, time_id, olimpiada_id, modalidade_id, idade, altura, peso, medalha) VALUES (60200, 1, 15, 93, 25.0, 169.0, 64.0, null);
INSERT INTO Participacao (atleta_id, time_id, olimpiada_id, modalidade_id, idade, altura, peso, medalha) VALUES (60200, 1, 15, 94, 25.0, 169.0, 64.0, null);
INSERT INTO Participacao (atleta_id, time_id, olimpiada_id, modalidade_id, idade, altura, peso, medalha) VALUES (60200, 1, 15, 95, 25.0, 169.0, 64.0, null);
INSERT INTO Participacao (atleta_id, time_id, olimpiada_id, modalidade_id, idade, altura, peso, medalha) VALUES (60200, 1, 15, 96, 25.0, 169.0, 64.0, null);
INSERT INTO Participacao (atleta_id, time_id, olimpiada_id, modalidade_id, idade, altura, peso, medalha) VALUES (60200, 1, 15, 97, 25.0, 169.0, 64.0, null);
INSERT INTO Atletas (id, nome, sexo) VALUES (60201, 'Kim Sang-Gyeom', 'M');
INSERT INTO Modalidades (nome, esporte_id) VALUES ('Snowboarding Men''s Parallel Giant Slalom', 45);
INSERT INTO Participacao (atleta_id, time_id, olimpiada_id, modalidade_id, idade, altura, peso, medalha) VALUES (60201, 1, 27, 322, 25.0, 182.0, 88.0, null);
INSERT INTO Modalidades (nome, esporte_id) VALUES ('Snowboarding Men''s Parallel Slalom', 45);
INSERT INTO Participacao (atleta_id, time_id, olimpiada_id, modalidade_id, idade, altura, peso, medalha) VALUES (60201, 1, 27, 323, 25.0, 182.0, 88.0, null);
INSERT INTO Atletas (id, nome, sexo) VALUES (60202, 'Kim Sang-Gyu', 'M');
INSERT INTO Participacao (atleta_id, time_id, olimpiada_id, modalidade_id, idade, altura, peso, medalha) VALUES (60202, 1, 5, 118, 24.0, 180.0, 86.0, null);
INSERT INTO Participacao (atleta_id, time_id, olimpiada_id, modalidade_id, idade, altura, peso, medalha) VALUES (60202, 1, 6, 118, 28.0, 180.0, 86.0, 'Bronze');
INSERT INTO Atletas (id, nome, sexo) VALUES (60203, 'Kim Sang-Hun', 'M');
INSERT INTO Participacao (atleta_id, time_id, olimpiada_id, modalidade_id, idade, altura, peso, medalha) VALUES (60203, 1, 14, 56, 23.0, null, null, null);
INSERT INTO Atletas (id, nome, sexo) VALUES (60204, 'Kim Sang-Mun', 'M');
INSERT INTO Participacao (atleta_id, time_id, olimpiada_id, modalidade_id, idade, altura, peso, medalha) VALUES (60204, 1, 12, 5, 22.0, null, null, null);
INSERT INTO Atletas (id, nome, sexo) VALUES (60205, 'Kim Sang-Sik', 'M');
INSERT INTO Participacao (atleta_id, time_id, olimpiada_id, modalidade_id, idade, altura, peso, medalha) VALUES (60205, 1, 23, 56, 23.0, 184.0, 70.0, null);
INSERT INTO Atletas (id, nome, sexo) VALUES (60206, 'Kim Sang-U', 'M');
INSERT INTO Participacao (atleta_id, time_id, olimpiada_id, modalidade_id, idade, altura, peso, medalha) VALUES (60206, 1, 14, 72, 22.0, null, null, null);
INSERT INTO Atletas (id, nome, sexo) VALUES (60207, 'Kim Sang-Uk', 'M');
INSERT INTO Participacao (atleta_id, time_id, olimpiada_id, modalidade_id, idade, altura, peso, medalha) VALUES (60207, 1, 6, 198, 24.0, 170.0, 64.0, null);
INSERT INTO Participacao (atleta_id, time_id, olimpiada_id, modalidade_id, idade, altura, peso, medalha) VALUES (60207, 1, 6, 199, 24.0, 170.0, 64.0, null);
INSERT INTO Atletas (id, nome, sexo) VALUES (60208, 'Kim Se-Jin', 'M');
INSERT INTO Participacao (atleta_id, time_id, olimpiada_id, modalidade_id, idade, altura, peso, medalha) VALUES (60208, 1, 12, 72, 18.0, 200.0, 83.0, null);
INSERT INTO Participacao (atleta_id, time_id, olimpiada_id, modalidade_id, idade, altura, peso, medalha) VALUES (60208, 1, 14, 72, 22.0, 200.0, 83.0, null);
INSERT INTO Participacao (atleta_id, time_id, olimpiada_id, modalidade_id, idade, altura, peso, medalha) VALUES (60208, 1, 23, 72, 26.0, 200.0, 83.0, null);
INSERT INTO Atletas (id, nome, sexo) VALUES (60209, 'Kim Se-Yeong', 'F');
INSERT INTO Participacao (atleta_id, time_id, olimpiada_id, modalidade_id, idade, altura, peso, medalha) VALUES (60209, 1, 18, 18, 23.0, 190.0, 71.0, null);
INSERT INTO Atletas (id, nome, sexo) VALUES (60210, 'Kim Sei-Young', 'F');
INSERT INTO Participacao (atleta_id, time_id, olimpiada_id, modalidade_id, idade, altura, peso, medalha) VALUES (60210, 1, 4, 165, 23.0, 163.0, 68.0, null);
INSERT INTO Atletas (id, nome, sexo) VALUES (60211, 'Kim Seo-Yeong', 'F');
INSERT INTO Modalidades (nome, esporte_id) VALUES ('Swimming Women''s 400 metres Individual Medley', 17);
INSERT INTO Participacao (atleta_id, time_id, olimpiada_id, modalidade_id, idade, altura, peso, medalha) VALUES (60211, 1, 24, 324, 18.0, 163.0, 51.0, null);
INSERT INTO Participacao (atleta_id, time_id, olimpiada_id, modalidade_id, idade, altura, peso, medalha) VALUES (60211, 1, 4, 133, 22.0, 163.0, 51.0, null);
INSERT INTO Atletas (id, nome, sexo) VALUES (60212, 'Kim Seog-Yeong', 'M');
INSERT INTO Participacao (atleta_id, time_id, olimpiada_id, modalidade_id, idade, altura, peso, medalha) VALUES (60212, 1, 8, 78, null, null, 66.0, null);
INSERT INTO Atletas (id, nome, sexo) VALUES (60213, 'Kim Seon-Hak', 'M');
INSERT INTO Participacao (atleta_id, time_id, olimpiada_id, modalidade_id, idade, altura, peso, medalha) VALUES (60213, 1, 12, 259, 19.0, 163.0, 60.0, null);
INSERT INTO Atletas (id, nome, sexo) VALUES (60214, 'Kim Seon-Il', 'M');
INSERT INTO Participacao (atleta_id, time_id, olimpiada_id, modalidade_id, idade, altura, peso, medalha) VALUES (60214, 1, 12, 157, 35.0, null, null, null);
INSERT INTO Participacao (atleta_id, time_id, olimpiada_id, modalidade_id, idade, altura, peso, medalha) VALUES (60214, 1, 12, 22, 35.0, null, null, null);
INSERT INTO Atletas (id, nome, sexo) VALUES (60215, 'Kim Seon-Ju', 'F');
INSERT INTO Modalidades (nome, esporte_id) VALUES ('Alpine Skiing Women''s Giant Slalom', 24);
INSERT INTO Participacao (atleta_id, time_id, olimpiada_id, modalidade_id, idade, altura, peso, medalha) VALUES (60215, 1, 17, 325, 24.0, 156.0, 53.0, null);
INSERT INTO Participacao (atleta_id, time_id, olimpiada_id, modalidade_id, idade, altura, peso, medalha) VALUES (60215, 1, 17, 189, 24.0, 156.0, 53.0, null);
INSERT INTO Atletas (id, nome, sexo) VALUES (60216, 'Kim Seon-Ok', 'F');
INSERT INTO Modalidades (nome, esporte_id) VALUES ('Bobsleigh Women''s Two', 39);
INSERT INTO Participacao (atleta_id, time_id, olimpiada_id, modalidade_id, idade, altura, peso, medalha) VALUES (60216, 1, 27, 326, 33.0, 166.0, 62.0, null);
INSERT INTO Atletas (id, nome, sexo) VALUES (60217, 'Kim Seon-U', 'M');
INSERT INTO Participacao (atleta_id, time_id, olimpiada_id, modalidade_id, idade, altura, peso, medalha) VALUES (60217, 1, 14, 20, 18.0, 188.0, 85.0, null);
INSERT INTO Atletas (id, nome, sexo) VALUES (60218, 'Kim Seon-Yeong', 'F');
INSERT INTO Participacao (atleta_id, time_id, olimpiada_id, modalidade_id, idade, altura, peso, medalha) VALUES (60218, 1, 23, 152, 21.0, 173.0, 93.0, 'Bronze');
INSERT INTO Atletas (id, nome, sexo) VALUES (60219, 'Kim Seong-Beom', 'M');
INSERT INTO Participacao (atleta_id, time_id, olimpiada_id, modalidade_id, idade, altura, peso, medalha) VALUES (60219, 1, 18, 191, 25.0, 192.0, 114.0, null);
INSERT INTO Participacao (atleta_id, time_id, olimpiada_id, modalidade_id, idade, altura, peso, medalha) VALUES (60219, 1, 16, 191, 29.0, 192.0, 114.0, null);
INSERT INTO Atletas (id, nome, sexo) VALUES (60220, 'Kim Seong-Eun', 'F');
INSERT INTO Participacao (atleta_id, time_id, olimpiada_id, modalidade_id, idade, altura, peso, medalha) VALUES (60220, 1, 23, 21, 24.0, 165.0, 59.0, null);
INSERT INTO Participacao (atleta_id, time_id, olimpiada_id, modalidade_id, idade, altura, peso, medalha) VALUES (60220, 1, 18, 21, 28.0, 165.0, 59.0, null);
INSERT INTO Atletas (id, nome, sexo) VALUES (60221, 'Kim Seong-Eun', 'M');
INSERT INTO Participacao (atleta_id, time_id, olimpiada_id, modalidade_id, idade, altura, peso, medalha) VALUES (60221, 1, 6, 150, 21.0, 177.0, 72.0, null);
INSERT INTO Atletas (id, nome, sexo) VALUES (60222, 'Kim Seong-Eun', 'F');
INSERT INTO Participacao (atleta_id, time_id, olimpiada_id, modalidade_id, idade, altura, peso, medalha) VALUES (60222, 1, 18, 212, 19.0, 168.0, 58.0, null);
INSERT INTO Atletas (id, nome, sexo) VALUES (60223, 'Kim Seong-Eun', 'M');
INSERT INTO Participacao (atleta_id, time_id, olimpiada_id, modalidade_id, idade, altura, peso, medalha) VALUES (60223, 1, 10, 115, 25.0, 165.0, 57.0, null);
INSERT INTO Atletas (id, nome, sexo) VALUES (60224, 'Kim Seong-Eun', 'F');
INSERT INTO Participacao (atleta_id, time_id, olimpiada_id, modalidade_id, idade, altura, peso, medalha) VALUES (60224, 1, 24, 34, 23.0, 164.0, 47.0, null);
INSERT INTO Atletas (id, nome, sexo) VALUES (60225, 'Kim Seong-Gil', 'M');
INSERT INTO Participacao (atleta_id, time_id, olimpiada_id, modalidade_id, idade, altura, peso, medalha) VALUES (60225, 1, 7, 72, 22.0, 185.0, 70.0, null);
INSERT INTO Atletas (id, nome, sexo) VALUES (60226, 'Kim Seong-Heon', 'M');
INSERT INTO Participacao (atleta_id, time_id, olimpiada_id, modalidade_id, idade, altura, peso, medalha) VALUES (60226, 1, 18, 28, 29.0, 189.0, 82.0, null);
INSERT INTO Atletas (id, nome, sexo) VALUES (60227, 'Kim Seong-Ho', 'M');
INSERT INTO Participacao (atleta_id, time_id, olimpiada_id, modalidade_id, idade, altura, peso, medalha) VALUES (60227, 1, 6, 126, 23.0, 177.0, 70.0, null);
INSERT INTO Participacao (atleta_id, time_id, olimpiada_id, modalidade_id, idade, altura, peso, medalha) VALUES (60227, 1, 6, 181, 23.0, 177.0, 70.0, null);
INSERT INTO Atletas (id, nome, sexo) VALUES (60228, 'Kim Seong-Il', 'M');
INSERT INTO Participacao (atleta_id, time_id, olimpiada_id, modalidade_id, idade, altura, peso, medalha) VALUES (60228, 1, 17, 41, 19.0, 174.0, 60.0, 'Silver');
INSERT INTO Atletas (id, nome, sexo) VALUES (60229, 'Kim Seong-Jip', 'M');
INSERT INTO Participacao (atleta_id, time_id, olimpiada_id, modalidade_id, idade, altura, peso, medalha) VALUES (60229, 1, 8, 110, 29.0, null, 73.5, 'Bronze');
INSERT INTO Participacao (atleta_id, time_id, olimpiada_id, modalidade_id, idade, altura, peso, medalha) VALUES (60229, 1, 26, 110, 33.0, null, 73.5, 'Bronze');
INSERT INTO Participacao (atleta_id, time_id, olimpiada_id, modalidade_id, idade, altura, peso, medalha) VALUES (60229, 1, 9, 110, 37.0, null, 73.5, null);
INSERT INTO Atletas (id, nome, sexo) VALUES (60230, 'Kim Seong-Jun', 'M');
INSERT INTO Participacao (atleta_id, time_id, olimpiada_id, modalidade_id, idade, altura, peso, medalha) VALUES (60230, 1, 14, 157, 28.0, null, null, null);
INSERT INTO Participacao (atleta_id, time_id, olimpiada_id, modalidade_id, idade, altura, peso, medalha) VALUES (60230, 1, 14, 22, 28.0, null, null, null);
INSERT INTO Atletas (id, nome, sexo) VALUES (60231, 'Kim Seong-Jun', 'M');
INSERT INTO Participacao (atleta_id, time_id, olimpiada_id, modalidade_id, idade, altura, peso, medalha) VALUES (60231, 1, 14, 157, 22.0, null, null, null);
INSERT INTO Participacao (atleta_id, time_id, olimpiada_id, modalidade_id, idade, altura, peso, medalha) VALUES (60231, 1, 14, 22, 22.0, null, null, null);
INSERT INTO Atletas (id, nome, sexo) VALUES (60232, 'Kim Seong-Min', 'M');
INSERT INTO Participacao (atleta_id, time_id, olimpiada_id, modalidade_id, idade, altura, peso, medalha) VALUES (60232, 1, 24, 191, 25.0, 190.0, 130.0, null);
INSERT INTO Participacao (atleta_id, time_id, olimpiada_id, modalidade_id, idade, altura, peso, medalha) VALUES (60232, 1, 4, 191, 29.0, 190.0, 130.0, null);
INSERT INTO Atletas (id, nome, sexo) VALUES (60233, 'Kim Seong-Mun', 'M');
INSERT INTO Participacao (atleta_id, time_id, olimpiada_id, modalidade_id, idade, altura, peso, medalha) VALUES (60233, 1, 6, 144, 23.0, 172.0, 71.0, 'Silver');
INSERT INTO Participacao (atleta_id, time_id, olimpiada_id, modalidade_id, idade, altura, peso, medalha) VALUES (60233, 1, 12, 144, 27.0, 172.0, 71.0, null);
INSERT INTO Atletas (id, nome, sexo) VALUES (60234, 'Kim Seong-Mun', 'M');
INSERT INTO Participacao (atleta_id, time_id, olimpiada_id, modalidade_id, idade, altura, peso, medalha) VALUES (60234, 1, 5, 224, 21.0, 179.0, 75.0, null);
INSERT INTO Participacao (atleta_id, time_id, olimpiada_id, modalidade_id, idade, altura, peso, medalha) VALUES (60234, 1, 5, 200, 21.0, 179.0, 75.0, null);
INSERT INTO Atletas (id, nome, sexo) VALUES (60235, 'Kim Seong-Ok', 'F');
INSERT INTO Participacao (atleta_id, time_id, olimpiada_id, modalidade_id, idade, altura, peso, medalha) VALUES (60235, 1, 12, 197, 22.0, null, null, null);
INSERT INTO Atletas (id, nome, sexo) VALUES (60236, 'Kim Seong-Yeon', 'F');
INSERT INTO Participacao (atleta_id, time_id, olimpiada_id, modalidade_id, idade, altura, peso, medalha) VALUES (60236, 1, 4, 246, 25.0, 175.0, 70.0, null);
INSERT INTO Atletas (id, nome, sexo) VALUES (60237, 'Kim Seung-Gu', 'M');
INSERT INTO Participacao (atleta_id, time_id, olimpiada_id, modalidade_id, idade, altura, peso, medalha) VALUES (60237, 1, 16, 224, 27.0, 181.0, 79.0, null);
INSERT INTO Participacao (atleta_id, time_id, olimpiada_id, modalidade_id, idade, altura, peso, medalha) VALUES (60237, 1, 16, 200, 27.0, 181.0, 79.0, null);
INSERT INTO Atletas (id, nome, sexo) VALUES (60238, 'Kim Seung-Gyu', 'M');
INSERT INTO Participacao (atleta_id, time_id, olimpiada_id, modalidade_id, idade, altura, peso, medalha) VALUES (60238, 1, 6, 147, 21.0, 178.0, 86.0, null);
INSERT INTO Atletas (id, nome, sexo) VALUES (60239, 'Kim Seung-Gyu', 'M');
INSERT INTO Participacao (atleta_id, time_id, olimpiada_id, modalidade_id, idade, altura, peso, medalha) VALUES (60239, 1, 7, 12, 21.0, 193.0, 80.0, null);
INSERT INTO Atletas (id, nome, sexo) VALUES (60240, 'Kim Seung-Hwan', 'M');
INSERT INTO Participacao (atleta_id, time_id, olimpiada_id, modalidade_id, idade, altura, peso, medalha) VALUES (60240, 1, 6, 16, 28.0, 167.0, 66.0, null);
INSERT INTO Participacao (atleta_id, time_id, olimpiada_id, modalidade_id, idade, altura, peso, medalha) VALUES (60240, 1, 6, 17, 28.0, 167.0, 66.0, null);
INSERT INTO Participacao (atleta_id, time_id, olimpiada_id, modalidade_id, idade, altura, peso, medalha) VALUES (60240, 1, 12, 16, 32.0, 167.0, 66.0, null);
INSERT INTO Participacao (atleta_id, time_id, olimpiada_id, modalidade_id, idade, altura, peso, medalha) VALUES (60240, 1, 12, 17, 32.0, 167.0, 66.0, null);
INSERT INTO Atletas (id, nome, sexo) VALUES (60241, 'Kim Seung-Il', 'M');
INSERT INTO Participacao (atleta_id, time_id, olimpiada_id, modalidade_id, idade, altura, peso, medalha) VALUES (60241, 1, 18, 90, 19.0, 171.0, 65.0, null);
INSERT INTO Participacao (atleta_id, time_id, olimpiada_id, modalidade_id, idade, altura, peso, medalha) VALUES (60241, 1, 18, 91, 19.0, 171.0, 65.0, null);
INSERT INTO Participacao (atleta_id, time_id, olimpiada_id, modalidade_id, idade, altura, peso, medalha) VALUES (60241, 1, 18, 92, 19.0, 171.0, 65.0, null);
INSERT INTO Participacao (atleta_id, time_id, olimpiada_id, modalidade_id, idade, altura, peso, medalha) VALUES (60241, 1, 18, 93, 19.0, 171.0, 65.0, null);
INSERT INTO Participacao (atleta_id, time_id, olimpiada_id, modalidade_id, idade, altura, peso, medalha) VALUES (60241, 1, 18, 94, 19.0, 171.0, 65.0, null);
INSERT INTO Participacao (atleta_id, time_id, olimpiada_id, modalidade_id, idade, altura, peso, medalha) VALUES (60241, 1, 18, 95, 19.0, 171.0, 65.0, null);
INSERT INTO Participacao (atleta_id, time_id, olimpiada_id, modalidade_id, idade, altura, peso, medalha) VALUES (60241, 1, 18, 97, 19.0, 171.0, 65.0, null);
INSERT INTO Participacao (atleta_id, time_id, olimpiada_id, modalidade_id, idade, altura, peso, medalha) VALUES (60241, 1, 16, 90, 23.0, 171.0, 65.0, null);
INSERT INTO Participacao (atleta_id, time_id, olimpiada_id, modalidade_id, idade, altura, peso, medalha) VALUES (60241, 1, 16, 91, 23.0, 171.0, 65.0, null);
INSERT INTO Participacao (atleta_id, time_id, olimpiada_id, modalidade_id, idade, altura, peso, medalha) VALUES (60241, 1, 16, 92, 23.0, 171.0, 65.0, null);
INSERT INTO Participacao (atleta_id, time_id, olimpiada_id, modalidade_id, idade, altura, peso, medalha) VALUES (60241, 1, 16, 94, 23.0, 171.0, 65.0, null);
INSERT INTO Participacao (atleta_id, time_id, olimpiada_id, modalidade_id, idade, altura, peso, medalha) VALUES (60241, 1, 16, 95, 23.0, 171.0, 65.0, null);
INSERT INTO Participacao (atleta_id, time_id, olimpiada_id, modalidade_id, idade, altura, peso, medalha) VALUES (60241, 1, 16, 96, 23.0, 171.0, 65.0, null);
INSERT INTO Participacao (atleta_id, time_id, olimpiada_id, modalidade_id, idade, altura, peso, medalha) VALUES (60241, 1, 16, 97, 23.0, 171.0, 65.0, null);
INSERT INTO Participacao (atleta_id, time_id, olimpiada_id, modalidade_id, idade, altura, peso, medalha) VALUES (60241, 1, 24, 91, 27.0, 171.0, 65.0, null);
INSERT INTO Participacao (atleta_id, time_id, olimpiada_id, modalidade_id, idade, altura, peso, medalha) VALUES (60241, 1, 24, 94, 27.0, 171.0, 65.0, null);
INSERT INTO Participacao (atleta_id, time_id, olimpiada_id, modalidade_id, idade, altura, peso, medalha) VALUES (60241, 1, 24, 95, 27.0, 171.0, 65.0, null);
INSERT INTO Participacao (atleta_id, time_id, olimpiada_id, modalidade_id, idade, altura, peso, medalha) VALUES (60241, 1, 24, 96, 27.0, 171.0, 65.0, null);
INSERT INTO Participacao (atleta_id, time_id, olimpiada_id, modalidade_id, idade, altura, peso, medalha) VALUES (60241, 1, 24, 97, 27.0, 171.0, 65.0, null);
INSERT INTO Atletas (id, nome, sexo) VALUES (60242, 'Kim Seung-Pyo', 'M');
INSERT INTO Participacao (atleta_id, time_id, olimpiada_id, modalidade_id, idade, altura, peso, medalha) VALUES (60242, 1, 6, 111, 22.0, 170.0, 63.0, null);
INSERT INTO Participacao (atleta_id, time_id, olimpiada_id, modalidade_id, idade, altura, peso, medalha) VALUES (60242, 1, 6, 112, 22.0, 170.0, 63.0, null);
INSERT INTO Participacao (atleta_id, time_id, olimpiada_id, modalidade_id, idade, altura, peso, medalha) VALUES (60242, 1, 12, 111, 26.0, 170.0, 63.0, null);
INSERT INTO Participacao (atleta_id, time_id, olimpiada_id, modalidade_id, idade, altura, peso, medalha) VALUES (60242, 1, 12, 112, 26.0, 170.0, 63.0, null);
INSERT INTO Atletas (id, nome, sexo) VALUES (60243, 'Kim Seung-Yong', 'M');
INSERT INTO Participacao (atleta_id, time_id, olimpiada_id, modalidade_id, idade, altura, peso, medalha) VALUES (60243, 1, 16, 56, 23.0, 187.0, 73.0, null);
INSERT INTO Atletas (id, nome, sexo) VALUES (60245, 'Kim Sin-Yeong', 'F');
INSERT INTO Participacao (atleta_id, time_id, olimpiada_id, modalidade_id, idade, altura, peso, medalha) VALUES (60245, 1, 14, 318, 21.0, null, null, null);
INSERT INTO Atletas (id, nome, sexo) VALUES (60247, 'Kim So-Hui', 'F');
INSERT INTO Modalidades (nome, esporte_id) VALUES ('Taekwondo Women''s Flyweight', 44);
INSERT INTO Participacao (atleta_id, time_id, olimpiada_id, modalidade_id, idade, altura, peso, medalha) VALUES (60247, 1, 4, 327, 22.0, 164.0, 50.0, 'Gold');
INSERT INTO Atletas (id, nome, sexo) VALUES (60248, 'Kim So-Hui', 'F');
INSERT INTO Participacao (atleta_id, time_id, olimpiada_id, modalidade_id, idade, altura, peso, medalha) VALUES (60248, 1, 1, 120, 15.0, 165.0, 54.0, null);
INSERT INTO Participacao (atleta_id, time_id, olimpiada_id, modalidade_id, idade, altura, peso, medalha) VALUES (60248, 1, 2, 120, 17.0, 165.0, 54.0, null);
INSERT INTO Participacao (atleta_id, time_id, olimpiada_id, modalidade_id, idade, altura, peso, medalha) VALUES (60248, 1, 2, 121, 17.0, 165.0, 54.0, 'Bronze');
INSERT INTO Participacao (atleta_id, time_id, olimpiada_id, modalidade_id, idade, altura, peso, medalha) VALUES (60248, 1, 2, 30, 17.0, 165.0, 54.0, 'Gold');
INSERT INTO Atletas (id, nome, sexo) VALUES (60249, 'Kim So-Hui', 'F');
INSERT INTO Participacao (atleta_id, time_id, olimpiada_id, modalidade_id, idade, altura, peso, medalha) VALUES (60249, 1, 27, 325, 17.0, 165.0, 65.0, null);
INSERT INTO Participacao (atleta_id, time_id, olimpiada_id, modalidade_id, idade, altura, peso, medalha) VALUES (60249, 1, 27, 189, 17.0, 165.0, 65.0, null);
INSERT INTO Atletas (id, nome, sexo) VALUES (60250, 'Kim Sol-Ji', 'F');
INSERT INTO Participacao (atleta_id, time_id, olimpiada_id, modalidade_id, idade, altura, peso, medalha) VALUES (60250, 1, 24, 256, 22.0, 168.0, 57.0, null);
INSERT INTO Atletas (id, nome, sexo) VALUES (60265, 'Kim Su-Gwan', 'M');
INSERT INTO Participacao (atleta_id, time_id, olimpiada_id, modalidade_id, idade, altura, peso, medalha) VALUES (60265, 1, 14, 20, 23.0, 180.0, 73.0, null);
INSERT INTO Atletas (id, nome, sexo) VALUES (60266, 'Kim Su-Gyeong', 'F');
INSERT INTO Modalidades (nome, esporte_id) VALUES ('Weightlifting Women''s Middleweight', 19);
INSERT INTO Participacao (atleta_id, time_id, olimpiada_id, modalidade_id, idade, altura, peso, medalha) VALUES (60266, 1, 18, 328, 19.0, 160.0, 63.0, null);
INSERT INTO Participacao (atleta_id, time_id, olimpiada_id, modalidade_id, idade, altura, peso, medalha) VALUES (60266, 1, 16, 328, 23.0, 160.0, 63.0, null);
INSERT INTO Atletas (id, nome, sexo) VALUES (60267, 'Kim Su-Gyeong', 'M');
INSERT INTO Participacao (atleta_id, time_id, olimpiada_id, modalidade_id, idade, altura, peso, medalha) VALUES (60267, 1, 23, 20, 21.0, 183.0, 81.0, 'Bronze');
INSERT INTO Atletas (id, nome, sexo) VALUES (60269, 'Kim Su-Jeong', 'F');
INSERT INTO Participacao (atleta_id, time_id, olimpiada_id, modalidade_id, idade, altura, peso, medalha) VALUES (60269, 1, 23, 21, 26.0, 163.0, 56.0, null);
INSERT INTO Atletas (id, nome, sexo) VALUES (60270, 'Kim Su-Ji', 'F');
INSERT INTO Participacao (atleta_id, time_id, olimpiada_id, modalidade_id, idade, altura, peso, medalha) VALUES (60270, 1, 24, 132, 14.0, 149.0, 44.0, null);
INSERT INTO Atletas (id, nome, sexo) VALUES (60271, 'Kim Su-Ji', 'F');
INSERT INTO Participacao (atleta_id, time_id, olimpiada_id, modalidade_id, idade, altura, peso, medalha) VALUES (60271, 1, 4, 18, 29.0, 187.0, 68.0, null);
INSERT INTO Atletas (id, nome, sexo) VALUES (60272, 'Kim Su-Jin', 'F');
INSERT INTO Participacao (atleta_id, time_id, olimpiada_id, modalidade_id, idade, altura, peso, medalha) VALUES (60272, 1, 6, 31, 14.0, 162.0, 57.0, null);
INSERT INTO Participacao (atleta_id, time_id, olimpiada_id, modalidade_id, idade, altura, peso, medalha) VALUES (60272, 1, 6, 32, 14.0, 162.0, 57.0, null);
INSERT INTO Atletas (id, nome, sexo) VALUES (60273, 'Kim Su-Myeon', 'M');
INSERT INTO Participacao (atleta_id, time_id, olimpiada_id, modalidade_id, idade, altura, peso, medalha) VALUES (60273, 1, 16, 90, 21.0, 165.0, 57.0, null);
INSERT INTO Participacao (atleta_id, time_id, olimpiada_id, modalidade_id, idade, altura, peso, medalha) VALUES (60273, 1, 16, 91, 21.0, 165.0, 57.0, null);
INSERT INTO Participacao (atleta_id, time_id, olimpiada_id, modalidade_id, idade, altura, peso, medalha) VALUES (60273, 1, 16, 92, 21.0, 165.0, 57.0, null);
INSERT INTO Participacao (atleta_id, time_id, olimpiada_id, modalidade_id, idade, altura, peso, medalha) VALUES (60273, 1, 16, 94, 21.0, 165.0, 57.0, null);
INSERT INTO Participacao (atleta_id, time_id, olimpiada_id, modalidade_id, idade, altura, peso, medalha) VALUES (60273, 1, 16, 95, 21.0, 165.0, 57.0, null);
INSERT INTO Participacao (atleta_id, time_id, olimpiada_id, modalidade_id, idade, altura, peso, medalha) VALUES (60273, 1, 16, 96, 21.0, 165.0, 57.0, null);
INSERT INTO Participacao (atleta_id, time_id, olimpiada_id, modalidade_id, idade, altura, peso, medalha) VALUES (60273, 1, 16, 97, 21.0, 165.0, 57.0, null);
INSERT INTO Participacao (atleta_id, time_id, olimpiada_id, modalidade_id, idade, altura, peso, medalha) VALUES (60273, 1, 24, 90, 25.0, 165.0, 57.0, null);
INSERT INTO Participacao (atleta_id, time_id, olimpiada_id, modalidade_id, idade, altura, peso, medalha) VALUES (60273, 1, 24, 91, 25.0, 165.0, 57.0, null);
INSERT INTO Participacao (atleta_id, time_id, olimpiada_id, modalidade_id, idade, altura, peso, medalha) VALUES (60273, 1, 24, 92, 25.0, 165.0, 57.0, null);
INSERT INTO Participacao (atleta_id, time_id, olimpiada_id, modalidade_id, idade, altura, peso, medalha) VALUES (60273, 1, 24, 93, 25.0, 165.0, 57.0, null);
INSERT INTO Participacao (atleta_id, time_id, olimpiada_id, modalidade_id, idade, altura, peso, medalha) VALUES (60273, 1, 24, 94, 25.0, 165.0, 57.0, null);
INSERT INTO Participacao (atleta_id, time_id, olimpiada_id, modalidade_id, idade, altura, peso, medalha) VALUES (60273, 1, 24, 95, 25.0, 165.0, 57.0, null);
INSERT INTO Participacao (atleta_id, time_id, olimpiada_id, modalidade_id, idade, altura, peso, medalha) VALUES (60273, 1, 24, 96, 25.0, 165.0, 57.0, null);
INSERT INTO Participacao (atleta_id, time_id, olimpiada_id, modalidade_id, idade, altura, peso, medalha) VALUES (60273, 1, 24, 97, 25.0, 165.0, 57.0, null);
INSERT INTO Atletas (id, nome, sexo) VALUES (60274, 'Kim Su-Nyeong', 'F');
INSERT INTO Participacao (atleta_id, time_id, olimpiada_id, modalidade_id, idade, altura, peso, medalha) VALUES (60274, 1, 6, 98, 17.0, 165.0, 58.0, 'Gold');
INSERT INTO Participacao (atleta_id, time_id, olimpiada_id, modalidade_id, idade, altura, peso, medalha) VALUES (60274, 1, 6, 99, 17.0, 165.0, 58.0, 'Gold');
INSERT INTO Participacao (atleta_id, time_id, olimpiada_id, modalidade_id, idade, altura, peso, medalha) VALUES (60274, 1, 12, 98, 21.0, 165.0, 58.0, 'Silver');
INSERT INTO Participacao (atleta_id, time_id, olimpiada_id, modalidade_id, idade, altura, peso, medalha) VALUES (60274, 1, 12, 99, 21.0, 165.0, 58.0, 'Gold');
INSERT INTO Participacao (atleta_id, time_id, olimpiada_id, modalidade_id, idade, altura, peso, medalha) VALUES (60274, 1, 23, 98, 29.0, 165.0, 58.0, 'Bronze');
INSERT INTO Participacao (atleta_id, time_id, olimpiada_id, modalidade_id, idade, altura, peso, medalha) VALUES (60274, 1, 23, 99, 29.0, 165.0, 58.0, 'Gold');
INSERT INTO Atletas (id, nome, sexo) VALUES (60275, 'Kim Sun-Deok', 'F');
INSERT INTO Participacao (atleta_id, time_id, olimpiada_id, modalidade_id, idade, altura, peso, medalha) VALUES (60275, 1, 6, 21, 20.0, 167.0, 61.0, 'Silver');
INSERT INTO Atletas (id, nome, sexo) VALUES (60276, 'Kim Sun-Hui', 'F');
INSERT INTO Participacao (atleta_id, time_id, olimpiada_id, modalidade_id, idade, altura, peso, medalha) VALUES (60276, 1, 23, 255, 23.0, 165.0, 75.0, null);
INSERT INTO Participacao (atleta_id, time_id, olimpiada_id, modalidade_id, idade, altura, peso, medalha) VALUES (60276, 1, 18, 255, 27.0, 165.0, 75.0, null);
INSERT INTO Atletas (id, nome, sexo) VALUES (60277, 'Kim Sun-Hyeong', 'M');
INSERT INTO Participacao (atleta_id, time_id, olimpiada_id, modalidade_id, idade, altura, peso, medalha) VALUES (60277, 1, 23, 274, 27.0, 184.0, 71.0, null);
INSERT INTO Atletas (id, nome, sexo) VALUES (60278, 'Kim Sun-Ja', 'F');
INSERT INTO Modalidades (nome, esporte_id) VALUES ('Athletics Women''s 400 metres Hurdles', 18);
INSERT INTO Participacao (atleta_id, time_id, olimpiada_id, modalidade_id, idade, altura, peso, medalha) VALUES (60278, 1, 6, 329, 22.0, 165.0, 52.0, null);
INSERT INTO Participacao (atleta_id, time_id, olimpiada_id, modalidade_id, idade, altura, peso, medalha) VALUES (60278, 1, 6, 146, 22.0, 165.0, 52.0, null);
INSERT INTO Atletas (id, nome, sexo) VALUES (60279, 'Kim Sun-Woo', 'F');
INSERT INTO Modalidades (nome, esporte_id) VALUES ('Modern Pentathlon Women''s Individual', 28);
INSERT INTO Participacao (atleta_id, time_id, olimpiada_id, modalidade_id, idade, altura, peso, medalha) VALUES (60279, 1, 4, 330, 19.0, 165.0, 57.0, null);
INSERT INTO Atletas (id, nome, sexo) VALUES (60280, 'Kim Tae-Gyu', 'M');
INSERT INTO Participacao (atleta_id, time_id, olimpiada_id, modalidade_id, idade, altura, peso, medalha) VALUES (60280, 1, 23, 215, 22.0, 165.0, 51.0, null);
INSERT INTO Atletas (id, nome, sexo) VALUES (60281, 'Kim Tae-Gyun', 'M');
INSERT INTO Participacao (atleta_id, time_id, olimpiada_id, modalidade_id, idade, altura, peso, medalha) VALUES (60281, 1, 23, 20, 29.0, 176.0, 76.0, 'Bronze');
INSERT INTO Atletas (id, nome, sexo) VALUES (60282, 'Kim Tae-Ho', 'M');
INSERT INTO Participacao (atleta_id, time_id, olimpiada_id, modalidade_id, idade, altura, peso, medalha) VALUES (60282, 1, 11, 63, 20.0, 174.0, 60.0, null);
INSERT INTO Atletas (id, nome, sexo) VALUES (60283, 'Kim Tae-Hui', 'M');
INSERT INTO Participacao (atleta_id, time_id, olimpiada_id, modalidade_id, idade, altura, peso, medalha) VALUES (60283, 1, 14, 292, 22.0, 182.0, 65.0, null);
INSERT INTO Atletas (id, nome, sexo) VALUES (60284, 'Kim Tae-Hun', 'M');
INSERT INTO Modalidades (nome, esporte_id) VALUES ('Taekwondo Men''s Flyweight', 44);
INSERT INTO Participacao (atleta_id, time_id, olimpiada_id, modalidade_id, idade, altura, peso, medalha) VALUES (60284, 1, 4, 331, 21.0, 182.0, 59.0, 'Bronze');
INSERT INTO Atletas (id, nome, sexo) VALUES (60285, 'Kim Tae-Hyeon', 'M');
INSERT INTO Participacao (atleta_id, time_id, olimpiada_id, modalidade_id, idade, altura, peso, medalha) VALUES (60285, 1, 12, 44, 23.0, 185.0, 129.5, null);
INSERT INTO Participacao (atleta_id, time_id, olimpiada_id, modalidade_id, idade, altura, peso, medalha) VALUES (60285, 1, 14, 44, 27.0, 185.0, 129.5, null);
INSERT INTO Participacao (atleta_id, time_id, olimpiada_id, modalidade_id, idade, altura, peso, medalha) VALUES (60285, 1, 23, 44, 31.0, 185.0, 129.5, null);
INSERT INTO Atletas (id, nome, sexo) VALUES (60286, 'Kim Tae-Seok', 'M');
INSERT INTO Participacao (atleta_id, time_id, olimpiada_id, modalidade_id, idade, altura, peso, medalha) VALUES (60286, 1, 11, 80, 25.0, 172.0, 70.0, null);
INSERT INTO Atletas (id, nome, sexo) VALUES (60287, 'Kim Tae-U', 'M');
INSERT INTO Participacao (atleta_id, time_id, olimpiada_id, modalidade_id, idade, altura, peso, medalha) VALUES (60287, 1, 5, 103, 22.0, 181.0, 90.0, null);
INSERT INTO Participacao (atleta_id, time_id, olimpiada_id, modalidade_id, idade, altura, peso, medalha) VALUES (60287, 1, 6, 306, 26.0, 181.0, 90.0, 'Bronze');
INSERT INTO Participacao (atleta_id, time_id, olimpiada_id, modalidade_id, idade, altura, peso, medalha) VALUES (60287, 1, 12, 289, 30.0, 181.0, 90.0, null);
INSERT INTO Participacao (atleta_id, time_id, olimpiada_id, modalidade_id, idade, altura, peso, medalha) VALUES (60287, 1, 14, 289, 34.0, 181.0, 90.0, null);
INSERT INTO Atletas (id, nome, sexo) VALUES (60288, 'Kim Tae-Wan', 'M');
INSERT INTO Participacao (atleta_id, time_id, olimpiada_id, modalidade_id, idade, altura, peso, medalha) VALUES (60288, 1, 18, 28, 24.0, 183.0, 83.0, null);
INSERT INTO Participacao (atleta_id, time_id, olimpiada_id, modalidade_id, idade, altura, peso, medalha) VALUES (60288, 1, 16, 28, 28.0, 183.0, 83.0, null);
INSERT INTO Atletas (id, nome, sexo) VALUES (60289, 'Kim Tae-Yun', 'M');
INSERT INTO Participacao (atleta_id, time_id, olimpiada_id, modalidade_id, idade, altura, peso, medalha) VALUES (60289, 1, 27, 54, 19.0, 178.0, 75.0, null);
INSERT INTO Atletas (id, nome, sexo) VALUES (60290, 'Kim Taek-Su', 'M');
INSERT INTO Participacao (atleta_id, time_id, olimpiada_id, modalidade_id, idade, altura, peso, medalha) VALUES (60290, 1, 12, 182, 22.0, 174.0, 69.0, 'Bronze');
INSERT INTO Participacao (atleta_id, time_id, olimpiada_id, modalidade_id, idade, altura, peso, medalha) VALUES (60290, 1, 14, 182, 26.0, 174.0, 69.0, null);
INSERT INTO Participacao (atleta_id, time_id, olimpiada_id, modalidade_id, idade, altura, peso, medalha) VALUES (60290, 1, 23, 182, 30.0, 174.0, 69.0, null);
INSERT INTO Atletas (id, nome, sexo) VALUES (60293, 'Kim U-Seong', 'M');
INSERT INTO Participacao (atleta_id, time_id, olimpiada_id, modalidade_id, idade, altura, peso, medalha) VALUES (60293, 1, 20, 85, 19.0, 172.0, 78.0, null);
INSERT INTO Participacao (atleta_id, time_id, olimpiada_id, modalidade_id, idade, altura, peso, medalha) VALUES (60293, 1, 17, 85, 23.0, 172.0, 78.0, null);
INSERT INTO Participacao (atleta_id, time_id, olimpiada_id, modalidade_id, idade, altura, peso, medalha) VALUES (60293, 1, 17, 86, 23.0, 172.0, 78.0, null);
INSERT INTO Atletas (id, nome, sexo) VALUES (60294, 'Kim Ui-Gon', 'M');
INSERT INTO Participacao (atleta_id, time_id, olimpiada_id, modalidade_id, idade, altura, peso, medalha) VALUES (60294, 1, 5, 24, 26.0, 165.0, 57.0, 'Bronze');
INSERT INTO Atletas (id, nome, sexo) VALUES (60295, 'Kim Ui-Tae', 'M');
INSERT INTO Participacao (atleta_id, time_id, olimpiada_id, modalidade_id, idade, altura, peso, medalha) VALUES (60295, 1, 7, 147, 23.0, 174.0, 86.0, 'Bronze');
INSERT INTO Participacao (atleta_id, time_id, olimpiada_id, modalidade_id, idade, altura, peso, medalha) VALUES (60295, 1, 11, 104, 31.0, 174.0, 86.0, null);
INSERT INTO Atletas (id, nome, sexo) VALUES (60300, 'Kim Un-Ji', 'F');
INSERT INTO Participacao (atleta_id, time_id, olimpiada_id, modalidade_id, idade, altura, peso, medalha) VALUES (60300, 1, 27, 172, 24.0, 166.0, null, null);
INSERT INTO Atletas (id, nome, sexo) VALUES (60303, 'Kim Wan', 'M');
INSERT INTO Participacao (atleta_id, time_id, olimpiada_id, modalidade_id, idade, altura, peso, medalha) VALUES (60303, 1, 6, 182, 27.0, 174.0, 67.0, null);
INSERT INTO Atletas (id, nome, sexo) VALUES (60304, 'Kim Wan-Gi', 'M');
INSERT INTO Participacao (atleta_id, time_id, olimpiada_id, modalidade_id, idade, altura, peso, medalha) VALUES (60304, 1, 12, 67, 24.0, 170.0, 57.0, null);
INSERT INTO Participacao (atleta_id, time_id, olimpiada_id, modalidade_id, idade, altura, peso, medalha) VALUES (60304, 1, 14, 67, 28.0, 170.0, 57.0, null);
INSERT INTO Atletas (id, nome, sexo) VALUES (60305, 'Kim Wan-Sik', 'M');
INSERT INTO Participacao (atleta_id, time_id, olimpiada_id, modalidade_id, idade, altura, peso, medalha) VALUES (60305, 1, 12, 72, 20.0, null, null, null);
INSERT INTO Atletas (id, nome, sexo) VALUES (60306, 'Kim Won-Gi', 'M');
INSERT INTO Participacao (atleta_id, time_id, olimpiada_id, modalidade_id, idade, altura, peso, medalha) VALUES (60306, 1, 5, 14, 22.0, 169.0, 62.0, 'Gold');
INSERT INTO Atletas (id, nome, sexo) VALUES (60307, 'Kim Won-Gwon', 'M');
INSERT INTO Participacao (atleta_id, time_id, olimpiada_id, modalidade_id, idade, altura, peso, medalha) VALUES (60307, 1, 8, 302, 29.0, null, null, null);
INSERT INTO Participacao (atleta_id, time_id, olimpiada_id, modalidade_id, idade, altura, peso, medalha) VALUES (60307, 1, 8, 155, 29.0, null, null, null);
INSERT INTO Atletas (id, nome, sexo) VALUES (60308, 'Kim Won-Il', 'M');
INSERT INTO Participacao (atleta_id, time_id, olimpiada_id, modalidade_id, idade, altura, peso, medalha) VALUES (60308, 1, 18, 55, 22.0, 165.0, 54.0, null);
INSERT INTO Atletas (id, nome, sexo) VALUES (60309, 'Kim Won-Jin', 'M');
INSERT INTO Participacao (atleta_id, time_id, olimpiada_id, modalidade_id, idade, altura, peso, medalha) VALUES (60309, 1, 4, 125, 24.0, 168.0, 60.0, null);
INSERT INTO Atletas (id, nome, sexo) VALUES (60310, 'Kim Won-Jin', 'M');
INSERT INTO Participacao (atleta_id, time_id, olimpiada_id, modalidade_id, idade, altura, peso, medalha) VALUES (60310, 1, 16, 224, 23.0, 178.0, 74.0, null);
INSERT INTO Participacao (atleta_id, time_id, olimpiada_id, modalidade_id, idade, altura, peso, medalha) VALUES (60310, 1, 16, 200, 23.0, 178.0, 74.0, null);
INSERT INTO Atletas (id, nome, sexo) VALUES (60311, 'Kim Won-Sik', 'M');
INSERT INTO Participacao (atleta_id, time_id, olimpiada_id, modalidade_id, idade, altura, peso, medalha) VALUES (60311, 1, 5, 67, 21.0, 170.0, 60.0, null);
INSERT INTO Atletas (id, nome, sexo) VALUES (60312, 'Kim Won-Tak', 'M');
INSERT INTO Participacao (atleta_id, time_id, olimpiada_id, modalidade_id, idade, altura, peso, medalha) VALUES (60312, 1, 6, 67, 24.0, 171.0, 56.0, null);
INSERT INTO Atletas (id, nome, sexo) VALUES (60313, 'Kim Woo-Jin', 'M');
INSERT INTO Participacao (atleta_id, time_id, olimpiada_id, modalidade_id, idade, altura, peso, medalha) VALUES (60313, 1, 4, 153, 24.0, 180.0, 95.0, null);
INSERT INTO Participacao (atleta_id, time_id, olimpiada_id, modalidade_id, idade, altura, peso, medalha) VALUES (60313, 1, 4, 228, 24.0, 180.0, 95.0, 'Gold');
INSERT INTO Atletas (id, nome, sexo) VALUES (60314, 'Kim Woon-Ki', 'M');
INSERT INTO Participacao (atleta_id, time_id, olimpiada_id, modalidade_id, idade, altura, peso, medalha) VALUES (60314, 1, 1, 225, 21.0, null, null, null);
INSERT INTO Participacao (atleta_id, time_id, olimpiada_id, modalidade_id, idade, altura, peso, medalha) VALUES (60314, 1, 1, 227, 21.0, null, null, null);
INSERT INTO Atletas (id, nome, sexo) VALUES (60315, 'Kim Woon-Sung', 'M');
INSERT INTO Participacao (atleta_id, time_id, olimpiada_id, modalidade_id, idade, altura, peso, medalha) VALUES (60315, 1, 18, 112, 27.0, null, null, null);
INSERT INTO Atletas (id, nome, sexo) VALUES (60316, 'Kim Ye-Ji', 'F');
INSERT INTO Modalidades (nome, esporte_id) VALUES ('Rowing Women''s Single Sculls', 11);
INSERT INTO Participacao (atleta_id, time_id, olimpiada_id, modalidade_id, idade, altura, peso, medalha) VALUES (60316, 1, 24, 332, 17.0, 174.0, 72.0, null);
INSERT INTO Participacao (atleta_id, time_id, olimpiada_id, modalidade_id, idade, altura, peso, medalha) VALUES (60316, 1, 4, 332, 21.0, 174.0, 72.0, null);
INSERT INTO Atletas (id, nome, sexo) VALUES (60317, 'Kim Yeo-Ul', 'F');
INSERT INTO Participacao (atleta_id, time_id, olimpiada_id, modalidade_id, idade, altura, peso, medalha) VALUES (60317, 1, 16, 117, 21.0, 165.0, 60.0, null);
INSERT INTO Atletas (id, nome, sexo) VALUES (60318, 'Kim Yeo-Yeong', 'F');
INSERT INTO Participacao (atleta_id, time_id, olimpiada_id, modalidade_id, idade, altura, peso, medalha) VALUES (60318, 1, 14, 132, 17.0, null, null, null);
INSERT INTO Atletas (id, nome, sexo) VALUES (60319, 'Kim Yeon-Beom', 'M');
INSERT INTO Participacao (atleta_id, time_id, olimpiada_id, modalidade_id, idade, altura, peso, medalha) VALUES (60319, 1, 15, 67, 25.0, 170.0, 58.0, null);
INSERT INTO Participacao (atleta_id, time_id, olimpiada_id, modalidade_id, idade, altura, peso, medalha) VALUES (60319, 1, 7, 67, 29.0, 170.0, 58.0, null);
INSERT INTO Atletas (id, nome, sexo) VALUES (60320, 'Kim Yeon-Gyeong', 'F');
INSERT INTO Participacao (atleta_id, time_id, olimpiada_id, modalidade_id, idade, altura, peso, medalha) VALUES (60320, 1, 24, 18, 24.0, 192.0, 73.0, null);
INSERT INTO Participacao (atleta_id, time_id, olimpiada_id, modalidade_id, idade, altura, peso, medalha) VALUES (60320, 1, 4, 18, 28.0, 192.0, 73.0, null);
INSERT INTO Atletas (id, nome, sexo) VALUES (60321, 'Kim Yeon-Hui', 'F');
INSERT INTO Participacao (atleta_id, time_id, olimpiada_id, modalidade_id, idade, altura, peso, medalha) VALUES (60321, 1, 18, 320, 43.0, 167.0, 60.0, null);
INSERT INTO Atletas (id, nome, sexo) VALUES (60322, 'Kim Yeon-Man', 'M');
INSERT INTO Participacao (atleta_id, time_id, olimpiada_id, modalidade_id, idade, altura, peso, medalha) VALUES (60322, 1, 6, 138, 25.0, 163.0, 65.0, null);
INSERT INTO Atletas (id, nome, sexo) VALUES (60323, 'Kim Yeong-Bae', 'M');
INSERT INTO Participacao (atleta_id, time_id, olimpiada_id, modalidade_id, idade, altura, peso, medalha) VALUES (60323, 1, 7, 56, 23.0, 169.0, 61.0, null);
INSERT INTO Atletas (id, nome, sexo) VALUES (60324, 'Kim Yeong-Gi', 'M');
INSERT INTO Participacao (atleta_id, time_id, olimpiada_id, modalidade_id, idade, altura, peso, medalha) VALUES (60324, 1, 9, 12, 20.0, 178.0, 66.0, null);
INSERT INTO Participacao (atleta_id, time_id, olimpiada_id, modalidade_id, idade, altura, peso, medalha) VALUES (60324, 1, 7, 12, 28.0, 178.0, 66.0, null);
INSERT INTO Atletas (id, nome, sexo) VALUES (60325, 'Kim Yeong-Gil', 'M');
INSERT INTO Modalidades (nome, esporte_id) VALUES ('Athletics Men''s 5,000 metres', 18);
INSERT INTO Participacao (atleta_id, time_id, olimpiada_id, modalidade_id, idade, altura, peso, medalha) VALUES (60325, 1, 6, 333, 23.0, 169.0, 53.0, null);
INSERT INTO Atletas (id, nome, sexo) VALUES (60326, 'Kim Yeong-Gwang', 'M');
INSERT INTO Participacao (atleta_id, time_id, olimpiada_id, modalidade_id, idade, altura, peso, medalha) VALUES (60326, 1, 18, 56, 21.0, 184.0, 80.0, null);
INSERT INTO Atletas (id, nome, sexo) VALUES (60327, 'Kim Yeong-Gwi', 'M');
INSERT INTO Participacao (atleta_id, time_id, olimpiada_id, modalidade_id, idade, altura, peso, medalha) VALUES (60327, 1, 14, 89, 27.0, null, null, null);
INSERT INTO Atletas (id, nome, sexo) VALUES (60328, 'Kim Yeong-Gwon', 'M');
INSERT INTO Participacao (atleta_id, time_id, olimpiada_id, modalidade_id, idade, altura, peso, medalha) VALUES (60328, 1, 24, 56, 22.0, 187.0, 74.0, 'Bronze');
INSERT INTO Atletas (id, nome, sexo) VALUES (60329, 'Kim Yeong-Ho', 'M');
INSERT INTO Participacao (atleta_id, time_id, olimpiada_id, modalidade_id, idade, altura, peso, medalha) VALUES (60329, 1, 12, 111, 21.0, 180.0, 70.0, null);
INSERT INTO Participacao (atleta_id, time_id, olimpiada_id, modalidade_id, idade, altura, peso, medalha) VALUES (60329, 1, 12, 112, 21.0, 180.0, 70.0, null);
INSERT INTO Participacao (atleta_id, time_id, olimpiada_id, modalidade_id, idade, altura, peso, medalha) VALUES (60329, 1, 14, 111, 25.0, 180.0, 70.0, null);
INSERT INTO Participacao (atleta_id, time_id, olimpiada_id, modalidade_id, idade, altura, peso, medalha) VALUES (60329, 1, 14, 112, 25.0, 180.0, 70.0, null);
INSERT INTO Participacao (atleta_id, time_id, olimpiada_id, modalidade_id, idade, altura, peso, medalha) VALUES (60329, 1, 23, 111, 29.0, 180.0, 70.0, 'Gold');
INSERT INTO Atletas (id, nome, sexo) VALUES (60330, 'Kim Yeong-Hui', 'F');
INSERT INTO Participacao (atleta_id, time_id, olimpiada_id, modalidade_id, idade, altura, peso, medalha) VALUES (60330, 1, 32, 100, 24.0, 164.0, 56.0, null);
INSERT INTO Participacao (atleta_id, time_id, olimpiada_id, modalidade_id, idade, altura, peso, medalha) VALUES (60330, 1, 32, 61, 24.0, 164.0, 56.0, null);
INSERT INTO Participacao (atleta_id, time_id, olimpiada_id, modalidade_id, idade, altura, peso, medalha) VALUES (60330, 1, 32, 60, 24.0, 164.0, 56.0, null);
INSERT INTO Atletas (id, nome, sexo) VALUES (60331, 'Kim Yeong-Hui', 'F');
INSERT INTO Participacao (atleta_id, time_id, olimpiada_id, modalidade_id, idade, altura, peso, medalha) VALUES (60331, 1, 5, 33, 21.0, 202.0, 110.0, 'Silver');
INSERT INTO Atletas (id, nome, sexo) VALUES (60332, 'Kim Yeong-Hui', 'F');
INSERT INTO Participacao (atleta_id, time_id, olimpiada_id, modalidade_id, idade, altura, peso, medalha) VALUES (60332, 1, 5, 19, 22.0, 172.0, 71.0, null);
INSERT INTO Atletas (id, nome, sexo) VALUES (60333, 'Kim Yeong-Il', 'M');
INSERT INTO Participacao (atleta_id, time_id, olimpiada_id, modalidade_id, idade, altura, peso, medalha) VALUES (60333, 1, 14, 144, 26.0, 178.0, 75.0, null);
INSERT INTO Atletas (id, nome, sexo) VALUES (60334, 'Kim Yeong-Il', 'M');
INSERT INTO Participacao (atleta_id, time_id, olimpiada_id, modalidade_id, idade, altura, peso, medalha) VALUES (60334, 1, 7, 12, 22.0, 187.0, 80.0, null);
INSERT INTO Participacao (atleta_id, time_id, olimpiada_id, modalidade_id, idade, altura, peso, medalha) VALUES (60334, 1, 10, 12, 26.0, 187.0, 80.0, null);
INSERT INTO Atletas (id, nome, sexo) VALUES (60335, 'Kim Yeong-Ja', 'F');
INSERT INTO Participacao (atleta_id, time_id, olimpiada_id, modalidade_id, idade, altura, peso, medalha) VALUES (60335, 1, 10, 18, 18.0, 171.0, 62.0, null);
INSERT INTO Participacao (atleta_id, time_id, olimpiada_id, modalidade_id, idade, altura, peso, medalha) VALUES (60335, 1, 11, 18, 22.0, 171.0, 62.0, null);
INSERT INTO Atletas (id, nome, sexo) VALUES (60336, 'Kim Yeong-Jin', 'M');
INSERT INTO Participacao (atleta_id, time_id, olimpiada_id, modalidade_id, idade, altura, peso, medalha) VALUES (60336, 1, 5, 252, 28.0, 181.0, 71.0, null);
INSERT INTO Atletas (id, nome, sexo) VALUES (60337, 'Kim Yeong-Jin', 'M');
INSERT INTO Participacao (atleta_id, time_id, olimpiada_id, modalidade_id, idade, altura, peso, medalha) VALUES (60337, 1, 24, 89, 27.0, 177.0, 68.0, null);
INSERT INTO Atletas (id, nome, sexo) VALUES (60338, 'Kim Yeong-Jun', 'M');
INSERT INTO Participacao (atleta_id, time_id, olimpiada_id, modalidade_id, idade, altura, peso, medalha) VALUES (60338, 1, 6, 89, 21.0, 176.0, 57.0, null);
INSERT INTO Atletas (id, nome, sexo) VALUES (60339, 'Kim Yeong-Jun', 'M');
INSERT INTO Participacao (atleta_id, time_id, olimpiada_id, modalidade_id, idade, altura, peso, medalha) VALUES (60339, 1, 11, 259, 24.0, 159.0, 52.0, null);
INSERT INTO Atletas (id, nome, sexo) VALUES (60340, 'Kim Yeong-Jun', 'M');
INSERT INTO Participacao (atleta_id, time_id, olimpiada_id, modalidade_id, idade, altura, peso, medalha) VALUES (60340, 1, 7, 72, 24.0, 180.0, 78.0, null);
INSERT INTO Atletas (id, nome, sexo) VALUES (60341, 'Kim Yeong-Mi', 'F');
INSERT INTO Participacao (atleta_id, time_id, olimpiada_id, modalidade_id, idade, altura, peso, medalha) VALUES (60341, 1, 5, 187, 23.0, 162.0, 52.0, null);
INSERT INTO Participacao (atleta_id, time_id, olimpiada_id, modalidade_id, idade, altura, peso, medalha) VALUES (60341, 1, 6, 187, 28.0, 162.0, 52.0, null);
INSERT INTO Atletas (id, nome, sexo) VALUES (60342, 'Kim Yeong-Nam', 'M');
INSERT INTO Participacao (atleta_id, time_id, olimpiada_id, modalidade_id, idade, altura, peso, medalha) VALUES (60342, 1, 5, 311, 24.0, 177.0, 78.0, null);
INSERT INTO Participacao (atleta_id, time_id, olimpiada_id, modalidade_id, idade, altura, peso, medalha) VALUES (60342, 1, 6, 311, 28.0, 177.0, 78.0, 'Gold');
INSERT INTO Atletas (id, nome, sexo) VALUES (60343, 'Kim Yeong-Ok', 'F');
INSERT INTO Participacao (atleta_id, time_id, olimpiada_id, modalidade_id, idade, altura, peso, medalha) VALUES (60343, 1, 18, 33, 30.0, 168.0, 58.0, null);
INSERT INTO Participacao (atleta_id, time_id, olimpiada_id, modalidade_id, idade, altura, peso, medalha) VALUES (60343, 1, 16, 33, 34.0, 168.0, 58.0, null);
INSERT INTO Atletas (id, nome, sexo) VALUES (60344, 'Kim Yeong-Ran', 'F');
INSERT INTO Participacao (atleta_id, time_id, olimpiada_id, modalidade_id, idade, altura, peso, medalha) VALUES (60344, 1, 16, 271, 27.0, 154.0, 49.0, null);
INSERT INTO Atletas (id, nome, sexo) VALUES (60345, 'Kim Yeong-Ran', 'F');
INSERT INTO Participacao (atleta_id, time_id, olimpiada_id, modalidade_id, idade, altura, peso, medalha) VALUES (60345, 1, 16, 21, 23.0, 167.0, 63.0, null);
INSERT INTO Participacao (atleta_id, time_id, olimpiada_id, modalidade_id, idade, altura, peso, medalha) VALUES (60345, 1, 24, 21, 26.0, 167.0, 63.0, null);
INSERT INTO Atletas (id, nome, sexo) VALUES (60346, 'Kim Yeong-Ro', 'M');
INSERT INTO Participacao (atleta_id, time_id, olimpiada_id, modalidade_id, idade, altura, peso, medalha) VALUES (60346, 1, 7, 142, 35.0, 167.0, 61.0, null);
INSERT INTO Participacao (atleta_id, time_id, olimpiada_id, modalidade_id, idade, altura, peso, medalha) VALUES (60346, 1, 7, 143, 35.0, 167.0, 61.0, null);
INSERT INTO Atletas (id, nome, sexo) VALUES (60347, 'Kim Yeong-Su', 'M');
INSERT INTO Participacao (atleta_id, time_id, olimpiada_id, modalidade_id, idade, altura, peso, medalha) VALUES (60347, 1, 9, 12, null, null, null, null);
INSERT INTO Atletas (id, nome, sexo) VALUES (60348, 'Kim Yeong-Su', 'M');
INSERT INTO Participacao (atleta_id, time_id, olimpiada_id, modalidade_id, idade, altura, peso, medalha) VALUES (60348, 1, 14, 20, 21.0, 183.0, 80.0, null);
INSERT INTO Atletas (id, nome, sexo) VALUES (60349, 'Kim Yeong-Suk', 'F');
INSERT INTO Participacao (atleta_id, time_id, olimpiada_id, modalidade_id, idade, altura, peso, medalha) VALUES (60349, 1, 6, 21, 23.0, 160.0, 57.0, 'Silver');
INSERT INTO Atletas (id, nome, sexo) VALUES (60350, 'Kim Yeong-Tae', 'M');
INSERT INTO Participacao (atleta_id, time_id, olimpiada_id, modalidade_id, idade, altura, peso, medalha) VALUES (60350, 1, 23, 128, 25.0, 160.0, 62.0, null);
INSERT INTO Atletas (id, nome, sexo) VALUES (60353, 'Kim Yong-Bae', 'M');
INSERT INTO Participacao (atleta_id, time_id, olimpiada_id, modalidade_id, idade, altura, peso, medalha) VALUES (60353, 1, 10, 23, null, 170.0, 62.0, null);
INSERT INTO Atletas (id, nome, sexo) VALUES (60354, 'Kim Yong-Bae', 'M');
INSERT INTO Participacao (atleta_id, time_id, olimpiada_id, modalidade_id, idade, altura, peso, medalha) VALUES (60354, 1, 14, 89, 22.0, 171.0, 68.0, null);
INSERT INTO Participacao (atleta_id, time_id, olimpiada_id, modalidade_id, idade, altura, peso, medalha) VALUES (60354, 1, 23, 89, 26.0, 171.0, 68.0, 'Silver');
INSERT INTO Participacao (atleta_id, time_id, olimpiada_id, modalidade_id, idade, altura, peso, medalha) VALUES (60354, 1, 18, 89, 30.0, 171.0, 68.0, null);
INSERT INTO Participacao (atleta_id, time_id, olimpiada_id, modalidade_id, idade, altura, peso, medalha) VALUES (60354, 1, 16, 89, 34.0, 171.0, 68.0, null);
INSERT INTO Atletas (id, nome, sexo) VALUES (60356, 'Kim Yong-Dae', 'M');
INSERT INTO Participacao (atleta_id, time_id, olimpiada_id, modalidade_id, idade, altura, peso, medalha) VALUES (60356, 1, 23, 56, 20.0, 186.0, 73.0, null);
INSERT INTO Atletas (id, nome, sexo) VALUES (60357, 'Kim Yong-Guk', 'M');
INSERT INTO Participacao (atleta_id, time_id, olimpiada_id, modalidade_id, idade, altura, peso, medalha) VALUES (60357, 1, 6, 111, 21.0, 171.0, 65.0, null);
INSERT INTO Participacao (atleta_id, time_id, olimpiada_id, modalidade_id, idade, altura, peso, medalha) VALUES (60357, 1, 6, 112, 21.0, 171.0, 65.0, null);
INSERT INTO Participacao (atleta_id, time_id, olimpiada_id, modalidade_id, idade, altura, peso, medalha) VALUES (60357, 1, 14, 111, 29.0, 171.0, 65.0, null);
INSERT INTO Participacao (atleta_id, time_id, olimpiada_id, modalidade_id, idade, altura, peso, medalha) VALUES (60357, 1, 14, 112, 29.0, 171.0, 65.0, null);
INSERT INTO Atletas (id, nome, sexo) VALUES (60358, 'Kim Yong-Gyu', 'M');
INSERT INTO Participacao (atleta_id, time_id, olimpiada_id, modalidade_id, idade, altura, peso, medalha) VALUES (60358, 1, 6, 37, 16.0, 173.0, 73.0, null);
INSERT INTO Participacao (atleta_id, time_id, olimpiada_id, modalidade_id, idade, altura, peso, medalha) VALUES (60358, 1, 12, 37, 20.0, 173.0, 73.0, null);
INSERT INTO Atletas (id, nome, sexo) VALUES (60361, 'Kim Yong-Mi', 'F');
INSERT INTO Participacao (atleta_id, time_id, olimpiada_id, modalidade_id, idade, altura, peso, medalha) VALUES (60361, 1, 14, 123, 20.0, 156.0, 47.0, null);
INSERT INTO Modalidades (nome, esporte_id) VALUES ('Cycling Women''s Points Race', 5);
INSERT INTO Participacao (atleta_id, time_id, olimpiada_id, modalidade_id, idade, altura, peso, medalha) VALUES (60361, 1, 14, 334, 20.0, 156.0, 47.0, null);
INSERT INTO Participacao (atleta_id, time_id, olimpiada_id, modalidade_id, idade, altura, peso, medalha) VALUES (60361, 1, 18, 334, 28.0, 156.0, 47.0, null);
INSERT INTO Atletas (id, nome, sexo) VALUES (60364, 'Kim Yong-Se', 'M');
INSERT INTO Participacao (atleta_id, time_id, olimpiada_id, modalidade_id, idade, altura, peso, medalha) VALUES (60364, 1, 6, 56, 28.0, 192.0, 84.0, null);
INSERT INTO Atletas (id, nome, sexo) VALUES (60365, 'Kim Yong-Sik', 'M');
INSERT INTO Participacao (atleta_id, time_id, olimpiada_id, modalidade_id, idade, altura, peso, medalha) VALUES (60365, 1, 8, 56, 38.0, 172.0, null, null);
INSERT INTO Atletas (id, nome, sexo) VALUES (60368, 'Kim Yong-Woon', 'M');
INSERT INTO Participacao (atleta_id, time_id, olimpiada_id, modalidade_id, idade, altura, peso, medalha) VALUES (60368, 1, 22, 225, 18.0, null, null, null);
INSERT INTO Participacao (atleta_id, time_id, olimpiada_id, modalidade_id, idade, altura, peso, medalha) VALUES (60368, 1, 22, 226, 18.0, null, null, null);
INSERT INTO Participacao (atleta_id, time_id, olimpiada_id, modalidade_id, idade, altura, peso, medalha) VALUES (60368, 1, 22, 227, 18.0, null, null, null);
INSERT INTO Atletas (id, nome, sexo) VALUES (60369, 'Kim Young-Ok', 'F');
INSERT INTO Participacao (atleta_id, time_id, olimpiada_id, modalidade_id, idade, altura, peso, medalha) VALUES (60369, 1, 22, 61, 21.0, null, null, null);
INSERT INTO Participacao (atleta_id, time_id, olimpiada_id, modalidade_id, idade, altura, peso, medalha) VALUES (60369, 1, 22, 60, 21.0, null, null, null);
INSERT INTO Modalidades (nome, esporte_id) VALUES ('Speed Skating Women''s 5,000 metres', 15);
INSERT INTO Participacao (atleta_id, time_id, olimpiada_id, modalidade_id, idade, altura, peso, medalha) VALUES (60369, 1, 22, 335, 21.0, null, null, null);
INSERT INTO Atletas (id, nome, sexo) VALUES (60370, 'Kim Yu-Gyeong', 'F');
INSERT INTO Participacao (atleta_id, time_id, olimpiada_id, modalidade_id, idade, altura, peso, medalha) VALUES (60370, 1, 12, 237, 16.0, null, null, null);
INSERT INTO Atletas (id, nome, sexo) VALUES (60371, 'Kim Yu-Hyeon', 'M');
INSERT INTO Participacao (atleta_id, time_id, olimpiada_id, modalidade_id, idade, altura, peso, medalha) VALUES (60371, 1, 6, 279, 27.0, 190.0, 95.0, null);
INSERT INTO Atletas (id, nome, sexo) VALUES (60372, 'Yu-Na Kim', 'F');
INSERT INTO Participacao (atleta_id, time_id, olimpiada_id, modalidade_id, idade, altura, peso, medalha) VALUES (60372, 1, 17, 87, 19.0, 165.0, 47.0, 'Gold');
INSERT INTO Participacao (atleta_id, time_id, olimpiada_id, modalidade_id, idade, altura, peso, medalha) VALUES (60372, 1, 27, 87, 23.0, 165.0, 47.0, 'Silver');
INSERT INTO Atletas (id, nome, sexo) VALUES (60373, 'Kim Yu-Rim', 'F');
INSERT INTO Participacao (atleta_id, time_id, olimpiada_id, modalidade_id, idade, altura, peso, medalha) VALUES (60373, 1, 20, 27, 16.0, 166.0, 57.0, null);
INSERT INTO Participacao (atleta_id, time_id, olimpiada_id, modalidade_id, idade, altura, peso, medalha) VALUES (60373, 1, 20, 100, 16.0, 166.0, 57.0, null);
INSERT INTO Participacao (atleta_id, time_id, olimpiada_id, modalidade_id, idade, altura, peso, medalha) VALUES (60373, 1, 17, 100, 20.0, 166.0, 57.0, null);
INSERT INTO Atletas (id, nome, sexo) VALUES (60374, 'Kim Yu-Seok', 'M');
INSERT INTO Participacao (atleta_id, time_id, olimpiada_id, modalidade_id, idade, altura, peso, medalha) VALUES (60374, 1, 18, 300, 22.0, 191.0, 84.0, null);
INSERT INTO Participacao (atleta_id, time_id, olimpiada_id, modalidade_id, idade, altura, peso, medalha) VALUES (60374, 1, 16, 300, 26.0, 191.0, 84.0, null);
INSERT INTO Participacao (atleta_id, time_id, olimpiada_id, modalidade_id, idade, altura, peso, medalha) VALUES (60374, 1, 24, 300, 30.0, 191.0, 84.0, null);
INSERT INTO Atletas (id, nome, sexo) VALUES (60375, 'Kim Yu-Taek', 'M');
INSERT INTO Participacao (atleta_id, time_id, olimpiada_id, modalidade_id, idade, altura, peso, medalha) VALUES (60375, 1, 6, 12, 24.0, 197.0, 78.0, null);
INSERT INTO Atletas (id, nome, sexo) VALUES (60376, 'Kim Yu-Yeon', 'F');
INSERT INTO Participacao (atleta_id, time_id, olimpiada_id, modalidade_id, idade, altura, peso, medalha) VALUES (60376, 1, 16, 187, 26.0, 153.0, 43.0, null);
INSERT INTO Atletas (id, nome, sexo) VALUES (60377, 'Kim Yu-Yeon', 'F');
INSERT INTO Participacao (atleta_id, time_id, olimpiada_id, modalidade_id, idade, altura, peso, medalha) VALUES (60377, 1, 16, 161, 17.0, 160.0, 54.0, null);
INSERT INTO Atletas (id, nome, sexo) VALUES (60378, 'Kim Yun', 'M');
INSERT INTO Participacao (atleta_id, time_id, olimpiada_id, modalidade_id, idade, altura, peso, medalha) VALUES (60378, 1, 14, 89, 22.0, 185.0, 83.0, null);
INSERT INTO Participacao (atleta_id, time_id, olimpiada_id, modalidade_id, idade, altura, peso, medalha) VALUES (60378, 1, 23, 89, 26.0, 185.0, 83.0, 'Silver');
INSERT INTO Atletas (id, nome, sexo) VALUES (60379, 'Kim Yun-Gi', 'M');
INSERT INTO Participacao (atleta_id, time_id, olimpiada_id, modalidade_id, idade, altura, peso, medalha) VALUES (60379, 1, 9, 22, null, null, null, null);
INSERT INTO Atletas (id, nome, sexo) VALUES (60380, 'Kim Yun-Ho', 'M');
INSERT INTO Participacao (atleta_id, time_id, olimpiada_id, modalidade_id, idade, altura, peso, medalha) VALUES (60380, 1, 6, 12, 25.0, 192.0, 82.0, null);
INSERT INTO Atletas (id, nome, sexo) VALUES (60381, 'Kim Yun-Hye', 'F');
INSERT INTO Participacao (atleta_id, time_id, olimpiada_id, modalidade_id, idade, altura, peso, medalha) VALUES (60381, 1, 6, 18, 21.0, 178.0, 67.0, null);
INSERT INTO Atletas (id, nome, sexo) VALUES (60382, 'Kim Yun-Jae', 'M');
INSERT INTO Participacao (atleta_id, time_id, olimpiada_id, modalidade_id, idade, altura, peso, medalha) VALUES (60382, 1, 27, 41, 23.0, 168.0, 61.0, null);
INSERT INTO Atletas (id, nome, sexo) VALUES (60383, 'Kim Yun-Man', 'M');
INSERT INTO Participacao (atleta_id, time_id, olimpiada_id, modalidade_id, idade, altura, peso, medalha) VALUES (60383, 1, 1, 53, 18.0, 174.0, 72.0, null);
INSERT INTO Participacao (atleta_id, time_id, olimpiada_id, modalidade_id, idade, altura, peso, medalha) VALUES (60383, 1, 1, 54, 18.0, 174.0, 72.0, 'Silver');
INSERT INTO Participacao (atleta_id, time_id, olimpiada_id, modalidade_id, idade, altura, peso, medalha) VALUES (60383, 1, 2, 53, 20.0, 174.0, 72.0, null);
INSERT INTO Participacao (atleta_id, time_id, olimpiada_id, modalidade_id, idade, altura, peso, medalha) VALUES (60383, 1, 2, 54, 20.0, 174.0, 72.0, null);
INSERT INTO Participacao (atleta_id, time_id, olimpiada_id, modalidade_id, idade, altura, peso, medalha) VALUES (60383, 1, 3, 53, 24.0, 174.0, 72.0, null);
INSERT INTO Participacao (atleta_id, time_id, olimpiada_id, modalidade_id, idade, altura, peso, medalha) VALUES (60383, 1, 3, 54, 24.0, 174.0, 72.0, null);
INSERT INTO Atletas (id, nome, sexo) VALUES (60384, 'Kim Yun-Mi', 'F');
INSERT INTO Participacao (atleta_id, time_id, olimpiada_id, modalidade_id, idade, altura, peso, medalha) VALUES (60384, 1, 2, 30, 13.0, 160.0, 48.0, 'Gold');
INSERT INTO Participacao (atleta_id, time_id, olimpiada_id, modalidade_id, idade, altura, peso, medalha) VALUES (60384, 1, 3, 120, 17.0, 160.0, 48.0, null);
INSERT INTO Participacao (atleta_id, time_id, olimpiada_id, modalidade_id, idade, altura, peso, medalha) VALUES (60384, 1, 3, 121, 17.0, 160.0, 48.0, null);
INSERT INTO Participacao (atleta_id, time_id, olimpiada_id, modalidade_id, idade, altura, peso, medalha) VALUES (60384, 1, 3, 30, 17.0, 160.0, 48.0, 'Gold');
INSERT INTO Atletas (id, nome, sexo) VALUES (60386, 'Kim Yun-Mi', 'F');
INSERT INTO Participacao (atleta_id, time_id, olimpiada_id, modalidade_id, idade, altura, peso, medalha) VALUES (60386, 1, 16, 35, 26.0, 158.0, 58.0, null);
INSERT INTO Atletas (id, nome, sexo) VALUES (60387, 'Kim Yun-Mi', 'F');
INSERT INTO Participacao (atleta_id, time_id, olimpiada_id, modalidade_id, idade, altura, peso, medalha) VALUES (60387, 1, 18, 21, 23.0, 168.0, 65.0, null);
INSERT INTO Atletas (id, nome, sexo) VALUES (61635, 'Ko Dong-Sik', 'M');
INSERT INTO Participacao (atleta_id, time_id, olimpiada_id, modalidade_id, idade, altura, peso, medalha) VALUES (61635, 1, 18, 89, 30.0, 187.0, 105.0, null);
INSERT INTO Participacao (atleta_id, time_id, olimpiada_id, modalidade_id, idade, altura, peso, medalha) VALUES (61635, 1, 16, 89, 34.0, 187.0, 105.0, null);
INSERT INTO Atletas (id, nome, sexo) VALUES (61643, 'Ko Young-Eun', 'F');
INSERT INTO Participacao (atleta_id, time_id, olimpiada_id, modalidade_id, idade, altura, peso, medalha) VALUES (61643, 1, 16, 256, 21.0, 174.0, 60.0, null);
INSERT INTO Atletas (id, nome, sexo) VALUES (62435, 'Kong Yun-Jin', 'F');
INSERT INTO Participacao (atleta_id, time_id, olimpiada_id, modalidade_id, idade, altura, peso, medalha) VALUES (62435, 1, 14, 45, 14.0, 157.0, 39.0, null);
INSERT INTO Participacao (atleta_id, time_id, olimpiada_id, modalidade_id, idade, altura, peso, medalha) VALUES (62435, 1, 14, 47, 14.0, 157.0, 39.0, null);
INSERT INTO Participacao (atleta_id, time_id, olimpiada_id, modalidade_id, idade, altura, peso, medalha) VALUES (62435, 1, 14, 48, 14.0, 157.0, 39.0, null);
INSERT INTO Participacao (atleta_id, time_id, olimpiada_id, modalidade_id, idade, altura, peso, medalha) VALUES (62435, 1, 14, 49, 14.0, 157.0, 39.0, null);
INSERT INTO Participacao (atleta_id, time_id, olimpiada_id, modalidade_id, idade, altura, peso, medalha) VALUES (62435, 1, 14, 50, 14.0, 157.0, 39.0, null);
INSERT INTO Atletas (id, nome, sexo) VALUES (64487, 'Ku Bon-Chan', 'M');
INSERT INTO Participacao (atleta_id, time_id, olimpiada_id, modalidade_id, idade, altura, peso, medalha) VALUES (64487, 1, 4, 153, 23.0, 181.0, 84.0, 'Gold');
INSERT INTO Participacao (atleta_id, time_id, olimpiada_id, modalidade_id, idade, altura, peso, medalha) VALUES (64487, 1, 4, 228, 23.0, 181.0, 84.0, 'Gold');
INSERT INTO Atletas (id, nome, sexo) VALUES (65467, 'Kwag Hye-Jeong', 'F');
INSERT INTO Participacao (atleta_id, time_id, olimpiada_id, modalidade_id, idade, altura, peso, medalha) VALUES (65467, 1, 14, 26, 21.0, 170.0, 65.0, 'Silver');
INSERT INTO Atletas (id, nome, sexo) VALUES (65468, 'Kwak Gwang-Ung', 'M');
INSERT INTO Participacao (atleta_id, time_id, olimpiada_id, modalidade_id, idade, altura, peso, medalha) VALUES (65468, 1, 11, 306, 20.0, 180.0, 90.0, null);
INSERT INTO Atletas (id, nome, sexo) VALUES (65470, 'Kwak Jung-Hye', 'F');
INSERT INTO Participacao (atleta_id, time_id, olimpiada_id, modalidade_id, idade, altura, peso, medalha) VALUES (65470, 1, 4, 35, 29.0, 164.0, 64.0, null);
INSERT INTO Atletas (id, nome, sexo) VALUES (65509, 'Kwon Chang-Hoon', 'M');
INSERT INTO Participacao (atleta_id, time_id, olimpiada_id, modalidade_id, idade, altura, peso, medalha) VALUES (65509, 1, 4, 56, 22.0, 174.0, 66.0, null);
INSERT INTO Atletas (id, nome, sexo) VALUES (65510, 'Kwon Jun-Cheol', 'M');
INSERT INTO Participacao (atleta_id, time_id, olimpiada_id, modalidade_id, idade, altura, peso, medalha) VALUES (65510, 1, 4, 58, 27.0, 178.0, 76.0, null);
INSERT INTO Atletas (id, nome, sexo) VALUES (65511, 'Kwon Sun-Pil', 'M');
INSERT INTO Participacao (atleta_id, time_id, olimpiada_id, modalidade_id, idade, altura, peso, medalha) VALUES (65511, 1, 6, 89, 21.0, 172.0, 69.0, null);
INSERT INTO Atletas (id, nome, sexo) VALUES (65514, 'Kwon Yeong-U', 'M');
INSERT INTO Participacao (atleta_id, time_id, olimpiada_id, modalidade_id, idade, altura, peso, medalha) VALUES (65514, 1, 18, 7, 23.0, 176.0, 81.0, null);
INSERT INTO Atletas (id, nome, sexo) VALUES (67778, 'Lee Bae-Yeong', 'M');
INSERT INTO Participacao (atleta_id, time_id, olimpiada_id, modalidade_id, idade, altura, peso, medalha) VALUES (67778, 1, 23, 288, 20.0, 162.0, 69.0, null);
INSERT INTO Participacao (atleta_id, time_id, olimpiada_id, modalidade_id, idade, altura, peso, medalha) VALUES (67778, 1, 18, 288, 24.0, 162.0, 69.0, 'Silver');
INSERT INTO Participacao (atleta_id, time_id, olimpiada_id, modalidade_id, idade, altura, peso, medalha) VALUES (67778, 1, 16, 288, 28.0, 162.0, 69.0, null);
INSERT INTO Atletas (id, nome, sexo) VALUES (67781, 'Lee Beom-Ju', 'M');
INSERT INTO Participacao (atleta_id, time_id, olimpiada_id, modalidade_id, idade, altura, peso, medalha) VALUES (67781, 1, 5, 72, 25.0, 178.0, 70.0, null);
INSERT INTO Atletas (id, nome, sexo) VALUES (67782, 'Lee Beom-Yeong', 'M');
INSERT INTO Participacao (atleta_id, time_id, olimpiada_id, modalidade_id, idade, altura, peso, medalha) VALUES (67782, 1, 24, 56, 23.0, 199.0, 94.0, 'Bronze');
INSERT INTO Atletas (id, nome, sexo) VALUES (67783, 'Lee Bo-Eun', 'F');
INSERT INTO Participacao (atleta_id, time_id, olimpiada_id, modalidade_id, idade, altura, peso, medalha) VALUES (67783, 1, 14, 231, 19.0, 172.0, 61.0, null);
INSERT INTO Participacao (atleta_id, time_id, olimpiada_id, modalidade_id, idade, altura, peso, medalha) VALUES (67783, 1, 14, 232, 19.0, 172.0, 61.0, null);
INSERT INTO Participacao (atleta_id, time_id, olimpiada_id, modalidade_id, idade, altura, peso, medalha) VALUES (67783, 1, 14, 277, 19.0, 172.0, 61.0, null);
INSERT INTO Participacao (atleta_id, time_id, olimpiada_id, modalidade_id, idade, altura, peso, medalha) VALUES (67783, 1, 14, 82, 19.0, 172.0, 61.0, null);
INSERT INTO Participacao (atleta_id, time_id, olimpiada_id, modalidade_id, idade, altura, peso, medalha) VALUES (67783, 1, 23, 31, 23.0, 172.0, 61.0, null);
INSERT INTO Participacao (atleta_id, time_id, olimpiada_id, modalidade_id, idade, altura, peso, medalha) VALUES (67783, 1, 23, 82, 23.0, 172.0, 61.0, null);
INSERT INTO Atletas (id, nome, sexo) VALUES (67784, 'Lee Bo-Na', 'F');
INSERT INTO Participacao (atleta_id, time_id, olimpiada_id, modalidade_id, idade, altura, peso, medalha) VALUES (67784, 1, 18, 184, 23.0, 168.0, 59.0, 'Bronze');
INSERT INTO Modalidades (nome, esporte_id) VALUES ('Shooting Women''s Double Trap', 3);
INSERT INTO Participacao (atleta_id, time_id, olimpiada_id, modalidade_id, idade, altura, peso, medalha) VALUES (67784, 1, 18, 336, 23.0, 168.0, 59.0, 'Silver');
INSERT INTO Participacao (atleta_id, time_id, olimpiada_id, modalidade_id, idade, altura, peso, medalha) VALUES (67784, 1, 16, 184, 27.0, 168.0, 59.0, null);
INSERT INTO Atletas (id, nome, sexo) VALUES (67785, 'Lee Bo-Ra', 'F');
INSERT INTO Participacao (atleta_id, time_id, olimpiada_id, modalidade_id, idade, altura, peso, medalha) VALUES (67785, 1, 20, 27, 19.0, 167.0, 55.0, null);
INSERT INTO Participacao (atleta_id, time_id, olimpiada_id, modalidade_id, idade, altura, peso, medalha) VALUES (67785, 1, 20, 100, 19.0, 167.0, 55.0, null);
INSERT INTO Participacao (atleta_id, time_id, olimpiada_id, modalidade_id, idade, altura, peso, medalha) VALUES (67785, 1, 17, 27, 23.0, 167.0, 55.0, null);
INSERT INTO Participacao (atleta_id, time_id, olimpiada_id, modalidade_id, idade, altura, peso, medalha) VALUES (67785, 1, 27, 27, 27.0, 167.0, 55.0, null);
INSERT INTO Participacao (atleta_id, time_id, olimpiada_id, modalidade_id, idade, altura, peso, medalha) VALUES (67785, 1, 27, 100, 27.0, 167.0, 55.0, null);
INSERT INTO Atletas (id, nome, sexo) VALUES (67786, 'Lee Bok-Hui', 'F');
INSERT INTO Participacao (atleta_id, time_id, olimpiada_id, modalidade_id, idade, altura, peso, medalha) VALUES (67786, 1, 18, 70, 25.0, 168.0, 63.0, null);
INSERT INTO Atletas (id, nome, sexo) VALUES (67787, 'Lee Bong-Ju', 'M');
INSERT INTO Participacao (atleta_id, time_id, olimpiada_id, modalidade_id, idade, altura, peso, medalha) VALUES (67787, 1, 14, 67, 27.0, 167.0, 56.0, 'Silver');
INSERT INTO Participacao (atleta_id, time_id, olimpiada_id, modalidade_id, idade, altura, peso, medalha) VALUES (67787, 1, 23, 67, 31.0, 167.0, 56.0, null);
INSERT INTO Participacao (atleta_id, time_id, olimpiada_id, modalidade_id, idade, altura, peso, medalha) VALUES (67787, 1, 18, 67, 35.0, 167.0, 56.0, null);
INSERT INTO Participacao (atleta_id, time_id, olimpiada_id, modalidade_id, idade, altura, peso, medalha) VALUES (67787, 1, 16, 67, 39.0, 167.0, 56.0, null);
INSERT INTO Atletas (id, nome, sexo) VALUES (67791, 'Lee Byeong-Gu', 'M');
INSERT INTO Participacao (atleta_id, time_id, olimpiada_id, modalidade_id, idade, altura, peso, medalha) VALUES (67791, 1, 7, 12, 22.0, 175.0, 68.0, null);
INSERT INTO Participacao (atleta_id, time_id, olimpiada_id, modalidade_id, idade, altura, peso, medalha) VALUES (67791, 1, 10, 12, 26.0, 175.0, 68.0, null);
INSERT INTO Atletas (id, nome, sexo) VALUES (67792, 'Lee Byeong-Gyu', 'M');
INSERT INTO Participacao (atleta_id, time_id, olimpiada_id, modalidade_id, idade, altura, peso, medalha) VALUES (67792, 1, 14, 20, 21.0, 185.0, 82.0, null);
INSERT INTO Participacao (atleta_id, time_id, olimpiada_id, modalidade_id, idade, altura, peso, medalha) VALUES (67792, 1, 23, 20, 25.0, 185.0, 82.0, 'Bronze');
INSERT INTO Atletas (id, nome, sexo) VALUES (67793, 'Lee Byeong-In', 'F');
INSERT INTO Participacao (atleta_id, time_id, olimpiada_id, modalidade_id, idade, altura, peso, medalha) VALUES (67793, 1, 6, 197, 20.0, 174.0, 69.0, null);
INSERT INTO Atletas (id, nome, sexo) VALUES (67794, 'Lee Byeong-Nam', 'M');
INSERT INTO Participacao (atleta_id, time_id, olimpiada_id, modalidade_id, idade, altura, peso, medalha) VALUES (67794, 1, 6, 198, 24.0, 175.0, 75.0, null);
INSERT INTO Participacao (atleta_id, time_id, olimpiada_id, modalidade_id, idade, altura, peso, medalha) VALUES (67794, 1, 6, 199, 24.0, 175.0, 75.0, null);
INSERT INTO Atletas (id, nome, sexo) VALUES (67795, 'Lee Byeong-Yong', 'M');
INSERT INTO Participacao (atleta_id, time_id, olimpiada_id, modalidade_id, idade, altura, peso, medalha) VALUES (67795, 1, 23, 72, 29.0, 197.0, 98.0, null);
INSERT INTO Atletas (id, nome, sexo) VALUES (67797, 'Lee Chae-On', 'M');
INSERT INTO Participacao (atleta_id, time_id, olimpiada_id, modalidade_id, idade, altura, peso, medalha) VALUES (67797, 1, 6, 72, 25.0, 188.0, 84.0, null);
INSERT INTO Atletas (id, nome, sexo) VALUES (67798, 'Lee Chae-Won', 'F');
INSERT INTO Modalidades (nome, esporte_id) VALUES ('Cross Country Skiing Women''s Sprint', 1);
INSERT INTO Participacao (atleta_id, time_id, olimpiada_id, modalidade_id, idade, altura, peso, medalha) VALUES (67798, 1, 19, 337, 20.0, 154.0, 49.0, null);
INSERT INTO Modalidades (nome, esporte_id) VALUES ('Cross Country Skiing Women''s 10 kilometres', 1);
INSERT INTO Participacao (atleta_id, time_id, olimpiada_id, modalidade_id, idade, altura, peso, medalha) VALUES (67798, 1, 19, 338, 20.0, 154.0, 49.0, null);
INSERT INTO Modalidades (nome, esporte_id) VALUES ('Cross Country Skiing Women''s 15 kilometres', 1);
INSERT INTO Participacao (atleta_id, time_id, olimpiada_id, modalidade_id, idade, altura, peso, medalha) VALUES (67798, 1, 19, 339, 20.0, 154.0, 49.0, null);
INSERT INTO Modalidades (nome, esporte_id) VALUES ('Cross Country Skiing Women''s 5/5 kilometres Pursuit', 1);
INSERT INTO Participacao (atleta_id, time_id, olimpiada_id, modalidade_id, idade, altura, peso, medalha) VALUES (67798, 1, 19, 340, 20.0, 154.0, 49.0, null);
INSERT INTO Participacao (atleta_id, time_id, olimpiada_id, modalidade_id, idade, altura, peso, medalha) VALUES (67798, 1, 20, 337, 24.0, 154.0, 49.0, null);
INSERT INTO Participacao (atleta_id, time_id, olimpiada_id, modalidade_id, idade, altura, peso, medalha) VALUES (67798, 1, 20, 338, 24.0, 154.0, 49.0, null);
INSERT INTO Modalidades (nome, esporte_id) VALUES ('Cross Country Skiing Women''s 30 kilometres', 1);
INSERT INTO Participacao (atleta_id, time_id, olimpiada_id, modalidade_id, idade, altura, peso, medalha) VALUES (67798, 1, 20, 341, 24.0, 154.0, 49.0, null);
INSERT INTO Modalidades (nome, esporte_id) VALUES ('Cross Country Skiing Women''s 15 km Skiathlon', 1);
INSERT INTO Participacao (atleta_id, time_id, olimpiada_id, modalidade_id, idade, altura, peso, medalha) VALUES (67798, 1, 20, 342, 24.0, 154.0, 49.0, null);
INSERT INTO Participacao (atleta_id, time_id, olimpiada_id, modalidade_id, idade, altura, peso, medalha) VALUES (67798, 1, 17, 338, 28.0, 154.0, 49.0, null);
INSERT INTO Participacao (atleta_id, time_id, olimpiada_id, modalidade_id, idade, altura, peso, medalha) VALUES (67798, 1, 17, 342, 28.0, 154.0, 49.0, null);
INSERT INTO Participacao (atleta_id, time_id, olimpiada_id, modalidade_id, idade, altura, peso, medalha) VALUES (67798, 1, 27, 338, 32.0, 154.0, 49.0, null);
INSERT INTO Participacao (atleta_id, time_id, olimpiada_id, modalidade_id, idade, altura, peso, medalha) VALUES (67798, 1, 27, 341, 32.0, 154.0, 49.0, null);
INSERT INTO Participacao (atleta_id, time_id, olimpiada_id, modalidade_id, idade, altura, peso, medalha) VALUES (67798, 1, 27, 342, 32.0, 154.0, 49.0, null);
INSERT INTO Atletas (id, nome, sexo) VALUES (67800, 'Lee Chan-Dong', 'M');
INSERT INTO Participacao (atleta_id, time_id, olimpiada_id, modalidade_id, idade, altura, peso, medalha) VALUES (67800, 1, 4, 56, 23.0, 183.0, 83.0, null);
INSERT INTO Atletas (id, nome, sexo) VALUES (67801, 'Lee Chang-Gil', 'M');
INSERT INTO Participacao (atleta_id, time_id, olimpiada_id, modalidade_id, idade, altura, peso, medalha) VALUES (67801, 1, 10, 63, 19.0, 177.0, 60.0, null);
INSERT INTO Atletas (id, nome, sexo) VALUES (67802, 'Lee Chang-Ha', 'F');
INSERT INTO Participacao (atleta_id, time_id, olimpiada_id, modalidade_id, idade, altura, peso, medalha) VALUES (67802, 1, 12, 161, 15.0, null, null, null);
INSERT INTO Participacao (atleta_id, time_id, olimpiada_id, modalidade_id, idade, altura, peso, medalha) VALUES (67802, 1, 12, 151, 15.0, null, null, null);
INSERT INTO Participacao (atleta_id, time_id, olimpiada_id, modalidade_id, idade, altura, peso, medalha) VALUES (67802, 1, 14, 151, 19.0, null, null, null);
INSERT INTO Atletas (id, nome, sexo) VALUES (67803, 'Lee Chang-Hun', 'M');
INSERT INTO Participacao (atleta_id, time_id, olimpiada_id, modalidade_id, idade, altura, peso, medalha) VALUES (67803, 1, 9, 67, 21.0, 170.0, 62.0, null);
INSERT INTO Participacao (atleta_id, time_id, olimpiada_id, modalidade_id, idade, altura, peso, medalha) VALUES (67803, 1, 15, 67, 25.0, 170.0, 62.0, null);
INSERT INTO Atletas (id, nome, sexo) VALUES (67804, 'Lee Chang-Hwan', 'M');
INSERT INTO Participacao (atleta_id, time_id, olimpiada_id, modalidade_id, idade, altura, peso, medalha) VALUES (67804, 1, 16, 153, 26.0, 178.0, 78.0, null);
INSERT INTO Participacao (atleta_id, time_id, olimpiada_id, modalidade_id, idade, altura, peso, medalha) VALUES (67804, 1, 16, 228, 26.0, 178.0, 78.0, 'Gold');
INSERT INTO Atletas (id, nome, sexo) VALUES (67805, 'Lee Chang-Min', 'M');
INSERT INTO Participacao (atleta_id, time_id, olimpiada_id, modalidade_id, idade, altura, peso, medalha) VALUES (67805, 1, 4, 56, 22.0, 178.0, 74.0, null);
INSERT INTO Atletas (id, nome, sexo) VALUES (67806, 'Lee Chang-Seon', 'M');
INSERT INTO Participacao (atleta_id, time_id, olimpiada_id, modalidade_id, idade, altura, peso, medalha) VALUES (67806, 1, 13, 7, 20.0, 168.0, 70.0, null);
INSERT INTO Atletas (id, nome, sexo) VALUES (67807, 'Lee Chang-Wu', 'M');
INSERT INTO Participacao (atleta_id, time_id, olimpiada_id, modalidade_id, idade, altura, peso, medalha) VALUES (67807, 1, 18, 28, 21.0, 187.0, 87.0, null);
INSERT INTO Participacao (atleta_id, time_id, olimpiada_id, modalidade_id, idade, altura, peso, medalha) VALUES (67807, 1, 24, 28, 29.0, 187.0, 87.0, null);
INSERT INTO Atletas (id, nome, sexo) VALUES (67808, 'Lee Chang-Yong', 'M');
INSERT INTO Participacao (atleta_id, time_id, olimpiada_id, modalidade_id, idade, altura, peso, medalha) VALUES (67808, 1, 19, 178, 16.0, 174.0, 60.0, null);
INSERT INTO Atletas (id, nome, sexo) VALUES (67813, 'Lee Cheol-Seung', 'M');
INSERT INTO Participacao (atleta_id, time_id, olimpiada_id, modalidade_id, idade, altura, peso, medalha) VALUES (67813, 1, 14, 182, 24.0, 172.0, 64.0, null);
INSERT INTO Participacao (atleta_id, time_id, olimpiada_id, modalidade_id, idade, altura, peso, medalha) VALUES (67813, 1, 23, 182, 28.0, 172.0, 64.0, null);
INSERT INTO Atletas (id, nome, sexo) VALUES (67814, 'Lee Cheon-Su', 'M');
INSERT INTO Participacao (atleta_id, time_id, olimpiada_id, modalidade_id, idade, altura, peso, medalha) VALUES (67814, 1, 23, 56, 19.0, 175.0, 65.0, null);
INSERT INTO Participacao (atleta_id, time_id, olimpiada_id, modalidade_id, idade, altura, peso, medalha) VALUES (67814, 1, 18, 56, 23.0, 175.0, 65.0, null);
INSERT INTO Atletas (id, nome, sexo) VALUES (67819, 'Lee Chong-Hui', 'M');
INSERT INTO Participacao (atleta_id, time_id, olimpiada_id, modalidade_id, idade, altura, peso, medalha) VALUES (67819, 1, 6, 12, 28.0, 182.0, 74.0, null);
INSERT INTO Atletas (id, nome, sexo) VALUES (67820, 'Lee Chuen-Gun', 'M');
INSERT INTO Modalidades (nome, esporte_id) VALUES ('Figure Skating Mixed Ice Dancing', 25);
INSERT INTO Participacao (atleta_id, time_id, olimpiada_id, modalidade_id, idade, altura, peso, medalha) VALUES (67820, 1, 19, 343, 21.0, 177.0, 64.0, null);
INSERT INTO Atletas (id, nome, sexo) VALUES (67821, 'Lee Chun-Heon', 'M');
INSERT INTO Participacao (atleta_id, time_id, olimpiada_id, modalidade_id, idade, altura, peso, medalha) VALUES (67821, 1, 18, 126, 24.0, 184.0, 75.0, null);
INSERT INTO Participacao (atleta_id, time_id, olimpiada_id, modalidade_id, idade, altura, peso, medalha) VALUES (67821, 1, 16, 126, 28.0, 184.0, 75.0, null);
INSERT INTO Atletas (id, nome, sexo) VALUES (67822, 'Lee Chun-Pyo', 'M');
INSERT INTO Participacao (atleta_id, time_id, olimpiada_id, modalidade_id, idade, altura, peso, medalha) VALUES (67822, 1, 13, 72, 25.0, 184.0, 82.0, null);
INSERT INTO Atletas (id, nome, sexo) VALUES (67823, 'Lee Chun-Sik', 'M');
INSERT INTO Participacao (atleta_id, time_id, olimpiada_id, modalidade_id, idade, altura, peso, medalha) VALUES (67823, 1, 10, 110, 23.0, 170.0, 78.0, null);
INSERT INTO Atletas (id, nome, sexo) VALUES (67825, 'Lee Chung-Hui', 'M');
INSERT INTO Participacao (atleta_id, time_id, olimpiada_id, modalidade_id, idade, altura, peso, medalha) VALUES (67825, 1, 18, 321, 23.0, 190.0, 85.0, null);
INSERT INTO Participacao (atleta_id, time_id, olimpiada_id, modalidade_id, idade, altura, peso, medalha) VALUES (67825, 1, 18, 193, 23.0, 190.0, 85.0, null);
INSERT INTO Atletas (id, nome, sexo) VALUES (67827, 'Lee Chung-Yong', 'M');
INSERT INTO Participacao (atleta_id, time_id, olimpiada_id, modalidade_id, idade, altura, peso, medalha) VALUES (67827, 1, 16, 56, 20.0, 180.0, 61.0, null);
INSERT INTO Atletas (id, nome, sexo) VALUES (67828, 'Lee Da-Hye', 'F');
INSERT INTO Participacao (atleta_id, time_id, olimpiada_id, modalidade_id, idade, altura, peso, medalha) VALUES (67828, 1, 18, 151, 17.0, 170.0, 52.0, null);
INSERT INTO Atletas (id, nome, sexo) VALUES (67829, 'Lee Da-Seul', 'F');
INSERT INTO Participacao (atleta_id, time_id, olimpiada_id, modalidade_id, idade, altura, peso, medalha) VALUES (67829, 1, 4, 270, 19.0, 159.0, 47.0, null);
INSERT INTO Atletas (id, nome, sexo) VALUES (67830, 'Lee Dae-Ho', 'M');
INSERT INTO Participacao (atleta_id, time_id, olimpiada_id, modalidade_id, idade, altura, peso, medalha) VALUES (67830, 1, 16, 20, 26.0, 192.0, 120.0, 'Gold');
INSERT INTO Atletas (id, nome, sexo) VALUES (67831, 'Lee Dae-Hun', 'M');
INSERT INTO Participacao (atleta_id, time_id, olimpiada_id, modalidade_id, idade, altura, peso, medalha) VALUES (67831, 1, 24, 331, 20.0, 183.0, 70.0, 'Silver');
INSERT INTO Modalidades (nome, esporte_id) VALUES ('Taekwondo Men''s Featherweight', 44);
INSERT INTO Participacao (atleta_id, time_id, olimpiada_id, modalidade_id, idade, altura, peso, medalha) VALUES (67831, 1, 4, 344, 24.0, 183.0, 70.0, 'Bronze');
INSERT INTO Atletas (id, nome, sexo) VALUES (67832, 'Lee Dae-Myeong', 'M');
INSERT INTO Participacao (atleta_id, time_id, olimpiada_id, modalidade_id, idade, altura, peso, medalha) VALUES (67832, 1, 16, 157, 19.0, 182.0, 78.0, null);
INSERT INTO Participacao (atleta_id, time_id, olimpiada_id, modalidade_id, idade, altura, peso, medalha) VALUES (67832, 1, 16, 22, 19.0, 182.0, 78.0, null);
INSERT INTO Participacao (atleta_id, time_id, olimpiada_id, modalidade_id, idade, altura, peso, medalha) VALUES (67832, 1, 4, 157, 27.0, 182.0, 78.0, null);
INSERT INTO Atletas (id, nome, sexo) VALUES (67833, 'Lee Dae-Ro', 'M');
INSERT INTO Participacao (atleta_id, time_id, olimpiada_id, modalidade_id, idade, altura, peso, medalha) VALUES (67833, 1, 18, 84, 24.0, 170.0, 58.0, null);
INSERT INTO Atletas (id, nome, sexo) VALUES (67840, 'Lee Deok-Bun', 'F');
INSERT INTO Participacao (atleta_id, time_id, olimpiada_id, modalidade_id, idade, altura, peso, medalha) VALUES (67840, 1, 7, 45, 18.0, 149.0, 49.0, null);
INSERT INTO Participacao (atleta_id, time_id, olimpiada_id, modalidade_id, idade, altura, peso, medalha) VALUES (67840, 1, 7, 47, 18.0, 149.0, 49.0, null);
INSERT INTO Participacao (atleta_id, time_id, olimpiada_id, modalidade_id, idade, altura, peso, medalha) VALUES (67840, 1, 7, 48, 18.0, 149.0, 49.0, null);
INSERT INTO Participacao (atleta_id, time_id, olimpiada_id, modalidade_id, idade, altura, peso, medalha) VALUES (67840, 1, 7, 49, 18.0, 149.0, 49.0, null);
INSERT INTO Participacao (atleta_id, time_id, olimpiada_id, modalidade_id, idade, altura, peso, medalha) VALUES (67840, 1, 7, 50, 18.0, 149.0, 49.0, null);
INSERT INTO Atletas (id, nome, sexo) VALUES (67841, 'Lee Do-Hui', 'F');
INSERT INTO Participacao (atleta_id, time_id, olimpiada_id, modalidade_id, idade, altura, peso, medalha) VALUES (67841, 1, 6, 148, 17.0, 165.0, 61.0, null);
INSERT INTO Participacao (atleta_id, time_id, olimpiada_id, modalidade_id, idade, altura, peso, medalha) VALUES (67841, 1, 6, 149, 17.0, 165.0, 61.0, null);
INSERT INTO Atletas (id, nome, sexo) VALUES (67842, 'Lee Dong-Guk', 'M');
INSERT INTO Participacao (atleta_id, time_id, olimpiada_id, modalidade_id, idade, altura, peso, medalha) VALUES (67842, 1, 23, 56, 21.0, 185.0, 80.0, null);
INSERT INTO Atletas (id, nome, sexo) VALUES (67843, 'Lee Dong-Keun', 'M');
INSERT INTO Participacao (atleta_id, time_id, olimpiada_id, modalidade_id, idade, altura, peso, medalha) VALUES (67843, 1, 4, 245, 25.0, 183.0, 78.0, null);
INSERT INTO Atletas (id, nome, sexo) VALUES (67844, 'Lee Dong-Su', 'M');
INSERT INTO Modalidades (nome, esporte_id) VALUES ('Badminton Men''s Doubles', 22);
INSERT INTO Participacao (atleta_id, time_id, olimpiada_id, modalidade_id, idade, altura, peso, medalha) VALUES (67844, 1, 18, 345, 30.0, 182.0, 73.0, 'Silver');
INSERT INTO Atletas (id, nome, sexo) VALUES (67845, 'Lee Dong-Uk', 'M');
INSERT INTO Participacao (atleta_id, time_id, olimpiada_id, modalidade_id, idade, altura, peso, medalha) VALUES (67845, 1, 14, 20, 22.0, null, null, null);
INSERT INTO Atletas (id, nome, sexo) VALUES (67847, 'Lee Du-Haeng', 'M');
INSERT INTO Participacao (atleta_id, time_id, olimpiada_id, modalidade_id, idade, altura, peso, medalha) VALUES (67847, 1, 24, 67, 30.0, 180.0, 64.0, null);
INSERT INTO Atletas (id, nome, sexo) VALUES (67848, 'Lee Du-Yeon', 'M');
INSERT INTO Participacao (atleta_id, time_id, olimpiada_id, modalidade_id, idade, altura, peso, medalha) VALUES (67848, 1, 23, 242, 25.0, 182.0, 72.0, null);
INSERT INTO Atletas (id, nome, sexo) VALUES (67850, 'Lee Eon-Ju', 'F');
INSERT INTO Participacao (atleta_id, time_id, olimpiada_id, modalidade_id, idade, altura, peso, medalha) VALUES (67850, 1, 23, 33, 23.0, 174.0, 60.0, null);
INSERT INTO Atletas (id, nome, sexo) VALUES (67852, 'Lee Eun-Bi', 'F');
INSERT INTO Participacao (atleta_id, time_id, olimpiada_id, modalidade_id, idade, altura, peso, medalha) VALUES (67852, 1, 24, 26, 21.0, 163.0, 58.0, null);
INSERT INTO Participacao (atleta_id, time_id, olimpiada_id, modalidade_id, idade, altura, peso, medalha) VALUES (67852, 1, 4, 26, 25.0, 163.0, 58.0, null);
INSERT INTO Atletas (id, nome, sexo) VALUES (67853, 'Lee Eun-Byeol', 'F');
INSERT INTO Participacao (atleta_id, time_id, olimpiada_id, modalidade_id, idade, altura, peso, medalha) VALUES (67853, 1, 17, 120, 18.0, 154.0, 46.0, null);
INSERT INTO Participacao (atleta_id, time_id, olimpiada_id, modalidade_id, idade, altura, peso, medalha) VALUES (67853, 1, 17, 79, 18.0, 154.0, 46.0, 'Silver');
INSERT INTO Participacao (atleta_id, time_id, olimpiada_id, modalidade_id, idade, altura, peso, medalha) VALUES (67853, 1, 17, 30, 18.0, 154.0, 46.0, null);
INSERT INTO Atletas (id, nome, sexo) VALUES (67854, 'Lee Eun-Cheol', 'M');
INSERT INTO Participacao (atleta_id, time_id, olimpiada_id, modalidade_id, idade, altura, peso, medalha) VALUES (67854, 1, 5, 57, 17.0, 178.0, 65.0, null);
INSERT INTO Participacao (atleta_id, time_id, olimpiada_id, modalidade_id, idade, altura, peso, medalha) VALUES (67854, 1, 6, 8, 21.0, 178.0, 65.0, null);
INSERT INTO Participacao (atleta_id, time_id, olimpiada_id, modalidade_id, idade, altura, peso, medalha) VALUES (67854, 1, 6, 57, 21.0, 178.0, 65.0, null);
INSERT INTO Participacao (atleta_id, time_id, olimpiada_id, modalidade_id, idade, altura, peso, medalha) VALUES (67854, 1, 12, 57, 25.0, 178.0, 65.0, null);
INSERT INTO Participacao (atleta_id, time_id, olimpiada_id, modalidade_id, idade, altura, peso, medalha) VALUES (67854, 1, 12, 58, 25.0, 178.0, 65.0, 'Gold');
INSERT INTO Participacao (atleta_id, time_id, olimpiada_id, modalidade_id, idade, altura, peso, medalha) VALUES (67854, 1, 14, 8, 29.0, 178.0, 65.0, null);
INSERT INTO Participacao (atleta_id, time_id, olimpiada_id, modalidade_id, idade, altura, peso, medalha) VALUES (67854, 1, 14, 57, 29.0, 178.0, 65.0, null);
INSERT INTO Participacao (atleta_id, time_id, olimpiada_id, modalidade_id, idade, altura, peso, medalha) VALUES (67854, 1, 14, 58, 29.0, 178.0, 65.0, null);
INSERT INTO Participacao (atleta_id, time_id, olimpiada_id, modalidade_id, idade, altura, peso, medalha) VALUES (67854, 1, 23, 8, 33.0, 178.0, 65.0, null);
INSERT INTO Participacao (atleta_id, time_id, olimpiada_id, modalidade_id, idade, altura, peso, medalha) VALUES (67854, 1, 23, 57, 33.0, 178.0, 65.0, null);
INSERT INTO Participacao (atleta_id, time_id, olimpiada_id, modalidade_id, idade, altura, peso, medalha) VALUES (67854, 1, 23, 58, 33.0, 178.0, 65.0, null);
INSERT INTO Atletas (id, nome, sexo) VALUES (67855, 'Lee Eun-Gyeong', 'F');
INSERT INTO Participacao (atleta_id, time_id, olimpiada_id, modalidade_id, idade, altura, peso, medalha) VALUES (67855, 1, 12, 98, 20.0, null, null, null);
INSERT INTO Participacao (atleta_id, time_id, olimpiada_id, modalidade_id, idade, altura, peso, medalha) VALUES (67855, 1, 12, 99, 20.0, null, null, 'Gold');
INSERT INTO Atletas (id, nome, sexo) VALUES (67856, 'Lee Eun-Gyeong', 'F');
INSERT INTO Participacao (atleta_id, time_id, olimpiada_id, modalidade_id, idade, altura, peso, medalha) VALUES (67856, 1, 12, 21, 19.0, null, null, null);
INSERT INTO Participacao (atleta_id, time_id, olimpiada_id, modalidade_id, idade, altura, peso, medalha) VALUES (67856, 1, 14, 21, 23.0, null, null, 'Silver');
INSERT INTO Atletas (id, nome, sexo) VALUES (67857, 'Lee Eun-Gyeong', 'F');
INSERT INTO Participacao (atleta_id, time_id, olimpiada_id, modalidade_id, idade, altura, peso, medalha) VALUES (67857, 1, 5, 18, 23.0, 174.0, 62.0, null);
INSERT INTO Atletas (id, nome, sexo) VALUES (67858, 'Lee Eun-Hee', 'F');
INSERT INTO Participacao (atleta_id, time_id, olimpiada_id, modalidade_id, idade, altura, peso, medalha) VALUES (67858, 1, 1, 87, 16.0, null, null, null);
INSERT INTO Atletas (id, nome, sexo) VALUES (67859, 'Lee Eun-Hui', 'F');
INSERT INTO Participacao (atleta_id, time_id, olimpiada_id, modalidade_id, idade, altura, peso, medalha) VALUES (67859, 1, 18, 248, 25.0, 165.0, 52.0, null);
INSERT INTO Atletas (id, nome, sexo) VALUES (67860, 'Lee Eun-Jeong', 'F');
INSERT INTO Participacao (atleta_id, time_id, olimpiada_id, modalidade_id, idade, altura, peso, medalha) VALUES (67860, 1, 18, 34, 23.0, 165.0, 49.0, null);
INSERT INTO Participacao (atleta_id, time_id, olimpiada_id, modalidade_id, idade, altura, peso, medalha) VALUES (67860, 1, 16, 34, 27.0, 165.0, 49.0, null);
INSERT INTO Atletas (id, nome, sexo) VALUES (67861, 'Lee Eun-Ji', 'F');
INSERT INTO Modalidades (nome, esporte_id) VALUES ('Cycling Women''s Team Sprint', 5);
INSERT INTO Participacao (atleta_id, time_id, olimpiada_id, modalidade_id, idade, altura, peso, medalha) VALUES (67861, 1, 24, 346, 22.0, 165.0, 63.0, null);
INSERT INTO Atletas (id, nome, sexo) VALUES (67862, 'Lee Eun-Ju', 'F');
INSERT INTO Participacao (atleta_id, time_id, olimpiada_id, modalidade_id, idade, altura, peso, medalha) VALUES (67862, 1, 4, 45, 17.0, 148.0, null, null);
INSERT INTO Participacao (atleta_id, time_id, olimpiada_id, modalidade_id, idade, altura, peso, medalha) VALUES (67862, 1, 4, 47, 17.0, 148.0, null, null);
INSERT INTO Participacao (atleta_id, time_id, olimpiada_id, modalidade_id, idade, altura, peso, medalha) VALUES (67862, 1, 4, 49, 17.0, 148.0, null, null);
INSERT INTO Participacao (atleta_id, time_id, olimpiada_id, modalidade_id, idade, altura, peso, medalha) VALUES (67862, 1, 4, 50, 17.0, 148.0, null, null);
INSERT INTO Atletas (id, nome, sexo) VALUES (67863, 'Lee Eun-Ju', 'F');
INSERT INTO Participacao (atleta_id, time_id, olimpiada_id, modalidade_id, idade, altura, peso, medalha) VALUES (67863, 1, 12, 117, 22.0, null, null, null);
INSERT INTO Atletas (id, nome, sexo) VALUES (67864, 'Lee Eun-Ok', 'F');
INSERT INTO Participacao (atleta_id, time_id, olimpiada_id, modalidade_id, idade, altura, peso, medalha) VALUES (67864, 1, 10, 18, 20.0, 172.0, 68.0, null);
INSERT INTO Atletas (id, nome, sexo) VALUES (67865, 'Lee Eun-Sil', 'F');
INSERT INTO Participacao (atleta_id, time_id, olimpiada_id, modalidade_id, idade, altura, peso, medalha) VALUES (67865, 1, 23, 166, 23.0, 167.0, 55.0, null);
INSERT INTO Participacao (atleta_id, time_id, olimpiada_id, modalidade_id, idade, altura, peso, medalha) VALUES (67865, 1, 18, 166, 27.0, 167.0, 55.0, null);
INSERT INTO Atletas (id, nome, sexo) VALUES (67866, 'Lee Eun-Yeong', 'F');
INSERT INTO Participacao (atleta_id, time_id, olimpiada_id, modalidade_id, idade, altura, peso, medalha) VALUES (67866, 1, 14, 21, 22.0, 164.0, 56.0, 'Silver');
INSERT INTO Participacao (atleta_id, time_id, olimpiada_id, modalidade_id, idade, altura, peso, medalha) VALUES (67866, 1, 23, 21, 26.0, 164.0, 56.0, null);
INSERT INTO Atletas (id, nome, sexo) VALUES (67870, 'Lee Gang-Seok', 'M');
INSERT INTO Participacao (atleta_id, time_id, olimpiada_id, modalidade_id, idade, altura, peso, medalha) VALUES (67870, 1, 6, 63, 21.0, 168.0, 60.0, null);
INSERT INTO Atletas (id, nome, sexo) VALUES (67871, 'Lee Gang-Seok', 'M');
INSERT INTO Modalidades (nome, esporte_id) VALUES ('Weightlifting Men''s Light-Heavyweight', 19);
INSERT INTO Participacao (atleta_id, time_id, olimpiada_id, modalidade_id, idade, altura, peso, medalha) VALUES (67871, 1, 5, 347, 24.0, 172.0, 83.0, null);
INSERT INTO Atletas (id, nome, sexo) VALUES (67872, 'Lee Gang-Seok', 'M');
INSERT INTO Participacao (atleta_id, time_id, olimpiada_id, modalidade_id, idade, altura, peso, medalha) VALUES (67872, 1, 20, 53, 20.0, 176.0, 77.0, 'Bronze');
INSERT INTO Participacao (atleta_id, time_id, olimpiada_id, modalidade_id, idade, altura, peso, medalha) VALUES (67872, 1, 20, 54, 20.0, 176.0, 77.0, null);
INSERT INTO Participacao (atleta_id, time_id, olimpiada_id, modalidade_id, idade, altura, peso, medalha) VALUES (67872, 1, 17, 53, 24.0, 176.0, 77.0, null);
INSERT INTO Participacao (atleta_id, time_id, olimpiada_id, modalidade_id, idade, altura, peso, medalha) VALUES (67872, 1, 27, 53, 28.0, 176.0, 77.0, null);
INSERT INTO Atletas (id, nome, sexo) VALUES (67876, 'Lee Geum-Nam', 'F');
INSERT INTO Participacao (atleta_id, time_id, olimpiada_id, modalidade_id, idade, altura, peso, medalha) VALUES (67876, 1, 14, 136, 19.0, 163.0, 58.0, null);
INSERT INTO Participacao (atleta_id, time_id, olimpiada_id, modalidade_id, idade, altura, peso, medalha) VALUES (67876, 1, 14, 122, 19.0, 163.0, 58.0, null);
INSERT INTO Participacao (atleta_id, time_id, olimpiada_id, modalidade_id, idade, altura, peso, medalha) VALUES (67876, 1, 18, 136, 27.0, 163.0, 58.0, null);
INSERT INTO Participacao (atleta_id, time_id, olimpiada_id, modalidade_id, idade, altura, peso, medalha) VALUES (67876, 1, 18, 122, 27.0, 163.0, 58.0, null);
INSERT INTO Atletas (id, nome, sexo) VALUES (67877, 'Lee Geum-Taek', 'M');
INSERT INTO Participacao (atleta_id, time_id, olimpiada_id, modalidade_id, idade, altura, peso, medalha) VALUES (67877, 1, 7, 15, 22.0, 173.0, 71.0, null);
INSERT INTO Atletas (id, nome, sexo) VALUES (67878, 'Lee Geun-Su', 'F');
INSERT INTO Participacao (atleta_id, time_id, olimpiada_id, modalidade_id, idade, altura, peso, medalha) VALUES (67878, 1, 7, 18, 18.0, 167.0, 53.0, null);
INSERT INTO Atletas (id, nome, sexo) VALUES (67879, 'Lee Gi-Ho', 'M');
INSERT INTO Participacao (atleta_id, time_id, olimpiada_id, modalidade_id, idade, altura, peso, medalha) VALUES (67879, 1, 17, 54, 25.0, 182.0, 74.0, null);
INSERT INTO Atletas (id, nome, sexo) VALUES (67880, 'Lee Gi-Ho', 'M');
INSERT INTO Participacao (atleta_id, time_id, olimpiada_id, modalidade_id, idade, altura, peso, medalha) VALUES (67880, 1, 12, 28, 22.0, null, null, null);
INSERT INTO Atletas (id, nome, sexo) VALUES (67881, 'Lee Gi-Hyeong', 'M');
INSERT INTO Participacao (atleta_id, time_id, olimpiada_id, modalidade_id, idade, altura, peso, medalha) VALUES (67881, 1, 14, 56, 21.0, 181.0, 70.0, null);
INSERT INTO Atletas (id, nome, sexo) VALUES (67882, 'Lee Gi-Ro', 'M');
INSERT INTO Participacao (atleta_id, time_id, olimpiada_id, modalidade_id, idade, altura, peso, medalha) VALUES (67882, 1, 3, 178, 22.0, 175.0, 68.0, null);
INSERT INTO Atletas (id, nome, sexo) VALUES (67883, 'Lee Gi-Sun', 'F');
INSERT INTO Participacao (atleta_id, time_id, olimpiada_id, modalidade_id, idade, altura, peso, medalha) VALUES (67883, 1, 6, 26, 22.0, 169.0, 63.0, 'Gold');
INSERT INTO Atletas (id, nome, sexo) VALUES (67884, 'Lee Gi-Yeol', 'M');
INSERT INTO Participacao (atleta_id, time_id, olimpiada_id, modalidade_id, idade, altura, peso, medalha) VALUES (67884, 1, 7, 118, 24.0, 179.0, 85.0, null);
INSERT INTO Atletas (id, nome, sexo) VALUES (67885, 'Lee Gong-Ju', 'F');
INSERT INTO Participacao (atleta_id, time_id, olimpiada_id, modalidade_id, idade, altura, peso, medalha) VALUES (67885, 1, 18, 26, 24.0, 163.0, 50.0, 'Silver');
INSERT INTO Atletas (id, nome, sexo) VALUES (67886, 'Lee Gwang-Gi', 'M');
INSERT INTO Participacao (atleta_id, time_id, olimpiada_id, modalidade_id, idade, altura, peso, medalha) VALUES (67886, 1, 27, 309, 20.0, 171.0, 63.0, null);
INSERT INTO Atletas (id, nome, sexo) VALUES (67887, 'Lee Gwang-Ik', 'M');
INSERT INTO Modalidades (nome, esporte_id) VALUES ('Athletics Men''s Decathlon', 18);
INSERT INTO Participacao (atleta_id, time_id, olimpiada_id, modalidade_id, idade, altura, peso, medalha) VALUES (67887, 1, 6, 348, 19.0, 181.0, 80.0, null);
INSERT INTO Atletas (id, nome, sexo) VALUES (67888, 'Lee Gwang-Jae', 'M');
INSERT INTO Participacao (atleta_id, time_id, olimpiada_id, modalidade_id, idade, altura, peso, medalha) VALUES (67888, 1, 7, 90, 23.0, 159.0, 54.0, null);
INSERT INTO Participacao (atleta_id, time_id, olimpiada_id, modalidade_id, idade, altura, peso, medalha) VALUES (67888, 1, 7, 91, 23.0, 159.0, 54.0, null);
INSERT INTO Participacao (atleta_id, time_id, olimpiada_id, modalidade_id, idade, altura, peso, medalha) VALUES (67888, 1, 7, 92, 23.0, 159.0, 54.0, null);
INSERT INTO Participacao (atleta_id, time_id, olimpiada_id, modalidade_id, idade, altura, peso, medalha) VALUES (67888, 1, 7, 93, 23.0, 159.0, 54.0, null);
INSERT INTO Participacao (atleta_id, time_id, olimpiada_id, modalidade_id, idade, altura, peso, medalha) VALUES (67888, 1, 7, 94, 23.0, 159.0, 54.0, null);
INSERT INTO Participacao (atleta_id, time_id, olimpiada_id, modalidade_id, idade, altura, peso, medalha) VALUES (67888, 1, 7, 95, 23.0, 159.0, 54.0, null);
INSERT INTO Participacao (atleta_id, time_id, olimpiada_id, modalidade_id, idade, altura, peso, medalha) VALUES (67888, 1, 7, 96, 23.0, 159.0, 54.0, null);
INSERT INTO Participacao (atleta_id, time_id, olimpiada_id, modalidade_id, idade, altura, peso, medalha) VALUES (67888, 1, 7, 97, 23.0, 159.0, 54.0, null);
INSERT INTO Atletas (id, nome, sexo) VALUES (67889, 'Lee Gwang-Jin', 'M');
INSERT INTO Participacao (atleta_id, time_id, olimpiada_id, modalidade_id, idade, altura, peso, medalha) VALUES (67889, 1, 12, 245, 21.0, 175.0, null, null);
INSERT INTO Participacao (atleta_id, time_id, olimpiada_id, modalidade_id, idade, altura, peso, medalha) VALUES (67889, 1, 14, 245, 25.0, 175.0, null, null);
INSERT INTO Atletas (id, nome, sexo) VALUES (67890, 'Lee Gwang-Ju', 'M');
INSERT INTO Participacao (atleta_id, time_id, olimpiada_id, modalidade_id, idade, altura, peso, medalha) VALUES (67890, 1, 15, 63, 22.0, 170.0, 60.0, null);
INSERT INTO Atletas (id, nome, sexo) VALUES (67891, 'Lee Gwang-Nam', 'M');
INSERT INTO Participacao (atleta_id, time_id, olimpiada_id, modalidade_id, idade, altura, peso, medalha) VALUES (67891, 1, 5, 28, 18.0, 184.0, 78.0, null);
INSERT INTO Atletas (id, nome, sexo) VALUES (67892, 'Lee Gwang-Sun', 'F');
INSERT INTO Participacao (atleta_id, time_id, olimpiada_id, modalidade_id, idade, altura, peso, medalha) VALUES (67892, 1, 6, 19, 19.0, 174.0, 65.0, null);
INSERT INTO Atletas (id, nome, sexo) VALUES (67893, 'Lee Gwang-Yeong', 'M');
INSERT INTO Participacao (atleta_id, time_id, olimpiada_id, modalidade_id, idade, altura, peso, medalha) VALUES (67893, 1, 31, 107, 21.0, 168.0, 65.0, null);
INSERT INTO Atletas (id, nome, sexo) VALUES (67894, 'Lee Gwi-Ju', 'F');
INSERT INTO Participacao (atleta_id, time_id, olimpiada_id, modalidade_id, idade, altura, peso, medalha) VALUES (67894, 1, 12, 21, 19.0, null, null, null);
INSERT INTO Atletas (id, nome, sexo) VALUES (67895, 'Lee Gyeo-Ra', 'F');
INSERT INTO Participacao (atleta_id, time_id, olimpiada_id, modalidade_id, idade, altura, peso, medalha) VALUES (67895, 1, 16, 65, 19.0, 165.0, 51.0, null);
INSERT INTO Atletas (id, nome, sexo) VALUES (67896, 'Lee Gyeong-Geun', 'M');
INSERT INTO Participacao (atleta_id, time_id, olimpiada_id, modalidade_id, idade, altura, peso, medalha) VALUES (67896, 1, 6, 5, 25.0, 168.0, 65.0, 'Gold');
INSERT INTO Atletas (id, nome, sexo) VALUES (67897, 'Lee Gyeong-Hui', 'F');
INSERT INTO Participacao (atleta_id, time_id, olimpiada_id, modalidade_id, idade, altura, peso, medalha) VALUES (67897, 1, 12, 21, 22.0, null, null, null);
INSERT INTO Atletas (id, nome, sexo) VALUES (67898, 'Lee Gyeong-Hui', 'F');
INSERT INTO Participacao (atleta_id, time_id, olimpiada_id, modalidade_id, idade, altura, peso, medalha) VALUES (67898, 1, 25, 27, 13.0, 162.0, 50.0, null);
INSERT INTO Participacao (atleta_id, time_id, olimpiada_id, modalidade_id, idade, altura, peso, medalha) VALUES (67898, 1, 25, 100, 13.0, 162.0, 50.0, null);
INSERT INTO Atletas (id, nome, sexo) VALUES (67899, 'Lee Gyeong-Nam', 'F');
INSERT INTO Participacao (atleta_id, time_id, olimpiada_id, modalidade_id, idade, altura, peso, medalha) VALUES (67899, 1, 3, 61, 17.0, 163.0, 51.0, null);
INSERT INTO Participacao (atleta_id, time_id, olimpiada_id, modalidade_id, idade, altura, peso, medalha) VALUES (67899, 1, 3, 60, 17.0, 163.0, 51.0, null);
INSERT INTO Atletas (id, nome, sexo) VALUES (67900, 'Lee Gyeong-Seop', 'M');
INSERT INTO Participacao (atleta_id, time_id, olimpiada_id, modalidade_id, idade, altura, peso, medalha) VALUES (67900, 1, 9, 128, null, null, 60.0, null);
INSERT INTO Atletas (id, nome, sexo) VALUES (67901, 'Lee Gyeong-Su', 'M');
INSERT INTO Participacao (atleta_id, time_id, olimpiada_id, modalidade_id, idade, altura, peso, medalha) VALUES (67901, 1, 23, 72, 21.0, 200.0, 88.0, null);
INSERT INTO Atletas (id, nome, sexo) VALUES (67902, 'Lee Gyeong-Su', 'M');
INSERT INTO Participacao (atleta_id, time_id, olimpiada_id, modalidade_id, idade, altura, peso, medalha) VALUES (67902, 1, 14, 56, 22.0, null, null, null);
INSERT INTO Atletas (id, nome, sexo) VALUES (67903, 'Lee Gyeong-Won', 'F');
INSERT INTO Participacao (atleta_id, time_id, olimpiada_id, modalidade_id, idade, altura, peso, medalha) VALUES (67903, 1, 23, 59, 20.0, 160.0, 58.0, null);
INSERT INTO Atletas (id, nome, sexo) VALUES (67904, 'Lee Gyu-Chang', 'M');
INSERT INTO Participacao (atleta_id, time_id, olimpiada_id, modalidade_id, idade, altura, peso, medalha) VALUES (67904, 1, 14, 76, 17.0, null, null, null);
INSERT INTO Participacao (atleta_id, time_id, olimpiada_id, modalidade_id, idade, altura, peso, medalha) VALUES (67904, 1, 14, 195, 17.0, null, null, null);
INSERT INTO Atletas (id, nome, sexo) VALUES (67905, 'Lee Gyu-Chang', 'M');
INSERT INTO Participacao (atleta_id, time_id, olimpiada_id, modalidade_id, idade, altura, peso, medalha) VALUES (67905, 1, 12, 28, 20.0, null, null, null);
INSERT INTO Atletas (id, nome, sexo) VALUES (67906, 'Lee Gyu-Hyeok', 'M');
INSERT INTO Participacao (atleta_id, time_id, olimpiada_id, modalidade_id, idade, altura, peso, medalha) VALUES (67906, 1, 2, 53, 15.0, 175.0, 75.0, null);
INSERT INTO Participacao (atleta_id, time_id, olimpiada_id, modalidade_id, idade, altura, peso, medalha) VALUES (67906, 1, 2, 54, 15.0, 175.0, 75.0, null);
INSERT INTO Participacao (atleta_id, time_id, olimpiada_id, modalidade_id, idade, altura, peso, medalha) VALUES (67906, 1, 3, 53, 19.0, 175.0, 75.0, null);
INSERT INTO Participacao (atleta_id, time_id, olimpiada_id, modalidade_id, idade, altura, peso, medalha) VALUES (67906, 1, 3, 54, 19.0, 175.0, 75.0, null);
INSERT INTO Participacao (atleta_id, time_id, olimpiada_id, modalidade_id, idade, altura, peso, medalha) VALUES (67906, 1, 19, 53, 23.0, 175.0, 75.0, null);
INSERT INTO Participacao (atleta_id, time_id, olimpiada_id, modalidade_id, idade, altura, peso, medalha) VALUES (67906, 1, 19, 54, 23.0, 175.0, 75.0, null);
INSERT INTO Participacao (atleta_id, time_id, olimpiada_id, modalidade_id, idade, altura, peso, medalha) VALUES (67906, 1, 19, 51, 23.0, 175.0, 75.0, null);
INSERT INTO Participacao (atleta_id, time_id, olimpiada_id, modalidade_id, idade, altura, peso, medalha) VALUES (67906, 1, 20, 53, 27.0, 175.0, 75.0, null);
INSERT INTO Participacao (atleta_id, time_id, olimpiada_id, modalidade_id, idade, altura, peso, medalha) VALUES (67906, 1, 20, 54, 27.0, 175.0, 75.0, null);
INSERT INTO Participacao (atleta_id, time_id, olimpiada_id, modalidade_id, idade, altura, peso, medalha) VALUES (67906, 1, 17, 53, 31.0, 175.0, 75.0, null);
INSERT INTO Participacao (atleta_id, time_id, olimpiada_id, modalidade_id, idade, altura, peso, medalha) VALUES (67906, 1, 17, 54, 31.0, 175.0, 75.0, null);
INSERT INTO Participacao (atleta_id, time_id, olimpiada_id, modalidade_id, idade, altura, peso, medalha) VALUES (67906, 1, 27, 53, 35.0, 175.0, 75.0, null);
INSERT INTO Participacao (atleta_id, time_id, olimpiada_id, modalidade_id, idade, altura, peso, medalha) VALUES (67906, 1, 27, 54, 35.0, 175.0, 75.0, null);
INSERT INTO Atletas (id, nome, sexo) VALUES (67907, 'Lee Gyu-Hyeok', 'M');
INSERT INTO Participacao (atleta_id, time_id, olimpiada_id, modalidade_id, idade, altura, peso, medalha) VALUES (67907, 1, 8, 240, null, null, 56.0, null);
INSERT INTO Atletas (id, nome, sexo) VALUES (67908, 'Lee Gyu-So', 'M');
INSERT INTO Participacao (atleta_id, time_id, olimpiada_id, modalidade_id, idade, altura, peso, medalha) VALUES (67908, 1, 7, 72, 23.0, 170.0, 63.0, null);
INSERT INTO Atletas (id, nome, sexo) VALUES (67909, 'Lee Gyun', 'M');
INSERT INTO Participacao (atleta_id, time_id, olimpiada_id, modalidade_id, idade, altura, peso, medalha) VALUES (67909, 1, 13, 116, 27.0, 172.0, 60.0, null);
INSERT INTO Atletas (id, nome, sexo) VALUES (67910, 'Lee Hak-Ja', 'F');
INSERT INTO Participacao (atleta_id, time_id, olimpiada_id, modalidade_id, idade, altura, peso, medalha) VALUES (67910, 1, 15, 145, 20.0, 166.0, 55.0, null);
INSERT INTO Atletas (id, nome, sexo) VALUES (67911, 'Lee Hak-Ja', 'F');
INSERT INTO Participacao (atleta_id, time_id, olimpiada_id, modalidade_id, idade, altura, peso, medalha) VALUES (67911, 1, 7, 223, 23.0, 165.0, 58.0, null);
INSERT INTO Modalidades (nome, esporte_id) VALUES ('Athletics Women''s Pentathlon', 18);
INSERT INTO Participacao (atleta_id, time_id, olimpiada_id, modalidade_id, idade, altura, peso, medalha) VALUES (67911, 1, 7, 349, 23.0, 165.0, 58.0, null);
INSERT INTO Atletas (id, nome, sexo) VALUES (67912, 'Lee Hak-Jin', 'M');
INSERT INTO Participacao (atleta_id, time_id, olimpiada_id, modalidade_id, idade, altura, peso, medalha) VALUES (67912, 1, 19, 178, 16.0, 175.0, 69.0, null);
INSERT INTO Atletas (id, nome, sexo) VALUES (67913, 'Lee Han-Bin', 'M');
INSERT INTO Participacao (atleta_id, time_id, olimpiada_id, modalidade_id, idade, altura, peso, medalha) VALUES (67913, 1, 27, 40, 25.0, 180.0, 71.0, null);
INSERT INTO Participacao (atleta_id, time_id, olimpiada_id, modalidade_id, idade, altura, peso, medalha) VALUES (67913, 1, 27, 38, 25.0, 180.0, 71.0, null);
INSERT INTO Participacao (atleta_id, time_id, olimpiada_id, modalidade_id, idade, altura, peso, medalha) VALUES (67913, 1, 27, 39, 25.0, 180.0, 71.0, null);
INSERT INTO Participacao (atleta_id, time_id, olimpiada_id, modalidade_id, idade, altura, peso, medalha) VALUES (67913, 1, 27, 41, 25.0, 180.0, 71.0, null);
INSERT INTO Atletas (id, nome, sexo) VALUES (67914, 'Lee Han-Im', 'M');
INSERT INTO Modalidades (nome, esporte_id) VALUES ('Sailing Mixed Windsurfer', 40);
INSERT INTO Participacao (atleta_id, time_id, olimpiada_id, modalidade_id, idade, altura, peso, medalha) VALUES (67914, 1, 6, 350, 19.0, 166.0, 63.0, null);
INSERT INTO Atletas (id, nome, sexo) VALUES (67915, 'Lee Han-Seop', 'M');
INSERT INTO Participacao (atleta_id, time_id, olimpiada_id, modalidade_id, idade, altura, peso, medalha) VALUES (67915, 1, 6, 153, 22.0, 177.0, 70.0, null);
INSERT INTO Participacao (atleta_id, time_id, olimpiada_id, modalidade_id, idade, altura, peso, medalha) VALUES (67915, 1, 6, 228, 22.0, 177.0, 70.0, 'Gold');
INSERT INTO Atletas (id, nome, sexo) VALUES (67916, 'Lee Han-Sin', 'M');
INSERT INTO Participacao (atleta_id, time_id, olimpiada_id, modalidade_id, idade, altura, peso, medalha) VALUES (67916, 1, 27, 179, 25.0, 177.0, 80.0, null);
INSERT INTO Atletas (id, nome, sexo) VALUES (67919, 'Lee Heung-Pyo', 'M');
INSERT INTO Participacao (atleta_id, time_id, olimpiada_id, modalidade_id, idade, altura, peso, medalha) VALUES (67919, 1, 6, 89, 21.0, 170.0, 68.0, null);
INSERT INTO Atletas (id, nome, sexo) VALUES (67920, 'Lee Heung-Sun', 'F');
INSERT INTO Participacao (atleta_id, time_id, olimpiada_id, modalidade_id, idade, altura, peso, medalha) VALUES (67920, 1, 12, 59, 20.0, null, null, null);
INSERT INTO Atletas (id, nome, sexo) VALUES (67921, 'Lee Ho', 'M');
INSERT INTO Participacao (atleta_id, time_id, olimpiada_id, modalidade_id, idade, altura, peso, medalha) VALUES (67921, 1, 23, 72, 27.0, 180.0, 80.0, null);
INSERT INTO Atletas (id, nome, sexo) VALUES (67922, 'Lee Ho', 'M');
INSERT INTO Modalidades (nome, esporte_id) VALUES ('Rowing Men''s Double Sculls', 11);
INSERT INTO Participacao (atleta_id, time_id, olimpiada_id, modalidade_id, idade, altura, peso, medalha) VALUES (67922, 1, 14, 351, 19.0, null, null, null);
INSERT INTO Atletas (id, nome, sexo) VALUES (67924, 'Lee Ho-Eung', 'M');
INSERT INTO Participacao (atleta_id, time_id, olimpiada_id, modalidade_id, idade, altura, peso, medalha) VALUES (67924, 1, 3, 41, 19.0, 172.0, 69.0, 'Silver');
INSERT INTO Atletas (id, nome, sexo) VALUES (67925, 'Lee Ho-Rim', 'F');
INSERT INTO Participacao (atleta_id, time_id, olimpiada_id, modalidade_id, idade, altura, peso, medalha) VALUES (67925, 1, 16, 35, 20.0, 168.0, 53.0, null);
INSERT INTO Participacao (atleta_id, time_id, olimpiada_id, modalidade_id, idade, altura, peso, medalha) VALUES (67925, 1, 16, 36, 20.0, 168.0, 53.0, null);
INSERT INTO Atletas (id, nome, sexo) VALUES (67926, 'Lee Ho-Seok', 'M');
INSERT INTO Participacao (atleta_id, time_id, olimpiada_id, modalidade_id, idade, altura, peso, medalha) VALUES (67926, 1, 20, 40, 19.0, 168.0, 60.0, null);
INSERT INTO Participacao (atleta_id, time_id, olimpiada_id, modalidade_id, idade, altura, peso, medalha) VALUES (67926, 1, 20, 38, 19.0, 168.0, 60.0, 'Silver');
INSERT INTO Participacao (atleta_id, time_id, olimpiada_id, modalidade_id, idade, altura, peso, medalha) VALUES (67926, 1, 20, 39, 19.0, 168.0, 60.0, 'Silver');
INSERT INTO Participacao (atleta_id, time_id, olimpiada_id, modalidade_id, idade, altura, peso, medalha) VALUES (67926, 1, 20, 41, 19.0, 168.0, 60.0, 'Gold');
INSERT INTO Participacao (atleta_id, time_id, olimpiada_id, modalidade_id, idade, altura, peso, medalha) VALUES (67926, 1, 17, 40, 23.0, 168.0, 60.0, null);
INSERT INTO Participacao (atleta_id, time_id, olimpiada_id, modalidade_id, idade, altura, peso, medalha) VALUES (67926, 1, 17, 38, 23.0, 168.0, 60.0, 'Silver');
INSERT INTO Participacao (atleta_id, time_id, olimpiada_id, modalidade_id, idade, altura, peso, medalha) VALUES (67926, 1, 17, 39, 23.0, 168.0, 60.0, null);
INSERT INTO Participacao (atleta_id, time_id, olimpiada_id, modalidade_id, idade, altura, peso, medalha) VALUES (67926, 1, 17, 41, 23.0, 168.0, 60.0, 'Silver');
INSERT INTO Participacao (atleta_id, time_id, olimpiada_id, modalidade_id, idade, altura, peso, medalha) VALUES (67926, 1, 27, 41, 27.0, 168.0, 60.0, null);
INSERT INTO Atletas (id, nome, sexo) VALUES (67927, 'Lee Ho-Seong', 'M');
INSERT INTO Participacao (atleta_id, time_id, olimpiada_id, modalidade_id, idade, altura, peso, medalha) VALUES (67927, 1, 12, 112, 24.0, null, null, null);
INSERT INTO Atletas (id, nome, sexo) VALUES (67928, 'Lee Ho-Yeon', 'F');
INSERT INTO Participacao (atleta_id, time_id, olimpiada_id, modalidade_id, idade, altura, peso, medalha) VALUES (67928, 1, 12, 26, 21.0, null, null, 'Gold');
INSERT INTO Atletas (id, nome, sexo) VALUES (67929, 'Lee Hong-Geun', 'M');
INSERT INTO Participacao (atleta_id, time_id, olimpiada_id, modalidade_id, idade, altura, peso, medalha) VALUES (67929, 1, 6, 29, 23.0, 187.0, 85.0, null);
INSERT INTO Atletas (id, nome, sexo) VALUES (67930, 'Lee Hong-Man', 'M');
INSERT INTO Participacao (atleta_id, time_id, olimpiada_id, modalidade_id, idade, altura, peso, medalha) VALUES (67930, 1, 7, 43, 23.0, 177.0, 69.0, null);
INSERT INTO Atletas (id, nome, sexo) VALUES (67931, 'Lee Hong-Mi', 'F');
INSERT INTO Participacao (atleta_id, time_id, olimpiada_id, modalidade_id, idade, altura, peso, medalha) VALUES (67931, 1, 6, 232, 17.0, 166.0, 60.0, null);
INSERT INTO Participacao (atleta_id, time_id, olimpiada_id, modalidade_id, idade, altura, peso, medalha) VALUES (67931, 1, 6, 31, 17.0, 166.0, 60.0, null);
INSERT INTO Participacao (atleta_id, time_id, olimpiada_id, modalidade_id, idade, altura, peso, medalha) VALUES (67931, 1, 6, 82, 17.0, 166.0, 60.0, null);
INSERT INTO Atletas (id, nome, sexo) VALUES (67932, 'Lee Hong-Yeol', 'M');
INSERT INTO Participacao (atleta_id, time_id, olimpiada_id, modalidade_id, idade, altura, peso, medalha) VALUES (67932, 1, 5, 67, 23.0, 170.0, 56.0, null);
INSERT INTO Atletas (id, nome, sexo) VALUES (67938, 'Lee Hui-Gyeong', 'F');
INSERT INTO Participacao (atleta_id, time_id, olimpiada_id, modalidade_id, idade, altura, peso, medalha) VALUES (67938, 1, 12, 45, 17.0, null, null, null);
INSERT INTO Participacao (atleta_id, time_id, olimpiada_id, modalidade_id, idade, altura, peso, medalha) VALUES (67938, 1, 12, 47, 17.0, null, null, null);
INSERT INTO Participacao (atleta_id, time_id, olimpiada_id, modalidade_id, idade, altura, peso, medalha) VALUES (67938, 1, 12, 48, 17.0, null, null, null);
INSERT INTO Participacao (atleta_id, time_id, olimpiada_id, modalidade_id, idade, altura, peso, medalha) VALUES (67938, 1, 12, 49, 17.0, null, null, null);
INSERT INTO Participacao (atleta_id, time_id, olimpiada_id, modalidade_id, idade, altura, peso, medalha) VALUES (67938, 1, 12, 50, 17.0, null, null, null);
INSERT INTO Atletas (id, nome, sexo) VALUES (67939, 'Lee Hui-Sol', 'F');
INSERT INTO Participacao (atleta_id, time_id, olimpiada_id, modalidade_id, idade, altura, peso, medalha) VALUES (67939, 1, 4, 263, 26.0, 174.0, 118.0, null);
INSERT INTO Atletas (id, nome, sexo) VALUES (67940, 'Lee Hui-Won', 'M');
INSERT INTO Participacao (atleta_id, time_id, olimpiada_id, modalidade_id, idade, altura, peso, medalha) VALUES (67940, 1, 13, 72, 24.0, 185.0, 78.0, null);
INSERT INTO Atletas (id, nome, sexo) VALUES (67942, 'Lee Hyang-Sim', 'F');
INSERT INTO Participacao (atleta_id, time_id, olimpiada_id, modalidade_id, idade, altura, peso, medalha) VALUES (67942, 1, 10, 18, 21.0, 164.0, 54.0, null);
INSERT INTO Atletas (id, nome, sexo) VALUES (67943, 'Lee Hye-Gyeong', 'F');
INSERT INTO Participacao (atleta_id, time_id, olimpiada_id, modalidade_id, idade, altura, peso, medalha) VALUES (67943, 1, 6, 187, 25.0, 167.0, 60.0, null);
INSERT INTO Atletas (id, nome, sexo) VALUES (67944, 'Lee Hye-Ja', 'F');
INSERT INTO Participacao (atleta_id, time_id, olimpiada_id, modalidade_id, idade, altura, peso, medalha) VALUES (67944, 1, 7, 261, 17.0, 166.0, 55.0, null);
INSERT INTO Atletas (id, nome, sexo) VALUES (67945, 'Lee Hye-Jin', 'F');
INSERT INTO Participacao (atleta_id, time_id, olimpiada_id, modalidade_id, idade, altura, peso, medalha) VALUES (67945, 1, 24, 317, 20.0, 165.0, 61.0, null);
INSERT INTO Modalidades (nome, esporte_id) VALUES ('Cycling Women''s Keirin', 5);
INSERT INTO Participacao (atleta_id, time_id, olimpiada_id, modalidade_id, idade, altura, peso, medalha) VALUES (67945, 1, 24, 352, 20.0, 165.0, 61.0, null);
INSERT INTO Participacao (atleta_id, time_id, olimpiada_id, modalidade_id, idade, altura, peso, medalha) VALUES (67945, 1, 24, 346, 20.0, 165.0, 61.0, null);
INSERT INTO Participacao (atleta_id, time_id, olimpiada_id, modalidade_id, idade, altura, peso, medalha) VALUES (67945, 1, 4, 352, 24.0, 165.0, 61.0, null);
INSERT INTO Atletas (id, nome, sexo) VALUES (67946, 'Lee Hye-Jin', 'F');
INSERT INTO Participacao (atleta_id, time_id, olimpiada_id, modalidade_id, idade, altura, peso, medalha) VALUES (67946, 1, 18, 187, 18.0, 163.0, 59.0, null);
INSERT INTO Atletas (id, nome, sexo) VALUES (67947, 'Lee Hyeon-Il', 'M');
INSERT INTO Participacao (atleta_id, time_id, olimpiada_id, modalidade_id, idade, altura, peso, medalha) VALUES (67947, 1, 18, 245, 24.0, 176.0, 67.0, null);
INSERT INTO Participacao (atleta_id, time_id, olimpiada_id, modalidade_id, idade, altura, peso, medalha) VALUES (67947, 1, 16, 245, 28.0, 176.0, 67.0, null);
INSERT INTO Participacao (atleta_id, time_id, olimpiada_id, modalidade_id, idade, altura, peso, medalha) VALUES (67947, 1, 24, 245, 32.0, 176.0, 67.0, null);
INSERT INTO Atletas (id, nome, sexo) VALUES (67948, 'Lee Hyeon-Ju', 'F');
INSERT INTO Participacao (atleta_id, time_id, olimpiada_id, modalidade_id, idade, altura, peso, medalha) VALUES (67948, 1, 31, 87, 14.0, 143.0, 34.0, null);
INSERT INTO Atletas (id, nome, sexo) VALUES (67949, 'Lee Hyeon-Su', 'M');
INSERT INTO Participacao (atleta_id, time_id, olimpiada_id, modalidade_id, idade, altura, peso, medalha) VALUES (67949, 1, 6, 199, 20.0, 181.0, 79.0, null);
INSERT INTO Atletas (id, nome, sexo) VALUES (67950, 'Lee Hyeong-Geun', 'M');
INSERT INTO Participacao (atleta_id, time_id, olimpiada_id, modalidade_id, idade, altura, peso, medalha) VALUES (67950, 1, 6, 347, 23.0, 170.0, 85.0, 'Bronze');
INSERT INTO Atletas (id, nome, sexo) VALUES (67951, 'Lee Hyeong-Gi', 'M');
INSERT INTO Participacao (atleta_id, time_id, olimpiada_id, modalidade_id, idade, altura, peso, medalha) VALUES (67951, 1, 6, 235, 19.0, 183.0, 83.0, null);
INSERT INTO Atletas (id, nome, sexo) VALUES (67952, 'Lee Hyeong-Suk', 'F');
INSERT INTO Participacao (atleta_id, time_id, olimpiada_id, modalidade_id, idade, altura, peso, medalha) VALUES (67952, 1, 5, 33, 19.0, 173.0, 65.0, 'Silver');
INSERT INTO Participacao (atleta_id, time_id, olimpiada_id, modalidade_id, idade, altura, peso, medalha) VALUES (67952, 1, 6, 33, 23.0, 173.0, 65.0, null);
INSERT INTO Atletas (id, nome, sexo) VALUES (67953, 'Lee Hyeong-Taek', 'M');
INSERT INTO Participacao (atleta_id, time_id, olimpiada_id, modalidade_id, idade, altura, peso, medalha) VALUES (67953, 1, 14, 265, 20.0, 180.0, 81.0, null);
INSERT INTO Participacao (atleta_id, time_id, olimpiada_id, modalidade_id, idade, altura, peso, medalha) VALUES (67953, 1, 23, 264, 24.0, 180.0, 81.0, null);
INSERT INTO Participacao (atleta_id, time_id, olimpiada_id, modalidade_id, idade, altura, peso, medalha) VALUES (67953, 1, 23, 265, 24.0, 180.0, 81.0, null);
INSERT INTO Participacao (atleta_id, time_id, olimpiada_id, modalidade_id, idade, altura, peso, medalha) VALUES (67953, 1, 18, 264, 28.0, 180.0, 81.0, null);
INSERT INTO Participacao (atleta_id, time_id, olimpiada_id, modalidade_id, idade, altura, peso, medalha) VALUES (67953, 1, 16, 264, 32.0, 180.0, 81.0, null);
INSERT INTO Atletas (id, nome, sexo) VALUES (67954, 'Lee Hyeong-U', 'M');
INSERT INTO Participacao (atleta_id, time_id, olimpiada_id, modalidade_id, idade, altura, peso, medalha) VALUES (67954, 1, 7, 347, 22.0, 170.0, 84.0, null);
INSERT INTO Atletas (id, nome, sexo) VALUES (67955, 'Lee Hyo-Chang', 'M');
INSERT INTO Participacao (atleta_id, time_id, olimpiada_id, modalidade_id, idade, altura, peso, medalha) VALUES (67955, 1, 30, 53, 25.0, null, null, null);
INSERT INTO Participacao (atleta_id, time_id, olimpiada_id, modalidade_id, idade, altura, peso, medalha) VALUES (67955, 1, 30, 51, 25.0, null, null, null);
INSERT INTO Participacao (atleta_id, time_id, olimpiada_id, modalidade_id, idade, altura, peso, medalha) VALUES (67955, 1, 30, 52, 25.0, null, null, null);
INSERT INTO Atletas (id, nome, sexo) VALUES (67956, 'Lee Hyo-Geun', 'M');
INSERT INTO Participacao (atleta_id, time_id, olimpiada_id, modalidade_id, idade, altura, peso, medalha) VALUES (67956, 1, 6, 199, 21.0, 173.0, 70.0, null);
INSERT INTO Participacao (atleta_id, time_id, olimpiada_id, modalidade_id, idade, altura, peso, medalha) VALUES (67956, 1, 14, 198, 28.0, 173.0, 70.0, null);
INSERT INTO Participacao (atleta_id, time_id, olimpiada_id, modalidade_id, idade, altura, peso, medalha) VALUES (67956, 1, 14, 199, 28.0, 173.0, 70.0, null);
INSERT INTO Atletas (id, nome, sexo) VALUES (67957, 'Lee Hyo-Hee', 'F');
INSERT INTO Participacao (atleta_id, time_id, olimpiada_id, modalidade_id, idade, altura, peso, medalha) VALUES (67957, 1, 4, 18, 35.0, 173.0, 57.0, null);
INSERT INTO Atletas (id, nome, sexo) VALUES (67959, 'Lee Hyo-Suk', 'F');
INSERT INTO Participacao (atleta_id, time_id, olimpiada_id, modalidade_id, idade, altura, peso, medalha) VALUES (67959, 1, 14, 35, 22.0, null, null, null);
INSERT INTO Atletas (id, nome, sexo) VALUES (67960, 'Lee I-U', 'M');
INSERT INTO Participacao (atleta_id, time_id, olimpiada_id, modalidade_id, idade, altura, peso, medalha) VALUES (67960, 1, 7, 56, 23.0, 175.0, 69.0, null);
INSERT INTO Atletas (id, nome, sexo) VALUES (67961, 'Lee Ik-Hwan', 'M');
INSERT INTO Participacao (atleta_id, time_id, olimpiada_id, modalidade_id, idade, altura, peso, medalha) VALUES (67961, 1, 31, 51, 22.0, 168.0, 65.0, null);
INSERT INTO Participacao (atleta_id, time_id, olimpiada_id, modalidade_id, idade, altura, peso, medalha) VALUES (67961, 1, 31, 52, 22.0, 168.0, 65.0, null);
INSERT INTO Atletas (id, nome, sexo) VALUES (67962, 'Lee Il-Gyu', 'M');
INSERT INTO Participacao (atleta_id, time_id, olimpiada_id, modalidade_id, idade, altura, peso, medalha) VALUES (67962, 1, 7, 16, 24.0, 168.0, 58.0, null);
INSERT INTO Participacao (atleta_id, time_id, olimpiada_id, modalidade_id, idade, altura, peso, medalha) VALUES (67962, 1, 7, 17, 24.0, 168.0, 58.0, null);
INSERT INTO Atletas (id, nome, sexo) VALUES (67963, 'Lee Il-Hui', 'M');
INSERT INTO Participacao (atleta_id, time_id, olimpiada_id, modalidade_id, idade, altura, peso, medalha) VALUES (67963, 1, 5, 224, 22.0, 187.0, 88.0, null);
INSERT INTO Participacao (atleta_id, time_id, olimpiada_id, modalidade_id, idade, altura, peso, medalha) VALUES (67963, 1, 5, 200, 22.0, 187.0, 88.0, null);
INSERT INTO Participacao (atleta_id, time_id, olimpiada_id, modalidade_id, idade, altura, peso, medalha) VALUES (67963, 1, 6, 224, 26.0, 187.0, 88.0, null);
INSERT INTO Participacao (atleta_id, time_id, olimpiada_id, modalidade_id, idade, altura, peso, medalha) VALUES (67963, 1, 6, 200, 26.0, 187.0, 88.0, null);
INSERT INTO Atletas (id, nome, sexo) VALUES (67965, 'Lee Im-Saeng', 'M');
INSERT INTO Participacao (atleta_id, time_id, olimpiada_id, modalidade_id, idade, altura, peso, medalha) VALUES (67965, 1, 12, 56, 20.0, 182.0, 79.0, null);
INSERT INTO Participacao (atleta_id, time_id, olimpiada_id, modalidade_id, idade, altura, peso, medalha) VALUES (67965, 1, 14, 56, 24.0, 182.0, 79.0, null);
INSERT INTO Atletas (id, nome, sexo) VALUES (67966, 'Lee In', 'M');
INSERT INTO Participacao (atleta_id, time_id, olimpiada_id, modalidade_id, idade, altura, peso, medalha) VALUES (67966, 1, 13, 72, 23.0, 188.0, 82.0, null);
INSERT INTO Atletas (id, nome, sexo) VALUES (67967, 'Lee In-Bok', 'M');
INSERT INTO Participacao (atleta_id, time_id, olimpiada_id, modalidade_id, idade, altura, peso, medalha) VALUES (67967, 1, 17, 225, 25.0, 172.0, 60.0, null);
INSERT INTO Participacao (atleta_id, time_id, olimpiada_id, modalidade_id, idade, altura, peso, medalha) VALUES (67967, 1, 17, 226, 25.0, 172.0, 60.0, null);
INSERT INTO Participacao (atleta_id, time_id, olimpiada_id, modalidade_id, idade, altura, peso, medalha) VALUES (67967, 1, 27, 225, 29.0, 172.0, 60.0, null);
INSERT INTO Participacao (atleta_id, time_id, olimpiada_id, modalidade_id, idade, altura, peso, medalha) VALUES (67967, 1, 27, 226, 29.0, 172.0, 60.0, null);
INSERT INTO Atletas (id, nome, sexo) VALUES (67968, 'Lee In-Chang', 'M');
INSERT INTO Participacao (atleta_id, time_id, olimpiada_id, modalidade_id, idade, altura, peso, medalha) VALUES (67968, 1, 13, 201, 20.0, 156.0, 48.0, null);
INSERT INTO Atletas (id, nome, sexo) VALUES (67969, 'Lee In-Hun', 'M');
INSERT INTO Participacao (atleta_id, time_id, olimpiada_id, modalidade_id, idade, altura, peso, medalha) VALUES (67969, 1, 1, 53, 21.0, 180.0, 76.0, null);
INSERT INTO Participacao (atleta_id, time_id, olimpiada_id, modalidade_id, idade, altura, peso, medalha) VALUES (67969, 1, 1, 54, 21.0, 180.0, 76.0, null);
INSERT INTO Atletas (id, nome, sexo) VALUES (67970, 'Lee In-Jong', 'F');
INSERT INTO Modalidades (nome, esporte_id) VALUES ('Taekwondo Women''s Heavyweight', 44);
INSERT INTO Participacao (atleta_id, time_id, olimpiada_id, modalidade_id, idade, altura, peso, medalha) VALUES (67970, 1, 24, 353, 29.0, 177.0, 69.0, null);
INSERT INTO Atletas (id, nome, sexo) VALUES (67971, 'Lee In-Pyo', 'M');
INSERT INTO Participacao (atleta_id, time_id, olimpiada_id, modalidade_id, idade, altura, peso, medalha) VALUES (67971, 1, 10, 12, 25.0, 179.0, 73.0, null);
INSERT INTO Atletas (id, nome, sexo) VALUES (67972, 'Lee In-Su', 'M');
INSERT INTO Participacao (atleta_id, time_id, olimpiada_id, modalidade_id, idade, altura, peso, medalha) VALUES (67972, 1, 14, 351, 22.0, 187.0, 87.0, null);
INSERT INTO Participacao (atleta_id, time_id, olimpiada_id, modalidade_id, idade, altura, peso, medalha) VALUES (67972, 1, 23, 214, 26.0, 187.0, 87.0, null);
INSERT INTO Atletas (id, nome, sexo) VALUES (67973, 'Lee In-Suk', 'F');
INSERT INTO Participacao (atleta_id, time_id, olimpiada_id, modalidade_id, idade, altura, peso, medalha) VALUES (67973, 1, 11, 18, 22.0, 171.0, 66.0, null);
INSERT INTO Atletas (id, nome, sexo) VALUES (67976, 'Lee Jae-Bok', 'M');
INSERT INTO Participacao (atleta_id, time_id, olimpiada_id, modalidade_id, idade, altura, peso, medalha) VALUES (67976, 1, 6, 300, 27.0, 183.0, 80.0, null);
INSERT INTO Atletas (id, nome, sexo) VALUES (67977, 'Lee Jae-Hun', 'M');
INSERT INTO Participacao (atleta_id, time_id, olimpiada_id, modalidade_id, idade, altura, peso, medalha) VALUES (67977, 1, 18, 274, 27.0, 185.0, 68.0, null);
INSERT INTO Atletas (id, nome, sexo) VALUES (67978, 'Lee Jae-Hyeok', 'M');
INSERT INTO Participacao (atleta_id, time_id, olimpiada_id, modalidade_id, idade, altura, peso, medalha) VALUES (67978, 1, 6, 115, 19.0, 169.0, 57.0, 'Bronze');
INSERT INTO Atletas (id, nome, sexo) VALUES (67980, 'Lee Jae-Nam', 'F');
INSERT INTO Participacao (atleta_id, time_id, olimpiada_id, modalidade_id, idade, altura, peso, medalha) VALUES (67980, 1, 12, 197, 20.0, null, null, null);
INSERT INTO Atletas (id, nome, sexo) VALUES (67981, 'Lee Jae-Seok', 'M');
INSERT INTO Participacao (atleta_id, time_id, olimpiada_id, modalidade_id, idade, altura, peso, medalha) VALUES (67981, 1, 6, 68, 24.0, 164.0, 56.0, 'Bronze');
INSERT INTO Atletas (id, nome, sexo) VALUES (67982, 'Lee Jae-Sik', 'M');
INSERT INTO Participacao (atleta_id, time_id, olimpiada_id, modalidade_id, idade, altura, peso, medalha) VALUES (67982, 1, 2, 53, 21.0, 168.0, 68.0, null);
INSERT INTO Participacao (atleta_id, time_id, olimpiada_id, modalidade_id, idade, altura, peso, medalha) VALUES (67982, 1, 2, 54, 21.0, 168.0, 68.0, null);
INSERT INTO Participacao (atleta_id, time_id, olimpiada_id, modalidade_id, idade, altura, peso, medalha) VALUES (67982, 1, 2, 51, 21.0, 168.0, 68.0, null);
INSERT INTO Atletas (id, nome, sexo) VALUES (67983, 'Lee Jae-Su', 'M');
INSERT INTO Participacao (atleta_id, time_id, olimpiada_id, modalidade_id, idade, altura, peso, medalha) VALUES (67983, 1, 6, 216, 20.0, 171.0, 65.0, null);
INSERT INTO Participacao (atleta_id, time_id, olimpiada_id, modalidade_id, idade, altura, peso, medalha) VALUES (67983, 1, 6, 283, 20.0, 171.0, 65.0, null);
INSERT INTO Atletas (id, nome, sexo) VALUES (67984, 'Lee Jae-Wu', 'M');
INSERT INTO Participacao (atleta_id, time_id, olimpiada_id, modalidade_id, idade, altura, peso, medalha) VALUES (67984, 1, 23, 28, 20.0, 181.0, 88.0, null);
INSERT INTO Participacao (atleta_id, time_id, olimpiada_id, modalidade_id, idade, altura, peso, medalha) VALUES (67984, 1, 18, 28, 24.0, 181.0, 88.0, null);
INSERT INTO Participacao (atleta_id, time_id, olimpiada_id, modalidade_id, idade, altura, peso, medalha) VALUES (67984, 1, 16, 28, 28.0, 181.0, 88.0, null);
INSERT INTO Participacao (atleta_id, time_id, olimpiada_id, modalidade_id, idade, altura, peso, medalha) VALUES (67984, 1, 24, 28, 32.0, 181.0, 88.0, null);
INSERT INTO Atletas (id, nome, sexo) VALUES (67985, 'Lee Jae-Yeong', 'F');
INSERT INTO Participacao (atleta_id, time_id, olimpiada_id, modalidade_id, idade, altura, peso, medalha) VALUES (67985, 1, 4, 18, 19.0, 178.0, 66.0, null);
INSERT INTO Atletas (id, nome, sexo) VALUES (67987, 'Lee Jang-Hyeong', 'M');
INSERT INTO Participacao (atleta_id, time_id, olimpiada_id, modalidade_id, idade, altura, peso, medalha) VALUES (67987, 1, 23, 90, 26.0, 161.0, 56.0, null);
INSERT INTO Participacao (atleta_id, time_id, olimpiada_id, modalidade_id, idade, altura, peso, medalha) VALUES (67987, 1, 23, 91, 26.0, 161.0, 56.0, null);
INSERT INTO Participacao (atleta_id, time_id, olimpiada_id, modalidade_id, idade, altura, peso, medalha) VALUES (67987, 1, 23, 94, 26.0, 161.0, 56.0, null);
INSERT INTO Participacao (atleta_id, time_id, olimpiada_id, modalidade_id, idade, altura, peso, medalha) VALUES (67987, 1, 23, 95, 26.0, 161.0, 56.0, null);
INSERT INTO Participacao (atleta_id, time_id, olimpiada_id, modalidade_id, idade, altura, peso, medalha) VALUES (67987, 1, 23, 97, 26.0, 161.0, 56.0, null);
INSERT INTO Atletas (id, nome, sexo) VALUES (67989, 'Lee Jeong-Eun', 'F');
INSERT INTO Participacao (atleta_id, time_id, olimpiada_id, modalidade_id, idade, altura, peso, medalha) VALUES (67989, 1, 4, 270, 21.0, 153.0, 40.0, null);
INSERT INTO Atletas (id, nome, sexo) VALUES (67990, 'Lee Jeong-Geun', 'M');
INSERT INTO Participacao (atleta_id, time_id, olimpiada_id, modalidade_id, idade, altura, peso, medalha) VALUES (67990, 1, 5, 138, 24.0, 165.0, 62.0, 'Bronze');
INSERT INTO Atletas (id, nome, sexo) VALUES (67991, 'Lee Jeong-Gyu', 'M');
INSERT INTO Participacao (atleta_id, time_id, olimpiada_id, modalidade_id, idade, altura, peso, medalha) VALUES (67991, 1, 9, 259, null, null, null, null);
INSERT INTO Atletas (id, nome, sexo) VALUES (67992, 'Lee Jeong-Hui', 'F');
INSERT INTO Participacao (atleta_id, time_id, olimpiada_id, modalidade_id, idade, altura, peso, medalha) VALUES (67992, 1, 5, 45, 18.0, 148.0, 46.0, null);
INSERT INTO Participacao (atleta_id, time_id, olimpiada_id, modalidade_id, idade, altura, peso, medalha) VALUES (67992, 1, 5, 47, 18.0, 148.0, 46.0, null);
INSERT INTO Participacao (atleta_id, time_id, olimpiada_id, modalidade_id, idade, altura, peso, medalha) VALUES (67992, 1, 5, 48, 18.0, 148.0, 46.0, null);
INSERT INTO Participacao (atleta_id, time_id, olimpiada_id, modalidade_id, idade, altura, peso, medalha) VALUES (67992, 1, 5, 49, 18.0, 148.0, 46.0, null);
INSERT INTO Participacao (atleta_id, time_id, olimpiada_id, modalidade_id, idade, altura, peso, medalha) VALUES (67992, 1, 5, 50, 18.0, 148.0, 46.0, null);
INSERT INTO Atletas (id, nome, sexo) VALUES (67993, 'Lee Jeong-Hwa', 'F');
INSERT INTO Participacao (atleta_id, time_id, olimpiada_id, modalidade_id, idade, altura, peso, medalha) VALUES (67993, 1, 5, 117, 26.0, 160.0, 59.0, null);
INSERT INTO Atletas (id, nome, sexo) VALUES (67994, 'Lee Jeong-Hyeong', 'M');
INSERT INTO Participacao (atleta_id, time_id, olimpiada_id, modalidade_id, idade, altura, peso, medalha) VALUES (67994, 1, 14, 74, 19.0, null, null, null);
INSERT INTO Atletas (id, nome, sexo) VALUES (67995, 'Lee Jeong-Im', 'F');
INSERT INTO Participacao (atleta_id, time_id, olimpiada_id, modalidade_id, idade, altura, peso, medalha) VALUES (67995, 1, 12, 166, 21.0, null, null, null);
INSERT INTO Atletas (id, nome, sexo) VALUES (67996, 'Lee Jeong-Ja', 'F');
INSERT INTO Participacao (atleta_id, time_id, olimpiada_id, modalidade_id, idade, altura, peso, medalha) VALUES (67996, 1, 11, 18, 21.0, 170.0, 60.0, null);
INSERT INTO Atletas (id, nome, sexo) VALUES (67997, 'Lee Jeong-Jun', 'M');
INSERT INTO Participacao (atleta_id, time_id, olimpiada_id, modalidade_id, idade, altura, peso, medalha) VALUES (67997, 1, 16, 316, 24.0, 185.0, 78.0, null);
INSERT INTO Atletas (id, nome, sexo) VALUES (67998, 'Lee Jeong-Myeong', 'F');
INSERT INTO Participacao (atleta_id, time_id, olimpiada_id, modalidade_id, idade, altura, peso, medalha) VALUES (67998, 1, 6, 156, 21.0, 170.0, 60.0, null);
INSERT INTO Participacao (atleta_id, time_id, olimpiada_id, modalidade_id, idade, altura, peso, medalha) VALUES (67998, 1, 6, 297, 21.0, 170.0, 60.0, null);
INSERT INTO Participacao (atleta_id, time_id, olimpiada_id, modalidade_id, idade, altura, peso, medalha) VALUES (67998, 1, 12, 297, 24.0, 170.0, 60.0, null);
INSERT INTO Atletas (id, nome, sexo) VALUES (67999, 'Lee Jeong-Seok', 'M');
INSERT INTO Participacao (atleta_id, time_id, olimpiada_id, modalidade_id, idade, altura, peso, medalha) VALUES (67999, 1, 6, 150, 21.0, 188.0, 81.0, null);
INSERT INTO Atletas (id, nome, sexo) VALUES (68000, 'Lee Jeong-Seon', 'M');
INSERT INTO Participacao (atleta_id, time_id, olimpiada_id, modalidade_id, idade, altura, peso, medalha) VALUES (68000, 1, 18, 89, 25.0, 177.0, 80.0, null);
INSERT INTO Atletas (id, nome, sexo) VALUES (68001, 'Lee Jeong-Sik', 'M');
INSERT INTO Participacao (atleta_id, time_id, olimpiada_id, modalidade_id, idade, altura, peso, medalha) VALUES (68001, 1, 5, 90, 20.0, 168.0, 60.0, null);
INSERT INTO Participacao (atleta_id, time_id, olimpiada_id, modalidade_id, idade, altura, peso, medalha) VALUES (68001, 1, 5, 91, 20.0, 168.0, 60.0, null);
INSERT INTO Participacao (atleta_id, time_id, olimpiada_id, modalidade_id, idade, altura, peso, medalha) VALUES (68001, 1, 5, 92, 20.0, 168.0, 60.0, null);
INSERT INTO Participacao (atleta_id, time_id, olimpiada_id, modalidade_id, idade, altura, peso, medalha) VALUES (68001, 1, 5, 93, 20.0, 168.0, 60.0, null);
INSERT INTO Participacao (atleta_id, time_id, olimpiada_id, modalidade_id, idade, altura, peso, medalha) VALUES (68001, 1, 5, 94, 20.0, 168.0, 60.0, null);
INSERT INTO Participacao (atleta_id, time_id, olimpiada_id, modalidade_id, idade, altura, peso, medalha) VALUES (68001, 1, 5, 95, 20.0, 168.0, 60.0, null);
INSERT INTO Participacao (atleta_id, time_id, olimpiada_id, modalidade_id, idade, altura, peso, medalha) VALUES (68001, 1, 5, 96, 20.0, 168.0, 60.0, null);
INSERT INTO Participacao (atleta_id, time_id, olimpiada_id, modalidade_id, idade, altura, peso, medalha) VALUES (68001, 1, 5, 97, 20.0, 168.0, 60.0, null);
INSERT INTO Atletas (id, nome, sexo) VALUES (68002, 'Lee Jeong-Su', 'M');
INSERT INTO Participacao (atleta_id, time_id, olimpiada_id, modalidade_id, idade, altura, peso, medalha) VALUES (68002, 1, 17, 38, 20.0, 173.0, 60.0, 'Gold');
INSERT INTO Participacao (atleta_id, time_id, olimpiada_id, modalidade_id, idade, altura, peso, medalha) VALUES (68002, 1, 17, 39, 20.0, 173.0, 60.0, 'Gold');
INSERT INTO Participacao (atleta_id, time_id, olimpiada_id, modalidade_id, idade, altura, peso, medalha) VALUES (68002, 1, 17, 41, 20.0, 173.0, 60.0, 'Silver');
INSERT INTO Atletas (id, nome, sexo) VALUES (68003, 'Lee Jeong-Yeong', 'F');
INSERT INTO Participacao (atleta_id, time_id, olimpiada_id, modalidade_id, idade, altura, peso, medalha) VALUES (68003, 1, 23, 26, 21.0, 176.0, 68.0, null);
INSERT INTO Atletas (id, nome, sexo) VALUES (68004, 'Lee Ji-Eun', 'F');
INSERT INTO Participacao (atleta_id, time_id, olimpiada_id, modalidade_id, idade, altura, peso, medalha) VALUES (68004, 1, 16, 208, 19.0, 163.0, 54.0, null);
INSERT INTO Atletas (id, nome, sexo) VALUES (68005, 'Lee Ji-Hyeon', 'F');
INSERT INTO Participacao (atleta_id, time_id, olimpiada_id, modalidade_id, idade, altura, peso, medalha) VALUES (68005, 1, 14, 324, 14.0, 168.0, 55.0, null);
INSERT INTO Participacao (atleta_id, time_id, olimpiada_id, modalidade_id, idade, altura, peso, medalha) VALUES (68005, 1, 23, 324, 18.0, 168.0, 55.0, null);
INSERT INTO Atletas (id, nome, sexo) VALUES (68006, 'Lee Ji-Hyeon', 'F');
INSERT INTO Participacao (atleta_id, time_id, olimpiada_id, modalidade_id, idade, altura, peso, medalha) VALUES (68006, 1, 14, 161, 18.0, null, null, null);
INSERT INTO Participacao (atleta_id, time_id, olimpiada_id, modalidade_id, idade, altura, peso, medalha) VALUES (68006, 1, 14, 82, 18.0, null, null, null);
INSERT INTO Atletas (id, nome, sexo) VALUES (68007, 'Lee Ji-Hyeon', 'F');
INSERT INTO Participacao (atleta_id, time_id, olimpiada_id, modalidade_id, idade, altura, peso, medalha) VALUES (68007, 1, 14, 65, 16.0, null, null, null);
INSERT INTO Participacao (atleta_id, time_id, olimpiada_id, modalidade_id, idade, altura, peso, medalha) VALUES (68007, 1, 14, 232, 16.0, null, null, null);
INSERT INTO Participacao (atleta_id, time_id, olimpiada_id, modalidade_id, idade, altura, peso, medalha) VALUES (68007, 1, 14, 277, 16.0, null, null, null);
INSERT INTO Participacao (atleta_id, time_id, olimpiada_id, modalidade_id, idade, altura, peso, medalha) VALUES (68007, 1, 14, 133, 16.0, null, null, null);
INSERT INTO Atletas (id, nome, sexo) VALUES (68008, 'Lee Ji-Yeong', 'F');
INSERT INTO Participacao (atleta_id, time_id, olimpiada_id, modalidade_id, idade, altura, peso, medalha) VALUES (68008, 1, 18, 81, 15.0, 163.0, 52.0, null);
INSERT INTO Participacao (atleta_id, time_id, olimpiada_id, modalidade_id, idade, altura, peso, medalha) VALUES (68008, 1, 18, 69, 15.0, 163.0, 52.0, null);
INSERT INTO Atletas (id, nome, sexo) VALUES (68009, 'Lee Ji-Yeong', 'F');
INSERT INTO Participacao (atleta_id, time_id, olimpiada_id, modalidade_id, idade, altura, peso, medalha) VALUES (68009, 1, 14, 21, 24.0, null, null, 'Silver');
INSERT INTO Atletas (id, nome, sexo) VALUES (68010, 'Lee Jin-Hui', 'M');
INSERT INTO Participacao (atleta_id, time_id, olimpiada_id, modalidade_id, idade, altura, peso, medalha) VALUES (68010, 1, 17, 180, 25.0, 180.0, 88.0, null);
INSERT INTO Atletas (id, nome, sexo) VALUES (68011, 'Lee Jin-Hui', 'F');
INSERT INTO Participacao (atleta_id, time_id, olimpiada_id, modalidade_id, idade, altura, peso, medalha) VALUES (68011, 1, 18, 21, 24.0, 168.0, 51.0, null);
INSERT INTO Atletas (id, nome, sexo) VALUES (68012, 'Lee Jin-Il', 'M');
INSERT INTO Participacao (atleta_id, time_id, olimpiada_id, modalidade_id, idade, altura, peso, medalha) VALUES (68012, 1, 12, 274, 19.0, 183.0, 68.0, null);
INSERT INTO Atletas (id, nome, sexo) VALUES (68013, 'Lee Jin-Ok', 'M');
INSERT INTO Participacao (atleta_id, time_id, olimpiada_id, modalidade_id, idade, altura, peso, medalha) VALUES (68013, 1, 5, 10, 22.0, 185.0, 72.0, null);
INSERT INTO Participacao (atleta_id, time_id, olimpiada_id, modalidade_id, idade, altura, peso, medalha) VALUES (68013, 1, 5, 11, 22.0, 185.0, 72.0, null);
INSERT INTO Participacao (atleta_id, time_id, olimpiada_id, modalidade_id, idade, altura, peso, medalha) VALUES (68013, 1, 6, 10, 26.0, 185.0, 72.0, null);
INSERT INTO Participacao (atleta_id, time_id, olimpiada_id, modalidade_id, idade, altura, peso, medalha) VALUES (68013, 1, 6, 11, 26.0, 185.0, 72.0, null);
INSERT INTO Atletas (id, nome, sexo) VALUES (68014, 'Lee Jin-Taek', 'M');
INSERT INTO Participacao (atleta_id, time_id, olimpiada_id, modalidade_id, idade, altura, peso, medalha) VALUES (68014, 1, 12, 292, 20.0, 190.0, 70.0, null);
INSERT INTO Participacao (atleta_id, time_id, olimpiada_id, modalidade_id, idade, altura, peso, medalha) VALUES (68014, 1, 14, 292, 24.0, 190.0, 70.0, null);
INSERT INTO Participacao (atleta_id, time_id, olimpiada_id, modalidade_id, idade, altura, peso, medalha) VALUES (68014, 1, 23, 292, 28.0, 190.0, 70.0, null);
INSERT INTO Atletas (id, nome, sexo) VALUES (68015, 'Lee Jin-U', 'M');
INSERT INTO Participacao (atleta_id, time_id, olimpiada_id, modalidade_id, idade, altura, peso, medalha) VALUES (68015, 1, 20, 51, 19.0, 178.0, 75.0, null);
INSERT INTO Atletas (id, nome, sexo) VALUES (68016, 'Lee Jin-Yeong', 'M');
INSERT INTO Participacao (atleta_id, time_id, olimpiada_id, modalidade_id, idade, altura, peso, medalha) VALUES (68016, 1, 16, 20, 28.0, 185.0, 90.0, 'Gold');
INSERT INTO Atletas (id, nome, sexo) VALUES (68019, 'Lee Jong-Ae', 'F');
INSERT INTO Participacao (atleta_id, time_id, olimpiada_id, modalidade_id, idade, altura, peso, medalha) VALUES (68019, 1, 14, 33, 21.0, 187.0, 61.0, null);
INSERT INTO Participacao (atleta_id, time_id, olimpiada_id, modalidade_id, idade, altura, peso, medalha) VALUES (68019, 1, 23, 33, 25.0, 187.0, 61.0, null);
INSERT INTO Participacao (atleta_id, time_id, olimpiada_id, modalidade_id, idade, altura, peso, medalha) VALUES (68019, 1, 18, 33, 29.0, 187.0, 61.0, null);
INSERT INTO Participacao (atleta_id, time_id, olimpiada_id, modalidade_id, idade, altura, peso, medalha) VALUES (68019, 1, 16, 33, 33.0, 187.0, 61.0, null);
INSERT INTO Atletas (id, nome, sexo) VALUES (68020, 'Lee Jong-Guk', 'M');
INSERT INTO Participacao (atleta_id, time_id, olimpiada_id, modalidade_id, idade, altura, peso, medalha) VALUES (68020, 1, 30, 51, 26.0, null, null, null);
INSERT INTO Participacao (atleta_id, time_id, olimpiada_id, modalidade_id, idade, altura, peso, medalha) VALUES (68020, 1, 30, 52, 26.0, null, null, null);
INSERT INTO Atletas (id, nome, sexo) VALUES (68021, 'Lee Jong-Gyeong', 'M');
INSERT INTO Participacao (atleta_id, time_id, olimpiada_id, modalidade_id, idade, altura, peso, medalha) VALUES (68021, 1, 5, 72, 22.0, 199.0, 90.0, null);
INSERT INTO Participacao (atleta_id, time_id, olimpiada_id, modalidade_id, idade, altura, peso, medalha) VALUES (68021, 1, 6, 72, 26.0, 199.0, 90.0, null);
INSERT INTO Atletas (id, nome, sexo) VALUES (68022, 'Lee Jong-Hwa', 'M');
INSERT INTO Participacao (atleta_id, time_id, olimpiada_id, modalidade_id, idade, altura, peso, medalha) VALUES (68022, 1, 14, 203, 22.0, null, null, null);
INSERT INTO Atletas (id, nome, sexo) VALUES (68023, 'Lee Jong-Hyeon', 'M');
INSERT INTO Participacao (atleta_id, time_id, olimpiada_id, modalidade_id, idade, altura, peso, medalha) VALUES (68023, 1, 7, 183, 34.0, 178.0, 65.0, null);
INSERT INTO Atletas (id, nome, sexo) VALUES (68024, 'Lee Jong-Min', 'M');
INSERT INTO Participacao (atleta_id, time_id, olimpiada_id, modalidade_id, idade, altura, peso, medalha) VALUES (68024, 1, 23, 287, 18.0, 182.0, 75.0, null);
INSERT INTO Atletas (id, nome, sexo) VALUES (68025, 'Lee Jong-Seop', 'M');
INSERT INTO Participacao (atleta_id, time_id, olimpiada_id, modalidade_id, idade, altura, peso, medalha) VALUES (68025, 1, 15, 110, 24.0, 173.0, 75.0, null);
INSERT INTO Participacao (atleta_id, time_id, olimpiada_id, modalidade_id, idade, altura, peso, medalha) VALUES (68025, 1, 7, 110, 28.0, 173.0, 75.0, null);
INSERT INTO Participacao (atleta_id, time_id, olimpiada_id, modalidade_id, idade, altura, peso, medalha) VALUES (68025, 1, 10, 347, 32.0, 173.0, 75.0, null);
INSERT INTO Atletas (id, nome, sexo) VALUES (68026, 'Lee Jong-U', 'M');
INSERT INTO Participacao (atleta_id, time_id, olimpiada_id, modalidade_id, idade, altura, peso, medalha) VALUES (68026, 1, 20, 51, 20.0, 177.0, 73.0, null);
INSERT INTO Participacao (atleta_id, time_id, olimpiada_id, modalidade_id, idade, altura, peso, medalha) VALUES (68026, 1, 17, 51, 24.0, 177.0, 73.0, null);
INSERT INTO Participacao (atleta_id, time_id, olimpiada_id, modalidade_id, idade, altura, peso, medalha) VALUES (68026, 1, 17, 209, 24.0, 177.0, 73.0, null);
INSERT INTO Atletas (id, nome, sexo) VALUES (68027, 'Lee Jong-Uk', 'M');
INSERT INTO Participacao (atleta_id, time_id, olimpiada_id, modalidade_id, idade, altura, peso, medalha) VALUES (68027, 1, 16, 20, 28.0, 176.0, 77.0, 'Gold');
INSERT INTO Atletas (id, nome, sexo) VALUES (68028, 'Lee Ju-Hyeong', 'M');
INSERT INTO Participacao (atleta_id, time_id, olimpiada_id, modalidade_id, idade, altura, peso, medalha) VALUES (68028, 1, 6, 190, 23.0, 176.0, 84.0, null);
INSERT INTO Atletas (id, nome, sexo) VALUES (68029, 'Lee Ju-Hyeong', 'M');
INSERT INTO Participacao (atleta_id, time_id, olimpiada_id, modalidade_id, idade, altura, peso, medalha) VALUES (68029, 1, 12, 90, 19.0, 163.0, 61.0, null);
INSERT INTO Participacao (atleta_id, time_id, olimpiada_id, modalidade_id, idade, altura, peso, medalha) VALUES (68029, 1, 12, 91, 19.0, 163.0, 61.0, null);
INSERT INTO Participacao (atleta_id, time_id, olimpiada_id, modalidade_id, idade, altura, peso, medalha) VALUES (68029, 1, 12, 92, 19.0, 163.0, 61.0, null);
INSERT INTO Participacao (atleta_id, time_id, olimpiada_id, modalidade_id, idade, altura, peso, medalha) VALUES (68029, 1, 12, 93, 19.0, 163.0, 61.0, null);
INSERT INTO Participacao (atleta_id, time_id, olimpiada_id, modalidade_id, idade, altura, peso, medalha) VALUES (68029, 1, 12, 94, 19.0, 163.0, 61.0, null);
INSERT INTO Participacao (atleta_id, time_id, olimpiada_id, modalidade_id, idade, altura, peso, medalha) VALUES (68029, 1, 12, 95, 19.0, 163.0, 61.0, null);
INSERT INTO Participacao (atleta_id, time_id, olimpiada_id, modalidade_id, idade, altura, peso, medalha) VALUES (68029, 1, 12, 96, 19.0, 163.0, 61.0, null);
INSERT INTO Participacao (atleta_id, time_id, olimpiada_id, modalidade_id, idade, altura, peso, medalha) VALUES (68029, 1, 12, 97, 19.0, 163.0, 61.0, null);
INSERT INTO Participacao (atleta_id, time_id, olimpiada_id, modalidade_id, idade, altura, peso, medalha) VALUES (68029, 1, 14, 90, 23.0, 163.0, 61.0, null);
INSERT INTO Participacao (atleta_id, time_id, olimpiada_id, modalidade_id, idade, altura, peso, medalha) VALUES (68029, 1, 14, 91, 23.0, 163.0, 61.0, null);
INSERT INTO Participacao (atleta_id, time_id, olimpiada_id, modalidade_id, idade, altura, peso, medalha) VALUES (68029, 1, 14, 92, 23.0, 163.0, 61.0, null);
INSERT INTO Participacao (atleta_id, time_id, olimpiada_id, modalidade_id, idade, altura, peso, medalha) VALUES (68029, 1, 14, 93, 23.0, 163.0, 61.0, null);
INSERT INTO Participacao (atleta_id, time_id, olimpiada_id, modalidade_id, idade, altura, peso, medalha) VALUES (68029, 1, 14, 94, 23.0, 163.0, 61.0, null);
INSERT INTO Participacao (atleta_id, time_id, olimpiada_id, modalidade_id, idade, altura, peso, medalha) VALUES (68029, 1, 14, 95, 23.0, 163.0, 61.0, null);
INSERT INTO Participacao (atleta_id, time_id, olimpiada_id, modalidade_id, idade, altura, peso, medalha) VALUES (68029, 1, 14, 96, 23.0, 163.0, 61.0, null);
INSERT INTO Participacao (atleta_id, time_id, olimpiada_id, modalidade_id, idade, altura, peso, medalha) VALUES (68029, 1, 14, 97, 23.0, 163.0, 61.0, null);
INSERT INTO Participacao (atleta_id, time_id, olimpiada_id, modalidade_id, idade, altura, peso, medalha) VALUES (68029, 1, 23, 90, 27.0, 163.0, 61.0, null);
INSERT INTO Participacao (atleta_id, time_id, olimpiada_id, modalidade_id, idade, altura, peso, medalha) VALUES (68029, 1, 23, 91, 27.0, 163.0, 61.0, null);
INSERT INTO Participacao (atleta_id, time_id, olimpiada_id, modalidade_id, idade, altura, peso, medalha) VALUES (68029, 1, 23, 92, 27.0, 163.0, 61.0, null);
INSERT INTO Participacao (atleta_id, time_id, olimpiada_id, modalidade_id, idade, altura, peso, medalha) VALUES (68029, 1, 23, 93, 27.0, 163.0, 61.0, null);
INSERT INTO Participacao (atleta_id, time_id, olimpiada_id, modalidade_id, idade, altura, peso, medalha) VALUES (68029, 1, 23, 94, 27.0, 163.0, 61.0, 'Silver');
INSERT INTO Participacao (atleta_id, time_id, olimpiada_id, modalidade_id, idade, altura, peso, medalha) VALUES (68029, 1, 23, 95, 27.0, 163.0, 61.0, 'Bronze');
INSERT INTO Participacao (atleta_id, time_id, olimpiada_id, modalidade_id, idade, altura, peso, medalha) VALUES (68029, 1, 23, 96, 27.0, 163.0, 61.0, null);
INSERT INTO Participacao (atleta_id, time_id, olimpiada_id, modalidade_id, idade, altura, peso, medalha) VALUES (68029, 1, 23, 97, 27.0, 163.0, 61.0, null);
INSERT INTO Atletas (id, nome, sexo) VALUES (68030, 'Lee Ju-Yeon', 'F');
INSERT INTO Participacao (atleta_id, time_id, olimpiada_id, modalidade_id, idade, altura, peso, medalha) VALUES (68030, 1, 20, 100, 18.0, 163.0, 52.0, null);
INSERT INTO Participacao (atleta_id, time_id, olimpiada_id, modalidade_id, idade, altura, peso, medalha) VALUES (68030, 1, 20, 61, 18.0, 163.0, 52.0, null);
INSERT INTO Participacao (atleta_id, time_id, olimpiada_id, modalidade_id, idade, altura, peso, medalha) VALUES (68030, 1, 17, 61, 22.0, 163.0, 52.0, null);
INSERT INTO Participacao (atleta_id, time_id, olimpiada_id, modalidade_id, idade, altura, peso, medalha) VALUES (68030, 1, 17, 60, 22.0, 163.0, 52.0, null);
INSERT INTO Participacao (atleta_id, time_id, olimpiada_id, modalidade_id, idade, altura, peso, medalha) VALUES (68030, 1, 17, 299, 22.0, 163.0, 52.0, null);
INSERT INTO Atletas (id, nome, sexo) VALUES (68031, 'Lee Jun-Gil', 'M');
INSERT INTO Participacao (atleta_id, time_id, olimpiada_id, modalidade_id, idade, altura, peso, medalha) VALUES (68031, 1, 17, 108, 24.0, 173.0, 61.0, null);
INSERT INTO Atletas (id, nome, sexo) VALUES (68032, 'Lee Jun-Ho', 'M');
INSERT INTO Participacao (atleta_id, time_id, olimpiada_id, modalidade_id, idade, altura, peso, medalha) VALUES (68032, 1, 1, 38, 26.0, 171.0, 65.0, 'Bronze');
INSERT INTO Participacao (atleta_id, time_id, olimpiada_id, modalidade_id, idade, altura, peso, medalha) VALUES (68032, 1, 1, 41, 26.0, 171.0, 65.0, 'Gold');
INSERT INTO Participacao (atleta_id, time_id, olimpiada_id, modalidade_id, idade, altura, peso, medalha) VALUES (68032, 1, 2, 40, 28.0, 171.0, 65.0, null);
INSERT INTO Participacao (atleta_id, time_id, olimpiada_id, modalidade_id, idade, altura, peso, medalha) VALUES (68032, 1, 2, 38, 28.0, 171.0, 65.0, null);
INSERT INTO Atletas (id, nome, sexo) VALUES (68033, 'Lee Jun-Hwan', 'M');
INSERT INTO Participacao (atleta_id, time_id, olimpiada_id, modalidade_id, idade, altura, peso, medalha) VALUES (68033, 1, 3, 40, 20.0, 181.0, 74.0, null);
INSERT INTO Participacao (atleta_id, time_id, olimpiada_id, modalidade_id, idade, altura, peso, medalha) VALUES (68033, 1, 3, 38, 20.0, 181.0, 74.0, null);
INSERT INTO Participacao (atleta_id, time_id, olimpiada_id, modalidade_id, idade, altura, peso, medalha) VALUES (68033, 1, 3, 41, 20.0, 181.0, 74.0, 'Silver');
INSERT INTO Atletas (id, nome, sexo) VALUES (68034, 'Lee Jun-Yeong', 'M');
INSERT INTO Participacao (atleta_id, time_id, olimpiada_id, modalidade_id, idade, altura, peso, medalha) VALUES (68034, 1, 8, 12, null, null, null, null);
INSERT INTO Atletas (id, nome, sexo) VALUES (68035, 'Lee Jung-Baik', 'M');
INSERT INTO Participacao (atleta_id, time_id, olimpiada_id, modalidade_id, idade, altura, peso, medalha) VALUES (68035, 1, 4, 14, 29.0, 161.0, 65.0, null);
INSERT INTO Atletas (id, nome, sexo) VALUES (68041, 'Lee Keun-Ho', 'M');
INSERT INTO Participacao (atleta_id, time_id, olimpiada_id, modalidade_id, idade, altura, peso, medalha) VALUES (68041, 1, 16, 56, 23.0, 176.0, 71.0, null);
INSERT INTO Atletas (id, nome, sexo) VALUES (68043, 'Lee Ki-Hyun', 'M');
INSERT INTO Participacao (atleta_id, time_id, olimpiada_id, modalidade_id, idade, altura, peso, medalha) VALUES (68043, 1, 19, 86, 23.0, 171.0, 72.0, null);
INSERT INTO Atletas (id, nome, sexo) VALUES (68044, 'Lee Kye-Rim', 'F');
INSERT INTO Participacao (atleta_id, time_id, olimpiada_id, modalidade_id, idade, altura, peso, medalha) VALUES (68044, 1, 4, 187, 25.0, 158.0, 50.0, null);
INSERT INTO Atletas (id, nome, sexo) VALUES (68045, 'Lee Kyu-Hyun', 'M');
INSERT INTO Participacao (atleta_id, time_id, olimpiada_id, modalidade_id, idade, altura, peso, medalha) VALUES (68045, 1, 3, 107, 17.0, 180.0, 70.0, null);
INSERT INTO Participacao (atleta_id, time_id, olimpiada_id, modalidade_id, idade, altura, peso, medalha) VALUES (68045, 1, 19, 107, 21.0, 180.0, 70.0, null);
INSERT INTO Atletas (id, nome, sexo) VALUES (68046, 'Lee Kyung-Hong', 'M');
INSERT INTO Participacao (atleta_id, time_id, olimpiada_id, modalidade_id, idade, altura, peso, medalha) VALUES (68046, 1, 14, 56, 27.0, null, null, null);
INSERT INTO Atletas (id, nome, sexo) VALUES (68047, 'Lee Kyung-Ja', 'F');
INSERT INTO Participacao (atleta_id, time_id, olimpiada_id, modalidade_id, idade, altura, peso, medalha) VALUES (68047, 1, 21, 100, 19.0, 165.0, 56.0, null);
INSERT INTO Participacao (atleta_id, time_id, olimpiada_id, modalidade_id, idade, altura, peso, medalha) VALUES (68047, 1, 21, 61, 19.0, 165.0, 56.0, null);
INSERT INTO Participacao (atleta_id, time_id, olimpiada_id, modalidade_id, idade, altura, peso, medalha) VALUES (68047, 1, 21, 60, 19.0, 165.0, 56.0, null);
INSERT INTO Atletas (id, nome, sexo) VALUES (68050, 'Lyoon-Jung "Lily" Lee', 'F');
INSERT INTO Participacao (atleta_id, time_id, olimpiada_id, modalidade_id, idade, altura, peso, medalha) VALUES (68050, 1, 2, 87, 24.0, 162.0, 59.0, null);
INSERT INTO Atletas (id, nome, sexo) VALUES (68053, 'Lee Mi-Gyeong', 'F');
INSERT INTO Participacao (atleta_id, time_id, olimpiada_id, modalidade_id, idade, altura, peso, medalha) VALUES (68053, 1, 6, 117, 19.0, 161.0, 51.0, null);
INSERT INTO Atletas (id, nome, sexo) VALUES (68054, 'Lee Mi-Gyeong', 'F');
INSERT INTO Participacao (atleta_id, time_id, olimpiada_id, modalidade_id, idade, altura, peso, medalha) VALUES (68054, 1, 14, 34, 21.0, 159.0, 45.0, null);
INSERT INTO Atletas (id, nome, sexo) VALUES (68055, 'Lee Mi-Gyeong', 'F');
INSERT INTO Participacao (atleta_id, time_id, olimpiada_id, modalidade_id, idade, altura, peso, medalha) VALUES (68055, 1, 24, 26, 20.0, 165.0, 62.0, null);
INSERT INTO Atletas (id, nome, sexo) VALUES (68056, 'Lee Mi-Ja', 'F');
INSERT INTO Participacao (atleta_id, time_id, olimpiada_id, modalidade_id, idade, altura, peso, medalha) VALUES (68056, 1, 5, 33, 20.0, 175.0, 67.0, 'Silver');
INSERT INTO Atletas (id, nome, sexo) VALUES (68057, 'Lee Mi-Ok', 'F');
INSERT INTO Participacao (atleta_id, time_id, olimpiada_id, modalidade_id, idade, altura, peso, medalha) VALUES (68057, 1, 6, 34, 30.0, 163.0, 47.0, null);
INSERT INTO Participacao (atleta_id, time_id, olimpiada_id, modalidade_id, idade, altura, peso, medalha) VALUES (68057, 1, 12, 34, 34.0, 163.0, 47.0, null);
INSERT INTO Atletas (id, nome, sexo) VALUES (68058, 'Lee Mi-Seon', 'F');
INSERT INTO Participacao (atleta_id, time_id, olimpiada_id, modalidade_id, idade, altura, peso, medalha) VALUES (68058, 1, 23, 33, 21.0, 174.0, 64.0, null);
INSERT INTO Participacao (atleta_id, time_id, olimpiada_id, modalidade_id, idade, altura, peso, medalha) VALUES (68058, 1, 18, 33, 25.0, 174.0, 64.0, null);
INSERT INTO Participacao (atleta_id, time_id, olimpiada_id, modalidade_id, idade, altura, peso, medalha) VALUES (68058, 1, 16, 33, 29.0, 174.0, 64.0, null);
INSERT INTO Atletas (id, nome, sexo) VALUES (68059, 'Lee Mi-Seong', 'F');
INSERT INTO Participacao (atleta_id, time_id, olimpiada_id, modalidade_id, idade, altura, peso, medalha) VALUES (68059, 1, 18, 21, 27.0, 161.0, 56.0, null);
INSERT INTO Atletas (id, nome, sexo) VALUES (68060, 'Lee Mi-Yeong', 'F');
INSERT INTO Participacao (atleta_id, time_id, olimpiada_id, modalidade_id, idade, altura, peso, medalha) VALUES (68060, 1, 12, 26, 23.0, null, null, 'Gold');
INSERT INTO Atletas (id, nome, sexo) VALUES (68061, 'Lee Mi-Yeong', 'F');
INSERT INTO Participacao (atleta_id, time_id, olimpiada_id, modalidade_id, idade, altura, peso, medalha) VALUES (68061, 1, 18, 62, 24.0, 174.0, 97.0, null);
INSERT INTO Participacao (atleta_id, time_id, olimpiada_id, modalidade_id, idade, altura, peso, medalha) VALUES (68061, 1, 16, 62, 28.0, 174.0, 97.0, null);
INSERT INTO Atletas (id, nome, sexo) VALUES (68062, 'Lee Min-Hui', 'F');
INSERT INTO Participacao (atleta_id, time_id, olimpiada_id, modalidade_id, idade, altura, peso, medalha) VALUES (68062, 1, 16, 26, 28.0, 174.0, 65.0, 'Bronze');
INSERT INTO Atletas (id, nome, sexo) VALUES (68063, 'Lee Min-Hye', 'F');
INSERT INTO Participacao (atleta_id, time_id, olimpiada_id, modalidade_id, idade, altura, peso, medalha) VALUES (68063, 1, 16, 334, 22.0, 174.0, 70.0, null);
INSERT INTO Modalidades (nome, esporte_id) VALUES ('Cycling Women''s Omnium', 5);
INSERT INTO Participacao (atleta_id, time_id, olimpiada_id, modalidade_id, idade, altura, peso, medalha) VALUES (68063, 1, 24, 354, 26.0, 174.0, 70.0, null);
INSERT INTO Atletas (id, nome, sexo) VALUES (68066, 'Lee Moon-Kyu', 'M');
INSERT INTO Participacao (atleta_id, time_id, olimpiada_id, modalidade_id, idade, altura, peso, medalha) VALUES (68066, 1, 6, 12, 32.0, 190.0, 83.0, null);
INSERT INTO Atletas (id, nome, sexo) VALUES (68068, 'Lee Myeong-Hak', 'M');
INSERT INTO Participacao (atleta_id, time_id, olimpiada_id, modalidade_id, idade, altura, peso, medalha) VALUES (68068, 1, 6, 72, 21.0, 195.0, 83.0, null);
INSERT INTO Atletas (id, nome, sexo) VALUES (68069, 'Lee Myeong-Ho', 'M');
INSERT INTO Participacao (atleta_id, time_id, olimpiada_id, modalidade_id, idade, altura, peso, medalha) VALUES (68069, 1, 16, 89, 28.0, 177.0, 81.0, null);
INSERT INTO Participacao (atleta_id, time_id, olimpiada_id, modalidade_id, idade, altura, peso, medalha) VALUES (68069, 1, 24, 89, 32.0, 177.0, 81.0, null);
INSERT INTO Atletas (id, nome, sexo) VALUES (68070, 'Lee Myeong-Hui', 'F');
INSERT INTO Participacao (atleta_id, time_id, olimpiada_id, modalidade_id, idade, altura, peso, medalha) VALUES (68070, 1, 23, 18, 22.0, 175.0, 64.0, null);
INSERT INTO Atletas (id, nome, sexo) VALUES (68071, 'Lee Myeong-Hui', 'F');
INSERT INTO Participacao (atleta_id, time_id, olimpiada_id, modalidade_id, idade, altura, peso, medalha) VALUES (68071, 1, 5, 18, 21.0, 175.0, 65.0, null);
INSERT INTO Atletas (id, nome, sexo) VALUES (68072, 'Lee Myeong-Jeong', 'M');
INSERT INTO Participacao (atleta_id, time_id, olimpiada_id, modalidade_id, idade, altura, peso, medalha) VALUES (68072, 1, 10, 67, 23.0, 171.0, 59.0, null);
INSERT INTO Atletas (id, nome, sexo) VALUES (68073, 'Lee Myeong-Seon', 'F');
INSERT INTO Participacao (atleta_id, time_id, olimpiada_id, modalidade_id, idade, altura, peso, medalha) VALUES (68073, 1, 14, 62, 20.0, 168.0, 90.0, null);
INSERT INTO Participacao (atleta_id, time_id, olimpiada_id, modalidade_id, idade, altura, peso, medalha) VALUES (68073, 1, 23, 62, 24.0, 168.0, 90.0, null);
INSERT INTO Atletas (id, nome, sexo) VALUES (68074, 'Lee Myeong-Seung', 'M');
INSERT INTO Participacao (atleta_id, time_id, olimpiada_id, modalidade_id, idade, altura, peso, medalha) VALUES (68074, 1, 18, 67, 24.0, 177.0, 61.0, null);
INSERT INTO Participacao (atleta_id, time_id, olimpiada_id, modalidade_id, idade, altura, peso, medalha) VALUES (68074, 1, 16, 67, 28.0, 177.0, 61.0, null);
INSERT INTO Atletas (id, nome, sexo) VALUES (68075, 'Lee Myeong-Su', 'M');
INSERT INTO Participacao (atleta_id, time_id, olimpiada_id, modalidade_id, idade, altura, peso, medalha) VALUES (68075, 1, 5, 128, 27.0, 154.0, 60.0, null);
INSERT INTO Atletas (id, nome, sexo) VALUES (68076, 'Lee Na-Rae', 'F');
INSERT INTO Participacao (atleta_id, time_id, olimpiada_id, modalidade_id, idade, altura, peso, medalha) VALUES (68076, 1, 18, 170, 25.0, 160.0, 55.0, null);
INSERT INTO Atletas (id, nome, sexo) VALUES (68077, 'Lee Nam-Su', 'F');
INSERT INTO Participacao (atleta_id, time_id, olimpiada_id, modalidade_id, idade, altura, peso, medalha) VALUES (68077, 1, 23, 26, 24.0, 174.0, 65.0, null);
INSERT INTO Atletas (id, nome, sexo) VALUES (68078, 'Lee Nam-Sun', 'F');
INSERT INTO Olimpiadas (jogos, ano, estacao, cidade) VALUES ('1976 Winter', 1976, 'Winter', 'Innsbruck');
INSERT INTO Participacao (atleta_id, time_id, olimpiada_id, modalidade_id, idade, altura, peso, medalha) VALUES (68078, 1, 34, 27, 14.0, 164.0, 62.0, null);
INSERT INTO Participacao (atleta_id, time_id, olimpiada_id, modalidade_id, idade, altura, peso, medalha) VALUES (68078, 1, 34, 100, 14.0, 164.0, 62.0, null);
INSERT INTO Participacao (atleta_id, time_id, olimpiada_id, modalidade_id, idade, altura, peso, medalha) VALUES (68078, 1, 34, 61, 14.0, 164.0, 62.0, null);
INSERT INTO Participacao (atleta_id, time_id, olimpiada_id, modalidade_id, idade, altura, peso, medalha) VALUES (68078, 1, 34, 60, 14.0, 164.0, 62.0, null);
INSERT INTO Participacao (atleta_id, time_id, olimpiada_id, modalidade_id, idade, altura, peso, medalha) VALUES (68078, 1, 32, 27, 18.0, 164.0, 62.0, null);
INSERT INTO Participacao (atleta_id, time_id, olimpiada_id, modalidade_id, idade, altura, peso, medalha) VALUES (68078, 1, 32, 100, 18.0, 164.0, 62.0, null);
INSERT INTO Atletas (id, nome, sexo) VALUES (68079, 'Lee Nam-Yong', 'M');
INSERT INTO Participacao (atleta_id, time_id, olimpiada_id, modalidade_id, idade, altura, peso, medalha) VALUES (68079, 1, 16, 89, 24.0, 170.0, 68.0, null);
INSERT INTO Participacao (atleta_id, time_id, olimpiada_id, modalidade_id, idade, altura, peso, medalha) VALUES (68079, 1, 24, 89, 28.0, 170.0, 68.0, null);
INSERT INTO Atletas (id, nome, sexo) VALUES (68081, 'Lee Ok-Seong', 'M');
INSERT INTO Participacao (atleta_id, time_id, olimpiada_id, modalidade_id, idade, altura, peso, medalha) VALUES (68081, 1, 16, 215, 27.0, 172.0, 51.0, null);
INSERT INTO Atletas (id, nome, sexo) VALUES (68084, 'Lee Pil-Jung', 'M');
INSERT INTO Participacao (atleta_id, time_id, olimpiada_id, modalidade_id, idade, altura, peso, medalha) VALUES (68084, 1, 15, 202, 23.0, 169.0, 53.0, null);
INSERT INTO Atletas (id, nome, sexo) VALUES (68085, 'Lee Ra-Jin', 'F');
INSERT INTO Participacao (atleta_id, time_id, olimpiada_id, modalidade_id, idade, altura, peso, medalha) VALUES (68085, 1, 24, 244, 22.0, 166.0, 68.0, null);
INSERT INTO Atletas (id, nome, sexo) VALUES (68093, 'Lee Sang-Cheol', 'M');
INSERT INTO Participacao (atleta_id, time_id, olimpiada_id, modalidade_id, idade, altura, peso, medalha) VALUES (68093, 1, 15, 67, 24.0, 160.0, 47.0, null);
INSERT INTO Atletas (id, nome, sexo) VALUES (68094, 'Lee Sang-Do', 'M');
INSERT INTO Participacao (atleta_id, time_id, olimpiada_id, modalidade_id, idade, altura, peso, medalha) VALUES (68094, 1, 18, 157, 26.0, 173.0, 83.0, null);
INSERT INTO Participacao (atleta_id, time_id, olimpiada_id, modalidade_id, idade, altura, peso, medalha) VALUES (68094, 1, 18, 22, 26.0, 173.0, 83.0, null);
INSERT INTO Atletas (id, nome, sexo) VALUES (68095, 'Lee Sang-Eun', 'F');
INSERT INTO Participacao (atleta_id, time_id, olimpiada_id, modalidade_id, idade, altura, peso, medalha) VALUES (68095, 1, 14, 26, 21.0, 172.0, 68.0, 'Silver');
INSERT INTO Participacao (atleta_id, time_id, olimpiada_id, modalidade_id, idade, altura, peso, medalha) VALUES (68095, 1, 23, 26, 25.0, 172.0, 68.0, null);
INSERT INTO Participacao (atleta_id, time_id, olimpiada_id, modalidade_id, idade, altura, peso, medalha) VALUES (68095, 1, 18, 26, 29.0, 172.0, 68.0, 'Silver');
INSERT INTO Atletas (id, nome, sexo) VALUES (68096, 'Lee Sang-Geun', 'M');
INSERT INTO Modalidades (nome, esporte_id) VALUES ('Athletics Men''s 10,000 metres', 18);
INSERT INTO Participacao (atleta_id, time_id, olimpiada_id, modalidade_id, idade, altura, peso, medalha) VALUES (68096, 1, 6, 355, 26.0, 165.0, 51.0, null);
INSERT INTO Atletas (id, nome, sexo) VALUES (68097, 'Lee Sang-Gi', 'M');
INSERT INTO Participacao (atleta_id, time_id, olimpiada_id, modalidade_id, idade, altura, peso, medalha) VALUES (68097, 1, 6, 224, 22.0, 186.0, 85.0, null);
INSERT INTO Participacao (atleta_id, time_id, olimpiada_id, modalidade_id, idade, altura, peso, medalha) VALUES (68097, 1, 6, 200, 22.0, 186.0, 85.0, null);
INSERT INTO Participacao (atleta_id, time_id, olimpiada_id, modalidade_id, idade, altura, peso, medalha) VALUES (68097, 1, 12, 224, 26.0, 186.0, 85.0, null);
INSERT INTO Participacao (atleta_id, time_id, olimpiada_id, modalidade_id, idade, altura, peso, medalha) VALUES (68097, 1, 12, 200, 26.0, 186.0, 85.0, null);
INSERT INTO Participacao (atleta_id, time_id, olimpiada_id, modalidade_id, idade, altura, peso, medalha) VALUES (68097, 1, 14, 224, 30.0, 186.0, 85.0, null);
INSERT INTO Participacao (atleta_id, time_id, olimpiada_id, modalidade_id, idade, altura, peso, medalha) VALUES (68097, 1, 14, 200, 30.0, 186.0, 85.0, null);
INSERT INTO Participacao (atleta_id, time_id, olimpiada_id, modalidade_id, idade, altura, peso, medalha) VALUES (68097, 1, 23, 224, 34.0, 186.0, 85.0, 'Bronze');
INSERT INTO Participacao (atleta_id, time_id, olimpiada_id, modalidade_id, idade, altura, peso, medalha) VALUES (68097, 1, 23, 200, 34.0, 186.0, 85.0, null);
INSERT INTO Atletas (id, nome, sexo) VALUES (68098, 'Lee Sang-Gyun', 'M');
INSERT INTO Participacao (atleta_id, time_id, olimpiada_id, modalidade_id, idade, altura, peso, medalha) VALUES (68098, 1, 9, 24, null, null, null, null);
INSERT INTO Atletas (id, nome, sexo) VALUES (68099, 'Lee Sang-Ho', 'M');
INSERT INTO Participacao (atleta_id, time_id, olimpiada_id, modalidade_id, idade, altura, peso, medalha) VALUES (68099, 1, 6, 280, 25.0, 152.0, 52.0, null);
INSERT INTO Atletas (id, nome, sexo) VALUES (68100, 'Lee Sang-Hui', 'F');
INSERT INTO Participacao (atleta_id, time_id, olimpiada_id, modalidade_id, idade, altura, peso, medalha) VALUES (68100, 1, 14, 336, 26.0, null, null, null);
INSERT INTO Atletas (id, nome, sexo) VALUES (68101, 'Lee Sang-Hun', 'M');
INSERT INTO Participacao (atleta_id, time_id, olimpiada_id, modalidade_id, idade, altura, peso, medalha) VALUES (68101, 1, 8, 12, null, null, null, null);
INSERT INTO Atletas (id, nome, sexo) VALUES (68102, 'Lee Sang-Hun', 'M');
INSERT INTO Participacao (atleta_id, time_id, olimpiada_id, modalidade_id, idade, altura, peso, medalha) VALUES (68102, 1, 7, 67, 26.0, 169.0, 54.0, null);
INSERT INTO Participacao (atleta_id, time_id, olimpiada_id, modalidade_id, idade, altura, peso, medalha) VALUES (68102, 1, 10, 67, 30.0, 169.0, 54.0, null);
INSERT INTO Atletas (id, nome, sexo) VALUES (68103, 'Lee Sang-Hwa', 'F');
INSERT INTO Participacao (atleta_id, time_id, olimpiada_id, modalidade_id, idade, altura, peso, medalha) VALUES (68103, 1, 20, 27, 16.0, 165.0, 62.0, null);
INSERT INTO Participacao (atleta_id, time_id, olimpiada_id, modalidade_id, idade, altura, peso, medalha) VALUES (68103, 1, 20, 100, 16.0, 165.0, 62.0, null);
INSERT INTO Participacao (atleta_id, time_id, olimpiada_id, modalidade_id, idade, altura, peso, medalha) VALUES (68103, 1, 17, 27, 20.0, 165.0, 62.0, 'Gold');
INSERT INTO Participacao (atleta_id, time_id, olimpiada_id, modalidade_id, idade, altura, peso, medalha) VALUES (68103, 1, 17, 100, 20.0, 165.0, 62.0, null);
INSERT INTO Participacao (atleta_id, time_id, olimpiada_id, modalidade_id, idade, altura, peso, medalha) VALUES (68103, 1, 27, 27, 24.0, 165.0, 62.0, 'Gold');
INSERT INTO Participacao (atleta_id, time_id, olimpiada_id, modalidade_id, idade, altura, peso, medalha) VALUES (68103, 1, 27, 100, 24.0, 165.0, 62.0, null);
INSERT INTO Atletas (id, nome, sexo) VALUES (68104, 'Lee Sang-Hyeon', 'M');
INSERT INTO Participacao (atleta_id, time_id, olimpiada_id, modalidade_id, idade, altura, peso, medalha) VALUES (68104, 1, 14, 56, 20.0, 179.0, 70.0, null);
INSERT INTO Atletas (id, nome, sexo) VALUES (68105, 'Lee Sang-Hyo', 'M');
INSERT INTO Participacao (atleta_id, time_id, olimpiada_id, modalidade_id, idade, altura, peso, medalha) VALUES (68105, 1, 5, 28, 22.0, 181.0, 77.0, null);
INSERT INTO Participacao (atleta_id, time_id, olimpiada_id, modalidade_id, idade, altura, peso, medalha) VALUES (68105, 1, 6, 28, 27.0, 181.0, 77.0, 'Silver');
INSERT INTO Atletas (id, nome, sexo) VALUES (68106, 'Lee Sang-Min', 'M');
INSERT INTO Participacao (atleta_id, time_id, olimpiada_id, modalidade_id, idade, altura, peso, medalha) VALUES (68106, 1, 14, 12, 23.0, 183.0, 75.0, null);
INSERT INTO Atletas (id, nome, sexo) VALUES (68107, 'Lee Sang-Su', 'M');
INSERT INTO Participacao (atleta_id, time_id, olimpiada_id, modalidade_id, idade, altura, peso, medalha) VALUES (68107, 1, 4, 182, 25.0, 180.0, 69.0, null);
INSERT INTO Participacao (atleta_id, time_id, olimpiada_id, modalidade_id, idade, altura, peso, medalha) VALUES (68107, 1, 4, 284, 25.0, 180.0, 69.0, null);
INSERT INTO Atletas (id, nome, sexo) VALUES (68108, 'Lee Sang-U', 'M');
INSERT INTO Participacao (atleta_id, time_id, olimpiada_id, modalidade_id, idade, altura, peso, medalha) VALUES (68108, 1, 7, 29, 21.0, 174.0, 73.0, null);
INSERT INTO Atletas (id, nome, sexo) VALUES (68109, 'Lee Sang-Wook', 'M');
INSERT INTO Participacao (atleta_id, time_id, olimpiada_id, modalidade_id, idade, altura, peso, medalha) VALUES (68109, 1, 4, 91, 30.0, 170.0, 59.0, null);
INSERT INTO Participacao (atleta_id, time_id, olimpiada_id, modalidade_id, idade, altura, peso, medalha) VALUES (68109, 1, 4, 92, 30.0, 170.0, 59.0, null);
INSERT INTO Participacao (atleta_id, time_id, olimpiada_id, modalidade_id, idade, altura, peso, medalha) VALUES (68109, 1, 4, 94, 30.0, 170.0, 59.0, null);
INSERT INTO Participacao (atleta_id, time_id, olimpiada_id, modalidade_id, idade, altura, peso, medalha) VALUES (68109, 1, 4, 95, 30.0, 170.0, 59.0, null);
INSERT INTO Participacao (atleta_id, time_id, olimpiada_id, modalidade_id, idade, altura, peso, medalha) VALUES (68109, 1, 4, 96, 30.0, 170.0, 59.0, null);
INSERT INTO Participacao (atleta_id, time_id, olimpiada_id, modalidade_id, idade, altura, peso, medalha) VALUES (68109, 1, 4, 97, 30.0, 170.0, 59.0, null);
INSERT INTO Atletas (id, nome, sexo) VALUES (68110, 'Lee Sang-Yeol', 'M');
INSERT INTO Participacao (atleta_id, time_id, olimpiada_id, modalidade_id, idade, altura, peso, medalha) VALUES (68110, 1, 6, 72, 22.0, 196.0, 95.0, null);
INSERT INTO Atletas (id, nome, sexo) VALUES (68111, 'Lee Sang-Yeop', 'M');
INSERT INTO Participacao (atleta_id, time_id, olimpiada_id, modalidade_id, idade, altura, peso, medalha) VALUES (68111, 1, 12, 200, 19.0, 185.0, 82.0, null);
INSERT INTO Participacao (atleta_id, time_id, olimpiada_id, modalidade_id, idade, altura, peso, medalha) VALUES (68111, 1, 23, 224, 27.0, 185.0, 82.0, null);
INSERT INTO Participacao (atleta_id, time_id, olimpiada_id, modalidade_id, idade, altura, peso, medalha) VALUES (68111, 1, 23, 200, 27.0, 185.0, 82.0, null);
INSERT INTO Participacao (atleta_id, time_id, olimpiada_id, modalidade_id, idade, altura, peso, medalha) VALUES (68111, 1, 18, 224, 31.0, 185.0, 82.0, null);
INSERT INTO Atletas (id, nome, sexo) VALUES (68113, 'Lee Se-Yeol', 'M');
INSERT INTO Participacao (atleta_id, time_id, olimpiada_id, modalidade_id, idade, altura, peso, medalha) VALUES (68113, 1, 24, 171, 21.0, 180.0, 84.0, null);
INSERT INTO Atletas (id, nome, sexo) VALUES (68115, 'Lee Seog-Un', 'M');
INSERT INTO Participacao (atleta_id, time_id, olimpiada_id, modalidade_id, idade, altura, peso, medalha) VALUES (68115, 1, 11, 234, 20.0, 157.0, 48.0, null);
INSERT INTO Atletas (id, nome, sexo) VALUES (68116, 'Lee Seok-Hyeong', 'M');
INSERT INTO Participacao (atleta_id, time_id, olimpiada_id, modalidade_id, idade, altura, peso, medalha) VALUES (68116, 1, 23, 28, 29.0, 195.0, 97.0, null);
INSERT INTO Atletas (id, nome, sexo) VALUES (68117, 'Lee Seok-Tae', 'M');
INSERT INTO Participacao (atleta_id, time_id, olimpiada_id, modalidade_id, idade, altura, peso, medalha) VALUES (68117, 1, 18, 268, 31.0, 179.0, 80.0, null);
INSERT INTO Atletas (id, nome, sexo) VALUES (68118, 'Lee Seon-Bae', 'M');
INSERT INTO Participacao (atleta_id, time_id, olimpiada_id, modalidade_id, idade, altura, peso, medalha) VALUES (68118, 1, 7, 10, 25.0, 187.0, 65.0, null);
INSERT INTO Participacao (atleta_id, time_id, olimpiada_id, modalidade_id, idade, altura, peso, medalha) VALUES (68118, 1, 7, 11, 25.0, 187.0, 65.0, null);
INSERT INTO Atletas (id, nome, sexo) VALUES (68119, 'Lee Seon-Bok', 'F');
INSERT INTO Participacao (atleta_id, time_id, olimpiada_id, modalidade_id, idade, altura, peso, medalha) VALUES (68119, 1, 12, 35, 21.0, null, null, null);
INSERT INTO Atletas (id, nome, sexo) VALUES (68120, 'Lee Seon-Gi', 'M');
INSERT INTO Participacao (atleta_id, time_id, olimpiada_id, modalidade_id, idade, altura, peso, medalha) VALUES (68120, 1, 6, 203, 23.0, null, null, null);
INSERT INTO Participacao (atleta_id, time_id, olimpiada_id, modalidade_id, idade, altura, peso, medalha) VALUES (68120, 1, 6, 202, 23.0, null, null, null);
INSERT INTO Atletas (id, nome, sexo) VALUES (68121, 'Lee Seon-Gu', 'M');
INSERT INTO Participacao (atleta_id, time_id, olimpiada_id, modalidade_id, idade, altura, peso, medalha) VALUES (68121, 1, 11, 72, 20.0, 186.0, 83.0, null);
INSERT INTO Participacao (atleta_id, time_id, olimpiada_id, modalidade_id, idade, altura, peso, medalha) VALUES (68121, 1, 13, 72, 24.0, 186.0, 83.0, null);
INSERT INTO Atletas (id, nome, sexo) VALUES (68122, 'Lee Seon-Hui', 'F');
INSERT INTO Participacao (atleta_id, time_id, olimpiada_id, modalidade_id, idade, altura, peso, medalha) VALUES (68122, 1, 23, 239, 21.0, 170.0, 63.0, 'Gold');
INSERT INTO Atletas (id, nome, sexo) VALUES (68123, 'Lee Seon-Hwa', 'F');
INSERT INTO Participacao (atleta_id, time_id, olimpiada_id, modalidade_id, idade, altura, peso, medalha) VALUES (68123, 1, 23, 21, 26.0, 172.0, 58.0, null);
INSERT INTO Atletas (id, nome, sexo) VALUES (68124, 'Lee Seon-Ok', 'F');
INSERT INTO Participacao (atleta_id, time_id, olimpiada_id, modalidade_id, idade, altura, peso, medalha) VALUES (68124, 1, 18, 21, 23.0, 164.0, 59.0, null);
INSERT INTO Participacao (atleta_id, time_id, olimpiada_id, modalidade_id, idade, altura, peso, medalha) VALUES (68124, 1, 16, 21, 27.0, 164.0, 59.0, null);
INSERT INTO Participacao (atleta_id, time_id, olimpiada_id, modalidade_id, idade, altura, peso, medalha) VALUES (68124, 1, 24, 21, 31.0, 164.0, 59.0, null);
INSERT INTO Atletas (id, nome, sexo) VALUES (68125, 'Lee Seon-Seong', 'M');
INSERT INTO Participacao (atleta_id, time_id, olimpiada_id, modalidade_id, idade, altura, peso, medalha) VALUES (68125, 1, 18, 90, 23.0, 165.0, 63.0, null);
INSERT INTO Participacao (atleta_id, time_id, olimpiada_id, modalidade_id, idade, altura, peso, medalha) VALUES (68125, 1, 18, 91, 23.0, 165.0, 63.0, null);
INSERT INTO Participacao (atleta_id, time_id, olimpiada_id, modalidade_id, idade, altura, peso, medalha) VALUES (68125, 1, 18, 94, 23.0, 165.0, 63.0, null);
INSERT INTO Participacao (atleta_id, time_id, olimpiada_id, modalidade_id, idade, altura, peso, medalha) VALUES (68125, 1, 18, 95, 23.0, 165.0, 63.0, null);
INSERT INTO Participacao (atleta_id, time_id, olimpiada_id, modalidade_id, idade, altura, peso, medalha) VALUES (68125, 1, 18, 96, 23.0, 165.0, 63.0, null);
INSERT INTO Participacao (atleta_id, time_id, olimpiada_id, modalidade_id, idade, altura, peso, medalha) VALUES (68125, 1, 18, 97, 23.0, 165.0, 63.0, null);
INSERT INTO Atletas (id, nome, sexo) VALUES (68126, 'Lee Seon-Sun', 'M');
INSERT INTO Participacao (atleta_id, time_id, olimpiada_id, modalidade_id, idade, altura, peso, medalha) VALUES (68126, 1, 12, 28, 23.0, null, null, null);
INSERT INTO Atletas (id, nome, sexo) VALUES (68127, 'Lee Seon-Yeong', 'F');
INSERT INTO Participacao (atleta_id, time_id, olimpiada_id, modalidade_id, idade, altura, peso, medalha) VALUES (68127, 1, 16, 34, 23.0, 163.0, 47.0, null);
INSERT INTO Atletas (id, nome, sexo) VALUES (68128, 'Lee Seon-Yeong', 'F');
INSERT INTO Participacao (atleta_id, time_id, olimpiada_id, modalidade_id, idade, altura, peso, medalha) VALUES (68128, 1, 12, 21, 22.0, null, null, null);
INSERT INTO Atletas (id, nome, sexo) VALUES (68129, 'Lee Seong-Ae', 'F');
INSERT INTO Participacao (atleta_id, time_id, olimpiada_id, modalidade_id, idade, altura, peso, medalha) VALUES (68129, 1, 32, 100, 17.0, 173.0, 68.0, null);
INSERT INTO Participacao (atleta_id, time_id, olimpiada_id, modalidade_id, idade, altura, peso, medalha) VALUES (68129, 1, 32, 61, 17.0, 173.0, 68.0, null);
INSERT INTO Participacao (atleta_id, time_id, olimpiada_id, modalidade_id, idade, altura, peso, medalha) VALUES (68129, 1, 32, 60, 17.0, 173.0, 68.0, null);
INSERT INTO Atletas (id, nome, sexo) VALUES (68130, 'Lee Seong-Hui', 'M');
INSERT INTO Participacao (atleta_id, time_id, olimpiada_id, modalidade_id, idade, altura, peso, medalha) VALUES (68130, 1, 6, 72, 20.0, 183.0, 72.0, null);
INSERT INTO Participacao (atleta_id, time_id, olimpiada_id, modalidade_id, idade, altura, peso, medalha) VALUES (68130, 1, 14, 72, 28.0, 183.0, 72.0, null);
INSERT INTO Atletas (id, nome, sexo) VALUES (68131, 'Lee Seong-Hun', 'M');
INSERT INTO Participacao (atleta_id, time_id, olimpiada_id, modalidade_id, idade, altura, peso, medalha) VALUES (68131, 1, 14, 5, 24.0, null, null, null);
INSERT INTO Atletas (id, nome, sexo) VALUES (68132, 'Lee Seong-Jin', 'F');
INSERT INTO Participacao (atleta_id, time_id, olimpiada_id, modalidade_id, idade, altura, peso, medalha) VALUES (68132, 1, 18, 98, 19.0, 164.0, 65.0, 'Silver');
INSERT INTO Participacao (atleta_id, time_id, olimpiada_id, modalidade_id, idade, altura, peso, medalha) VALUES (68132, 1, 18, 99, 19.0, 164.0, 65.0, 'Gold');
INSERT INTO Participacao (atleta_id, time_id, olimpiada_id, modalidade_id, idade, altura, peso, medalha) VALUES (68132, 1, 24, 98, 27.0, 164.0, 65.0, null);
INSERT INTO Participacao (atleta_id, time_id, olimpiada_id, modalidade_id, idade, altura, peso, medalha) VALUES (68132, 1, 24, 99, 27.0, 164.0, 65.0, 'Gold');
INSERT INTO Atletas (id, nome, sexo) VALUES (68133, 'Lee Seul-Bi', 'F');
INSERT INTO Participacao (atleta_id, time_id, olimpiada_id, modalidade_id, idade, altura, peso, medalha) VALUES (68133, 1, 27, 172, 25.0, 160.0, null, null);
INSERT INTO Atletas (id, nome, sexo) VALUES (68134, 'Lee Seul-Chan', 'M');
INSERT INTO Participacao (atleta_id, time_id, olimpiada_id, modalidade_id, idade, altura, peso, medalha) VALUES (68134, 1, 4, 56, 22.0, 172.0, 65.0, null);
INSERT INTO Atletas (id, nome, sexo) VALUES (68135, 'Lee Seung-Bae', 'M');
INSERT INTO Participacao (atleta_id, time_id, olimpiada_id, modalidade_id, idade, altura, peso, medalha) VALUES (68135, 1, 12, 211, 21.0, 184.0, 81.0, 'Bronze');
INSERT INTO Participacao (atleta_id, time_id, olimpiada_id, modalidade_id, idade, altura, peso, medalha) VALUES (68135, 1, 14, 124, 25.0, 184.0, 81.0, 'Silver');
INSERT INTO Atletas (id, nome, sexo) VALUES (68136, 'Lee Seung-Cheol', 'M');
INSERT INTO Participacao (atleta_id, time_id, olimpiada_id, modalidade_id, idade, altura, peso, medalha) VALUES (68136, 1, 24, 78, 24.0, 174.0, 60.0, null);
INSERT INTO Atletas (id, nome, sexo) VALUES (68137, 'Lee Seung-Gyun', 'M');
INSERT INTO Participacao (atleta_id, time_id, olimpiada_id, modalidade_id, idade, altura, peso, medalha) VALUES (68137, 1, 13, 252, 43.0, 171.0, 75.0, null);
INSERT INTO Atletas (id, nome, sexo) VALUES (68138, 'Lee Seung-Ho', 'M');
INSERT INTO Participacao (atleta_id, time_id, olimpiada_id, modalidade_id, idade, altura, peso, medalha) VALUES (68138, 1, 23, 20, 19.0, null, null, 'Bronze');
INSERT INTO Atletas (id, nome, sexo) VALUES (68139, 'Lee Seung-Hun', 'M');
INSERT INTO Participacao (atleta_id, time_id, olimpiada_id, modalidade_id, idade, altura, peso, medalha) VALUES (68139, 1, 15, 10, 22.0, 176.0, 67.0, null);
INSERT INTO Participacao (atleta_id, time_id, olimpiada_id, modalidade_id, idade, altura, peso, medalha) VALUES (68139, 1, 15, 11, 22.0, 176.0, 67.0, null);
INSERT INTO Atletas (id, nome, sexo) VALUES (68140, 'Lee Seung-Hun', 'M');
INSERT INTO Participacao (atleta_id, time_id, olimpiada_id, modalidade_id, idade, altura, peso, medalha) VALUES (68140, 1, 17, 52, 21.0, 178.0, 70.0, 'Silver');
INSERT INTO Participacao (atleta_id, time_id, olimpiada_id, modalidade_id, idade, altura, peso, medalha) VALUES (68140, 1, 17, 154, 21.0, 178.0, 70.0, 'Gold');
INSERT INTO Participacao (atleta_id, time_id, olimpiada_id, modalidade_id, idade, altura, peso, medalha) VALUES (68140, 1, 17, 209, 21.0, 178.0, 70.0, null);
INSERT INTO Participacao (atleta_id, time_id, olimpiada_id, modalidade_id, idade, altura, peso, medalha) VALUES (68140, 1, 27, 52, 25.0, 178.0, 70.0, null);
INSERT INTO Participacao (atleta_id, time_id, olimpiada_id, modalidade_id, idade, altura, peso, medalha) VALUES (68140, 1, 27, 154, 25.0, 178.0, 70.0, null);
INSERT INTO Participacao (atleta_id, time_id, olimpiada_id, modalidade_id, idade, altura, peso, medalha) VALUES (68140, 1, 27, 209, 25.0, 178.0, 70.0, 'Silver');
INSERT INTO Atletas (id, nome, sexo) VALUES (68141, 'Lee Seung-Hwan', 'M');
INSERT INTO Participacao (atleta_id, time_id, olimpiada_id, modalidade_id, idade, altura, peso, medalha) VALUES (68141, 1, 19, 52, 18.0, 170.0, 65.0, null);
INSERT INTO Atletas (id, nome, sexo) VALUES (68142, 'Lee Seung-Hyeop', 'M');
INSERT INTO Participacao (atleta_id, time_id, olimpiada_id, modalidade_id, idade, altura, peso, medalha) VALUES (68142, 1, 12, 56, 21.0, null, null, null);
INSERT INTO Atletas (id, nome, sexo) VALUES (68143, 'Lee Seung-Il', 'M');
INSERT INTO Participacao (atleta_id, time_id, olimpiada_id, modalidade_id, idade, altura, peso, medalha) VALUES (68143, 1, 24, 89, 29.0, 177.0, 74.0, null);
INSERT INTO Atletas (id, nome, sexo) VALUES (68144, 'Lee Seung-Jae', 'M');
INSERT INTO Participacao (atleta_id, time_id, olimpiada_id, modalidade_id, idade, altura, peso, medalha) VALUES (68144, 1, 19, 40, 19.0, 169.0, 65.0, null);
INSERT INTO Participacao (atleta_id, time_id, olimpiada_id, modalidade_id, idade, altura, peso, medalha) VALUES (68144, 1, 19, 41, 19.0, 169.0, 65.0, null);
INSERT INTO Atletas (id, nome, sexo) VALUES (68145, 'Lee Seung-Su', 'M');
INSERT INTO Participacao (atleta_id, time_id, olimpiada_id, modalidade_id, idade, altura, peso, medalha) VALUES (68145, 1, 4, 7, 26.0, 178.0, 81.0, null);
INSERT INTO Atletas (id, nome, sexo) VALUES (68146, 'Lee Seung-Won', 'M');
INSERT INTO Participacao (atleta_id, time_id, olimpiada_id, modalidade_id, idade, altura, peso, medalha) VALUES (68146, 1, 23, 198, 21.0, 180.0, 68.0, null);
INSERT INTO Atletas (id, nome, sexo) VALUES (68147, 'Lee Seung-Yeop', 'M');
INSERT INTO Participacao (atleta_id, time_id, olimpiada_id, modalidade_id, idade, altura, peso, medalha) VALUES (68147, 1, 23, 20, 24.0, 183.0, 92.0, 'Bronze');
INSERT INTO Participacao (atleta_id, time_id, olimpiada_id, modalidade_id, idade, altura, peso, medalha) VALUES (68147, 1, 16, 20, 31.0, 183.0, 92.0, 'Gold');
INSERT INTO Atletas (id, nome, sexo) VALUES (68148, 'Lee Seung-Yong', 'M');
INSERT INTO Participacao (atleta_id, time_id, olimpiada_id, modalidade_id, idade, altura, peso, medalha) VALUES (68148, 1, 12, 112, 21.0, null, null, null);
INSERT INTO Atletas (id, nome, sexo) VALUES (68149, 'Lee Seung-Yun', 'M');
INSERT INTO Participacao (atleta_id, time_id, olimpiada_id, modalidade_id, idade, altura, peso, medalha) VALUES (68149, 1, 4, 153, 21.0, 174.0, 80.0, null);
INSERT INTO Participacao (atleta_id, time_id, olimpiada_id, modalidade_id, idade, altura, peso, medalha) VALUES (68149, 1, 4, 228, 21.0, 174.0, 80.0, 'Gold');
INSERT INTO Atletas (id, nome, sexo) VALUES (68154, 'Lee Sin-Mi', 'F');
INSERT INTO Participacao (atleta_id, time_id, olimpiada_id, modalidade_id, idade, altura, peso, medalha) VALUES (68154, 1, 18, 244, 21.0, 173.0, 63.0, null);
INSERT INTO Participacao (atleta_id, time_id, olimpiada_id, modalidade_id, idade, altura, peso, medalha) VALUES (68154, 1, 16, 244, 25.0, 173.0, 63.0, null);
INSERT INTO Atletas (id, nome, sexo) VALUES (68156, 'Lee So-Yeon', 'F');
INSERT INTO Participacao (atleta_id, time_id, olimpiada_id, modalidade_id, idade, altura, peso, medalha) VALUES (68156, 1, 23, 273, 19.0, 175.0, 78.0, null);
INSERT INTO Participacao (atleta_id, time_id, olimpiada_id, modalidade_id, idade, altura, peso, medalha) VALUES (68156, 1, 18, 273, 23.0, 175.0, 78.0, null);
INSERT INTO Atletas (id, nome, sexo) VALUES (68160, 'Lee Su-Jeong', 'F');
INSERT INTO Participacao (atleta_id, time_id, olimpiada_id, modalidade_id, idade, altura, peso, medalha) VALUES (68160, 1, 14, 18, 23.0, null, null, null);
INSERT INTO Atletas (id, nome, sexo) VALUES (68161, 'Lee Suk-Ja', 'F');
INSERT INTO Participacao (atleta_id, time_id, olimpiada_id, modalidade_id, idade, altura, peso, medalha) VALUES (68161, 1, 24, 18, 32.0, 175.0, 58.0, null);
INSERT INTO Atletas (id, nome, sexo) VALUES (68162, 'Lee Sun-Bok', 'F');
INSERT INTO Participacao (atleta_id, time_id, olimpiada_id, modalidade_id, idade, altura, peso, medalha) VALUES (68162, 1, 11, 18, 22.0, 168.0, 60.0, null);
INSERT INTO Participacao (atleta_id, time_id, olimpiada_id, modalidade_id, idade, altura, peso, medalha) VALUES (68162, 1, 13, 18, 26.0, 168.0, 60.0, 'Bronze');
INSERT INTO Atletas (id, nome, sexo) VALUES (68163, 'Lee Sun-I', 'F');
INSERT INTO Participacao (atleta_id, time_id, olimpiada_id, modalidade_id, idade, altura, peso, medalha) VALUES (68163, 1, 5, 26, 18.0, 170.0, 63.0, 'Silver');
INSERT INTO Atletas (id, nome, sexo) VALUES (68164, 'Lee Sun-Ja', 'F');
INSERT INTO Participacao (atleta_id, time_id, olimpiada_id, modalidade_id, idade, altura, peso, medalha) VALUES (68164, 1, 16, 319, 30.0, 160.0, 55.0, null);
INSERT INTO Atletas (id, nome, sexo) VALUES (68165, 'Lee Sun-Ok', 'F');
INSERT INTO Participacao (atleta_id, time_id, olimpiada_id, modalidade_id, idade, altura, peso, medalha) VALUES (68165, 1, 13, 18, 20.0, 167.0, 60.0, 'Bronze');
INSERT INTO Atletas (id, nome, sexo) VALUES (68168, 'Lee Tae-Ho', 'M');
INSERT INTO Participacao (atleta_id, time_id, olimpiada_id, modalidade_id, idade, altura, peso, medalha) VALUES (68168, 1, 6, 56, 27.0, 173.0, 68.0, null);
INSERT INTO Atletas (id, nome, sexo) VALUES (68169, 'Lee Tae-Hun', 'M');
INSERT INTO Participacao (atleta_id, time_id, olimpiada_id, modalidade_id, idade, altura, peso, medalha) VALUES (68169, 1, 16, 296, 22.0, 180.0, 74.0, null);
INSERT INTO Participacao (atleta_id, time_id, olimpiada_id, modalidade_id, idade, altura, peso, medalha) VALUES (68169, 1, 24, 296, 26.0, 180.0, 74.0, null);
INSERT INTO Participacao (atleta_id, time_id, olimpiada_id, modalidade_id, idade, altura, peso, medalha) VALUES (68169, 1, 4, 296, 30.0, 180.0, 74.0, null);
INSERT INTO Atletas (id, nome, sexo) VALUES (68170, 'Lee Tae-Hwa', 'M');
INSERT INTO Participacao (atleta_id, time_id, olimpiada_id, modalidade_id, idade, altura, peso, medalha) VALUES (68170, 1, 6, 185, 19.0, 185.0, 80.0, null);
INSERT INTO Atletas (id, nome, sexo) VALUES (68171, 'Lee Tae-Yeong', 'M');
INSERT INTO Participacao (atleta_id, time_id, olimpiada_id, modalidade_id, idade, altura, peso, medalha) VALUES (68171, 1, 18, 28, 26.0, 174.0, 72.0, null);
INSERT INTO Participacao (atleta_id, time_id, olimpiada_id, modalidade_id, idade, altura, peso, medalha) VALUES (68171, 1, 16, 28, 30.0, 174.0, 72.0, null);
INSERT INTO Atletas (id, nome, sexo) VALUES (68172, 'Lee Taeg-Won', 'M');
INSERT INTO Participacao (atleta_id, time_id, olimpiada_id, modalidade_id, idade, altura, peso, medalha) VALUES (68172, 1, 6, 150, 20.0, 175.0, 77.0, null);
INSERT INTO Atletas (id, nome, sexo) VALUES (68173, 'Lee Taeg-Yeong', 'M');
INSERT INTO Participacao (atleta_id, time_id, olimpiada_id, modalidade_id, idade, altura, peso, medalha) VALUES (68173, 1, 15, 288, 30.0, 160.0, 64.0, null);
INSERT INTO Atletas (id, nome, sexo) VALUES (68174, 'Lee Taek-Geun', 'M');
INSERT INTO Participacao (atleta_id, time_id, olimpiada_id, modalidade_id, idade, altura, peso, medalha) VALUES (68174, 1, 16, 20, 28.0, 182.0, 83.0, 'Gold');
INSERT INTO Atletas (id, nome, sexo) VALUES (68179, 'Lee U-Bong', 'M');
INSERT INTO Participacao (atleta_id, time_id, olimpiada_id, modalidade_id, idade, altura, peso, medalha) VALUES (68179, 1, 7, 56, 29.0, 163.0, 60.0, null);
INSERT INTO Atletas (id, nome, sexo) VALUES (68180, 'Lee Uk-Jae', 'M');
INSERT INTO Participacao (atleta_id, time_id, olimpiada_id, modalidade_id, idade, altura, peso, medalha) VALUES (68180, 1, 6, 198, 23.0, 178.0, 69.0, null);
INSERT INTO Participacao (atleta_id, time_id, olimpiada_id, modalidade_id, idade, altura, peso, medalha) VALUES (68180, 1, 6, 199, 23.0, 178.0, 69.0, null);
INSERT INTO Atletas (id, nome, sexo) VALUES (68181, 'Lee Uk-Jong', 'M');
INSERT INTO Participacao (atleta_id, time_id, olimpiada_id, modalidade_id, idade, altura, peso, medalha) VALUES (68181, 1, 6, 163, 21.0, 176.0, 84.0, null);
INSERT INTO Atletas (id, nome, sexo) VALUES (68182, 'Lee Un-Im', 'F');
INSERT INTO Participacao (atleta_id, time_id, olimpiada_id, modalidade_id, idade, altura, peso, medalha) VALUES (68182, 1, 5, 18, 24.0, 182.0, 72.0, null);
INSERT INTO Atletas (id, nome, sexo) VALUES (68187, 'Lee Wan-Gyun', 'M');
INSERT INTO Participacao (atleta_id, time_id, olimpiada_id, modalidade_id, idade, altura, peso, medalha) VALUES (68187, 1, 14, 15, 22.0, 175.0, 71.0, null);
INSERT INTO Atletas (id, nome, sexo) VALUES (68190, 'Lee Won-Hui', 'M');
INSERT INTO Participacao (atleta_id, time_id, olimpiada_id, modalidade_id, idade, altura, peso, medalha) VALUES (68190, 1, 18, 6, 23.0, 172.0, 73.0, 'Gold');
INSERT INTO Atletas (id, nome, sexo) VALUES (68191, 'Lee Won-Sik', 'M');
INSERT INTO Participacao (atleta_id, time_id, olimpiada_id, modalidade_id, idade, altura, peso, medalha) VALUES (68191, 1, 14, 56, 23.0, null, null, null);
INSERT INTO Atletas (id, nome, sexo) VALUES (68192, 'Lee Won-U', 'M');
INSERT INTO Participacao (atleta_id, time_id, olimpiada_id, modalidade_id, idade, altura, peso, medalha) VALUES (68192, 1, 6, 12, 30.0, 188.0, 73.0, null);
INSERT INTO Atletas (id, nome, sexo) VALUES (68194, 'Lee Yeon-Ik', 'M');
INSERT INTO Participacao (atleta_id, time_id, olimpiada_id, modalidade_id, idade, altura, peso, medalha) VALUES (68194, 1, 5, 144, 24.0, 173.0, 68.0, null);
INSERT INTO Atletas (id, nome, sexo) VALUES (68195, 'Lee Yeon-Ju', 'F');
INSERT INTO Participacao (atleta_id, time_id, olimpiada_id, modalidade_id, idade, altura, peso, medalha) VALUES (68195, 1, 21, 27, 20.0, 155.0, 50.0, null);
INSERT INTO Participacao (atleta_id, time_id, olimpiada_id, modalidade_id, idade, altura, peso, medalha) VALUES (68195, 1, 21, 100, 20.0, 155.0, 50.0, null);
INSERT INTO Participacao (atleta_id, time_id, olimpiada_id, modalidade_id, idade, altura, peso, medalha) VALUES (68195, 1, 21, 61, 20.0, 155.0, 50.0, null);
INSERT INTO Atletas (id, nome, sexo) VALUES (68196, 'Lee Yeon-Sun', 'F');
INSERT INTO Participacao (atleta_id, time_id, olimpiada_id, modalidade_id, idade, altura, peso, medalha) VALUES (68196, 1, 23, 18, 26.0, 178.0, 65.0, null);
INSERT INTO Atletas (id, nome, sexo) VALUES (68197, 'Lee Yeong-Chan', 'M');
INSERT INTO Participacao (atleta_id, time_id, olimpiada_id, modalidade_id, idade, altura, peso, medalha) VALUES (68197, 1, 12, 126, 22.0, null, null, null);
INSERT INTO Participacao (atleta_id, time_id, olimpiada_id, modalidade_id, idade, altura, peso, medalha) VALUES (68197, 1, 12, 181, 22.0, null, null, null);
INSERT INTO Atletas (id, nome, sexo) VALUES (68198, 'Lee Yeong-Ha', 'M');
INSERT INTO Participacao (atleta_id, time_id, olimpiada_id, modalidade_id, idade, altura, peso, medalha) VALUES (68198, 1, 34, 53, 19.0, 175.0, 76.0, null);
INSERT INTO Participacao (atleta_id, time_id, olimpiada_id, modalidade_id, idade, altura, peso, medalha) VALUES (68198, 1, 34, 54, 19.0, 175.0, 76.0, null);
INSERT INTO Participacao (atleta_id, time_id, olimpiada_id, modalidade_id, idade, altura, peso, medalha) VALUES (68198, 1, 34, 51, 19.0, 175.0, 76.0, null);
INSERT INTO Participacao (atleta_id, time_id, olimpiada_id, modalidade_id, idade, altura, peso, medalha) VALUES (68198, 1, 34, 52, 19.0, 175.0, 76.0, null);
INSERT INTO Participacao (atleta_id, time_id, olimpiada_id, modalidade_id, idade, altura, peso, medalha) VALUES (68198, 1, 32, 53, 23.0, 175.0, 76.0, null);
INSERT INTO Participacao (atleta_id, time_id, olimpiada_id, modalidade_id, idade, altura, peso, medalha) VALUES (68198, 1, 32, 54, 23.0, 175.0, 76.0, null);
INSERT INTO Participacao (atleta_id, time_id, olimpiada_id, modalidade_id, idade, altura, peso, medalha) VALUES (68198, 1, 32, 51, 23.0, 175.0, 76.0, null);
INSERT INTO Participacao (atleta_id, time_id, olimpiada_id, modalidade_id, idade, altura, peso, medalha) VALUES (68198, 1, 21, 53, 27.0, 175.0, 76.0, null);
INSERT INTO Participacao (atleta_id, time_id, olimpiada_id, modalidade_id, idade, altura, peso, medalha) VALUES (68198, 1, 21, 54, 27.0, 175.0, 76.0, null);
INSERT INTO Participacao (atleta_id, time_id, olimpiada_id, modalidade_id, idade, altura, peso, medalha) VALUES (68198, 1, 21, 51, 27.0, 175.0, 76.0, null);
INSERT INTO Participacao (atleta_id, time_id, olimpiada_id, modalidade_id, idade, altura, peso, medalha) VALUES (68198, 1, 21, 52, 27.0, 175.0, 76.0, null);
INSERT INTO Participacao (atleta_id, time_id, olimpiada_id, modalidade_id, idade, altura, peso, medalha) VALUES (68198, 1, 21, 154, 27.0, 175.0, 76.0, null);
INSERT INTO Atletas (id, nome, sexo) VALUES (68199, 'Lee Yeong-Hwan', 'M');
INSERT INTO Participacao (atleta_id, time_id, olimpiada_id, modalidade_id, idade, altura, peso, medalha) VALUES (68199, 1, 8, 347, null, null, 81.0, null);
INSERT INTO Atletas (id, nome, sexo) VALUES (68200, 'Lee Yeong-Ja', 'F');
INSERT INTO Participacao (atleta_id, time_id, olimpiada_id, modalidade_id, idade, altura, peso, medalha) VALUES (68200, 1, 5, 26, 20.0, 169.0, 62.0, 'Silver');
INSERT INTO Atletas (id, nome, sexo) VALUES (68201, 'Lee Yeong-Pyo', 'M');
INSERT INTO Participacao (atleta_id, time_id, olimpiada_id, modalidade_id, idade, altura, peso, medalha) VALUES (68201, 1, 23, 56, 23.0, 176.0, 66.0, null);
INSERT INTO Atletas (id, nome, sexo) VALUES (68202, 'Lee Yeong-Rok', 'M');
INSERT INTO Participacao (atleta_id, time_id, olimpiada_id, modalidade_id, idade, altura, peso, medalha) VALUES (68202, 1, 6, 112, 23.0, 171.0, 60.0, null);
INSERT INTO Atletas (id, nome, sexo) VALUES (68203, 'Lee Yeong-Seon', 'F');
INSERT INTO Participacao (atleta_id, time_id, olimpiada_id, modalidade_id, idade, altura, peso, medalha) VALUES (68203, 1, 5, 18, 22.0, 182.0, 72.0, null);
INSERT INTO Atletas (id, nome, sexo) VALUES (68204, 'Lee Yeong-Seon', 'F');
INSERT INTO Participacao (atleta_id, time_id, olimpiada_id, modalidade_id, idade, altura, peso, medalha) VALUES (68204, 1, 12, 261, 18.0, 165.0, 65.0, null);
INSERT INTO Participacao (atleta_id, time_id, olimpiada_id, modalidade_id, idade, altura, peso, medalha) VALUES (68204, 1, 14, 261, 22.0, 165.0, 65.0, null);
INSERT INTO Participacao (atleta_id, time_id, olimpiada_id, modalidade_id, idade, altura, peso, medalha) VALUES (68204, 1, 23, 261, 26.0, 165.0, 65.0, null);
INSERT INTO Atletas (id, nome, sexo) VALUES (68205, 'Lee Yeong-Suk', 'F');
INSERT INTO Modalidades (nome, esporte_id) VALUES ('Athletics Women''s 100 metres', 18);
INSERT INTO Participacao (atleta_id, time_id, olimpiada_id, modalidade_id, idade, altura, peso, medalha) VALUES (68205, 1, 5, 356, 18.0, 163.0, 53.0, null);
INSERT INTO Participacao (atleta_id, time_id, olimpiada_id, modalidade_id, idade, altura, peso, medalha) VALUES (68205, 1, 6, 356, 22.0, 163.0, 53.0, null);
INSERT INTO Participacao (atleta_id, time_id, olimpiada_id, modalidade_id, idade, altura, peso, medalha) VALUES (68205, 1, 6, 223, 22.0, 163.0, 53.0, null);
INSERT INTO Participacao (atleta_id, time_id, olimpiada_id, modalidade_id, idade, altura, peso, medalha) VALUES (68205, 1, 14, 356, 30.0, 163.0, 53.0, null);
INSERT INTO Atletas (id, nome, sexo) VALUES (68207, 'Lee Yong', 'M');
INSERT INTO Participacao (atleta_id, time_id, olimpiada_id, modalidade_id, idade, altura, peso, medalha) VALUES (68207, 1, 3, 178, 19.0, 173.0, 76.0, null);
INSERT INTO Participacao (atleta_id, time_id, olimpiada_id, modalidade_id, idade, altura, peso, medalha) VALUES (68207, 1, 17, 178, 31.0, 173.0, 76.0, null);
INSERT INTO Atletas (id, nome, sexo) VALUES (68208, 'Lee Yong-Cheol', 'M');
INSERT INTO Participacao (atleta_id, time_id, olimpiada_id, modalidade_id, idade, altura, peso, medalha) VALUES (68208, 1, 6, 177, 18.0, 181.0, 80.0, null);
INSERT INTO Participacao (atleta_id, time_id, olimpiada_id, modalidade_id, idade, altura, peso, medalha) VALUES (68208, 1, 12, 177, 22.0, 181.0, 80.0, null);
INSERT INTO Atletas (id, nome, sexo) VALUES (68209, 'Lee Yong-Dae', 'M');
INSERT INTO Participacao (atleta_id, time_id, olimpiada_id, modalidade_id, idade, altura, peso, medalha) VALUES (68209, 1, 24, 192, 23.0, 180.0, 74.0, null);
INSERT INTO Atletas (id, nome, sexo) VALUES (68210, 'Lee Yong-Gwan', 'M');
INSERT INTO Participacao (atleta_id, time_id, olimpiada_id, modalidade_id, idade, altura, peso, medalha) VALUES (68210, 1, 11, 72, 21.0, 185.0, 71.0, null);
INSERT INTO Participacao (atleta_id, time_id, olimpiada_id, modalidade_id, idade, altura, peso, medalha) VALUES (68210, 1, 13, 72, 25.0, 185.0, 71.0, null);
INSERT INTO Atletas (id, nome, sexo) VALUES (68211, 'Lee Yong-Gyu', 'M');
INSERT INTO Participacao (atleta_id, time_id, olimpiada_id, modalidade_id, idade, altura, peso, medalha) VALUES (68211, 1, 16, 20, 22.0, 175.0, 70.0, 'Gold');
INSERT INTO Atletas (id, nome, sexo) VALUES (68212, 'Lee Yong-Ju', 'F');
INSERT INTO Participacao (atleta_id, time_id, olimpiada_id, modalidade_id, idade, altura, peso, medalha) VALUES (68212, 1, 19, 27, 21.0, 174.0, 59.0, null);
INSERT INTO Participacao (atleta_id, time_id, olimpiada_id, modalidade_id, idade, altura, peso, medalha) VALUES (68212, 1, 19, 100, 21.0, 174.0, 59.0, null);
INSERT INTO Atletas (id, nome, sexo) VALUES (68213, 'Lee Yong-Seon', 'M');
INSERT INTO Participacao (atleta_id, time_id, olimpiada_id, modalidade_id, idade, altura, peso, medalha) VALUES (68213, 1, 5, 72, 23.0, 188.0, 83.0, null);
INSERT INTO Atletas (id, nome, sexo) VALUES (68214, 'Lee Young-Sik', 'M');
INSERT INTO Participacao (atleta_id, time_id, olimpiada_id, modalidade_id, idade, altura, peso, medalha) VALUES (68214, 1, 16, 25, 35.0, 180.0, 85.0, null);
INSERT INTO Atletas (id, nome, sexo) VALUES (68215, 'Lee Young-Sil', 'F');
INSERT INTO Participacao (atleta_id, time_id, olimpiada_id, modalidade_id, idade, altura, peso, medalha) VALUES (68215, 1, 4, 21, 29.0, 167.0, 59.0, null);
INSERT INTO Atletas (id, nome, sexo) VALUES (68219, 'Lee Yun-Hui', 'F');
INSERT INTO Participacao (atleta_id, time_id, olimpiada_id, modalidade_id, idade, altura, peso, medalha) VALUES (68219, 1, 18, 332, 17.0, 180.0, 74.0, null);
INSERT INTO Atletas (id, nome, sexo) VALUES (68220, 'Lee Yun-Hui', 'F');
INSERT INTO Participacao (atleta_id, time_id, olimpiada_id, modalidade_id, idade, altura, peso, medalha) VALUES (68220, 1, 23, 18, 19.0, 181.0, 74.0, null);
INSERT INTO Atletas (id, nome, sexo) VALUES (68221, 'Lee Yun-Seok', 'M');
INSERT INTO Participacao (atleta_id, time_id, olimpiada_id, modalidade_id, idade, altura, peso, medalha) VALUES (68221, 1, 8, 274, null, null, null, null);
INSERT INTO Participacao (atleta_id, time_id, olimpiada_id, modalidade_id, idade, altura, peso, medalha) VALUES (68221, 1, 8, 275, null, null, null, null);
INSERT INTO Atletas (id, nome, sexo) VALUES (72721, 'Ma Geum-Ja', 'F');
INSERT INTO Participacao (atleta_id, time_id, olimpiada_id, modalidade_id, idade, altura, peso, medalha) VALUES (72721, 1, 13, 18, 20.0, 173.0, 65.0, 'Bronze');
INSERT INTO Atletas (id, nome, sexo) VALUES (72737, 'Ma Nak-Gil', 'M');
INSERT INTO Participacao (atleta_id, time_id, olimpiada_id, modalidade_id, idade, altura, peso, medalha) VALUES (72737, 1, 12, 72, 24.0, null, null, null);
INSERT INTO Atletas (id, nome, sexo) VALUES (80071, 'Min A-Yeong', 'F');
INSERT INTO Participacao (atleta_id, time_id, olimpiada_id, modalidade_id, idade, altura, peso, medalha) VALUES (80071, 1, 12, 45, 17.0, null, null, null);
INSERT INTO Participacao (atleta_id, time_id, olimpiada_id, modalidade_id, idade, altura, peso, medalha) VALUES (80071, 1, 12, 47, 17.0, null, null, null);
INSERT INTO Participacao (atleta_id, time_id, olimpiada_id, modalidade_id, idade, altura, peso, medalha) VALUES (80071, 1, 12, 48, 17.0, null, null, null);
INSERT INTO Participacao (atleta_id, time_id, olimpiada_id, modalidade_id, idade, altura, peso, medalha) VALUES (80071, 1, 12, 49, 17.0, null, null, null);
INSERT INTO Participacao (atleta_id, time_id, olimpiada_id, modalidade_id, idade, altura, peso, medalha) VALUES (80071, 1, 12, 50, 17.0, null, null, null);
INSERT INTO Atletas (id, nome, sexo) VALUES (80072, 'Min Byeong-Dae', 'M');
INSERT INTO Participacao (atleta_id, time_id, olimpiada_id, modalidade_id, idade, altura, peso, medalha) VALUES (80072, 1, 8, 56, 30.0, 170.0, 72.0, null);
INSERT INTO Atletas (id, nome, sexo) VALUES (80073, 'Min Byeong-Seon', 'M');
INSERT INTO Modalidades (nome, esporte_id) VALUES ('Equestrianism Men''s Jumping, Individual', 9);
INSERT INTO Participacao (atleta_id, time_id, olimpiada_id, modalidade_id, idade, altura, peso, medalha) VALUES (80073, 1, 26, 357, null, null, null, null);
INSERT INTO Atletas (id, nome, sexo) VALUES (80074, 'Min Byeong-Sun', 'F');
INSERT INTO Participacao (atleta_id, time_id, olimpiada_id, modalidade_id, idade, altura, peso, medalha) VALUES (80074, 1, 14, 217, 21.0, null, null, null);
INSERT INTO Atletas (id, nome, sexo) VALUES (80076, 'Min Gwan-Gi', 'M');
INSERT INTO Participacao (atleta_id, time_id, olimpiada_id, modalidade_id, idade, altura, peso, medalha) VALUES (80076, 1, 15, 16, 18.0, 173.0, 65.0, null);
INSERT INTO Atletas (id, nome, sexo) VALUES (80077, 'Min Gyeong-Gap', 'M');
INSERT INTO Participacao (atleta_id, time_id, olimpiada_id, modalidade_id, idade, altura, peso, medalha) VALUES (80077, 1, 12, 68, 21.0, 159.0, 55.0, 'Bronze');
INSERT INTO Atletas (id, nome, sexo) VALUES (80078, 'Min Gyeong-Seung', 'M');
INSERT INTO Participacao (atleta_id, time_id, olimpiada_id, modalidade_id, idade, altura, peso, medalha) VALUES (80078, 1, 5, 200, 22.0, 177.0, 74.0, null);
INSERT INTO Atletas (id, nome, sexo) VALUES (80079, 'Min Hye-Suk', 'F');
INSERT INTO Participacao (atleta_id, time_id, olimpiada_id, modalidade_id, idade, altura, peso, medalha) VALUES (80079, 1, 12, 26, 22.0, null, null, 'Gold');
INSERT INTO Atletas (id, nome, sexo) VALUES (80080, 'Min Jun-Gi', 'M');
INSERT INTO Participacao (atleta_id, time_id, olimpiada_id, modalidade_id, idade, altura, peso, medalha) VALUES (80080, 1, 6, 128, 21.0, 162.0, 64.0, null);
INSERT INTO Atletas (id, nome, sexo) VALUES (80081, 'Min Ryong', 'M');
INSERT INTO Participacao (atleta_id, time_id, olimpiada_id, modalidade_id, idade, altura, peso, medalha) VALUES (80081, 1, 19, 41, 19.0, 180.0, 78.0, null);
INSERT INTO Atletas (id, nome, sexo) VALUES (80082, 'Min Se-Hun', 'M');
INSERT INTO Participacao (atleta_id, time_id, olimpiada_id, modalidade_id, idade, altura, peso, medalha) VALUES (80082, 1, 6, 42, 25.0, 177.0, 96.0, null);
INSERT INTO Atletas (id, nome, sexo) VALUES (80083, 'Min Yeong-Sam', 'M');
INSERT INTO Participacao (atleta_id, time_id, olimpiada_id, modalidade_id, idade, altura, peso, medalha) VALUES (80083, 1, 6, 157, 34.0, 175.0, 72.0, null);
INSERT INTO Participacao (atleta_id, time_id, olimpiada_id, modalidade_id, idade, altura, peso, medalha) VALUES (80083, 1, 6, 22, 34.0, 175.0, 72.0, null);
INSERT INTO Atletas (id, nome, sexo) VALUES (80715, 'Mo Ji-Su', 'M');
INSERT INTO Participacao (atleta_id, time_id, olimpiada_id, modalidade_id, idade, altura, peso, medalha) VALUES (80715, 1, 1, 41, 22.0, null, null, 'Gold');
INSERT INTO Atletas (id, nome, sexo) VALUES (80716, 'Mo Ji-Yeong', 'M');
INSERT INTO Participacao (atleta_id, time_id, olimpiada_id, modalidade_id, idade, altura, peso, medalha) VALUES (80716, 1, 6, 89, 24.0, 176.0, 71.0, null);
INSERT INTO Atletas (id, nome, sexo) VALUES (80719, 'Mo Myeong-Hui', 'F');
INSERT INTO Modalidades (nome, esporte_id) VALUES ('Athletics Women''s 200 metres', 18);
INSERT INTO Participacao (atleta_id, time_id, olimpiada_id, modalidade_id, idade, altura, peso, medalha) VALUES (80719, 1, 5, 358, 21.0, 171.0, 68.0, null);
INSERT INTO Atletas (id, nome, sexo) VALUES (80720, 'Mo Tae-Beom', 'M');
INSERT INTO Participacao (atleta_id, time_id, olimpiada_id, modalidade_id, idade, altura, peso, medalha) VALUES (80720, 1, 17, 53, 20.0, 177.0, 80.0, 'Gold');
INSERT INTO Participacao (atleta_id, time_id, olimpiada_id, modalidade_id, idade, altura, peso, medalha) VALUES (80720, 1, 17, 54, 20.0, 177.0, 80.0, 'Silver');
INSERT INTO Participacao (atleta_id, time_id, olimpiada_id, modalidade_id, idade, altura, peso, medalha) VALUES (80720, 1, 17, 51, 20.0, 177.0, 80.0, null);
INSERT INTO Participacao (atleta_id, time_id, olimpiada_id, modalidade_id, idade, altura, peso, medalha) VALUES (80720, 1, 27, 53, 24.0, 177.0, 80.0, null);
INSERT INTO Participacao (atleta_id, time_id, olimpiada_id, modalidade_id, idade, altura, peso, medalha) VALUES (80720, 1, 27, 54, 24.0, 177.0, 80.0, null);
INSERT INTO Atletas (id, nome, sexo) VALUES (81623, 'Moon Chang-Jin', 'M');
INSERT INTO Participacao (atleta_id, time_id, olimpiada_id, modalidade_id, idade, altura, peso, medalha) VALUES (81623, 1, 4, 56, 23.0, 170.0, 63.0, null);
INSERT INTO Atletas (id, nome, sexo) VALUES (81624, 'Moon Gyeong-Ja', 'F');
INSERT INTO Participacao (atleta_id, time_id, olimpiada_id, modalidade_id, idade, altura, peso, medalha) VALUES (81624, 1, 5, 33, 18.0, 181.0, 72.0, 'Silver');
INSERT INTO Atletas (id, nome, sexo) VALUES (83219, 'Mun Byeong-Uk', 'M');
INSERT INTO Participacao (atleta_id, time_id, olimpiada_id, modalidade_id, idade, altura, peso, medalha) VALUES (83219, 1, 12, 28, 22.0, 178.0, 72.0, null);
INSERT INTO Participacao (atleta_id, time_id, olimpiada_id, modalidade_id, idade, altura, peso, medalha) VALUES (83219, 1, 23, 28, 30.0, 178.0, 72.0, null);
INSERT INTO Atletas (id, nome, sexo) VALUES (83220, 'Mun Dae-Seong', 'M');
INSERT INTO Participacao (atleta_id, time_id, olimpiada_id, modalidade_id, idade, altura, peso, medalha) VALUES (83220, 1, 18, 258, 27.0, 191.0, 91.0, 'Gold');
INSERT INTO Atletas (id, nome, sexo) VALUES (83221, 'Mun Dong-Hwan', 'M');
INSERT INTO Participacao (atleta_id, time_id, olimpiada_id, modalidade_id, idade, altura, peso, medalha) VALUES (83221, 1, 14, 20, 24.0, 183.0, 90.0, null);
INSERT INTO Atletas (id, nome, sexo) VALUES (83222, 'Mun Eun-Jin', 'F');
INSERT INTO Participacao (atleta_id, time_id, olimpiada_id, modalidade_id, idade, altura, peso, medalha) VALUES (83222, 1, 6, 16, 20.0, 163.0, 50.0, null);
INSERT INTO Participacao (atleta_id, time_id, olimpiada_id, modalidade_id, idade, altura, peso, medalha) VALUES (83222, 1, 6, 17, 20.0, 163.0, 50.0, null);
INSERT INTO Participacao (atleta_id, time_id, olimpiada_id, modalidade_id, idade, altura, peso, medalha) VALUES (83222, 1, 12, 16, 24.0, 163.0, 50.0, null);
INSERT INTO Participacao (atleta_id, time_id, olimpiada_id, modalidade_id, idade, altura, peso, medalha) VALUES (83222, 1, 12, 17, 24.0, 163.0, 50.0, null);
INSERT INTO Atletas (id, nome, sexo) VALUES (83223, 'Mun Gyeong-Ae', 'F');
INSERT INTO Participacao (atleta_id, time_id, olimpiada_id, modalidade_id, idade, altura, peso, medalha) VALUES (83223, 1, 23, 263, 21.0, 168.0, 80.0, null);
INSERT INTO Atletas (id, nome, sexo) VALUES (83224, 'Mun Gyeong-Eun', 'M');
INSERT INTO Participacao (atleta_id, time_id, olimpiada_id, modalidade_id, idade, altura, peso, medalha) VALUES (83224, 1, 14, 12, 24.0, 190.0, 85.0, null);
INSERT INTO Atletas (id, nome, sexo) VALUES (83225, 'Mun Gyeong-Ha', 'F');
INSERT INTO Participacao (atleta_id, time_id, olimpiada_id, modalidade_id, idade, altura, peso, medalha) VALUES (83225, 1, 23, 26, 20.0, 176.0, 62.0, null);
INSERT INTO Participacao (atleta_id, time_id, olimpiada_id, modalidade_id, idade, altura, peso, medalha) VALUES (83225, 1, 18, 26, 24.0, 176.0, 62.0, 'Silver');
INSERT INTO Participacao (atleta_id, time_id, olimpiada_id, modalidade_id, idade, altura, peso, medalha) VALUES (83225, 1, 24, 26, 32.0, 176.0, 62.0, null);
INSERT INTO Atletas (id, nome, sexo) VALUES (83226, 'Mun Gyeong-Suk', 'F');
INSERT INTO Participacao (atleta_id, time_id, olimpiada_id, modalidade_id, idade, altura, peso, medalha) VALUES (83226, 1, 7, 18, 19.0, 168.0, 65.0, null);
INSERT INTO Participacao (atleta_id, time_id, olimpiada_id, modalidade_id, idade, altura, peso, medalha) VALUES (83226, 1, 10, 18, 23.0, 168.0, 65.0, null);
INSERT INTO Atletas (id, nome, sexo) VALUES (83228, 'Mun Hae-Yeong', 'F');
INSERT INTO Participacao (atleta_id, time_id, olimpiada_id, modalidade_id, idade, altura, peso, medalha) VALUES (83228, 1, 23, 256, 20.0, 168.0, 57.0, null);
INSERT INTO Atletas (id, nome, sexo) VALUES (83229, 'Mun Hyang-Ja', 'F');
INSERT INTO Participacao (atleta_id, time_id, olimpiada_id, modalidade_id, idade, altura, peso, medalha) VALUES (83229, 1, 12, 26, 20.0, null, null, 'Gold');
INSERT INTO Participacao (atleta_id, time_id, olimpiada_id, modalidade_id, idade, altura, peso, medalha) VALUES (83229, 1, 14, 26, 24.0, null, null, 'Silver');
INSERT INTO Atletas (id, nome, sexo) VALUES (83230, 'Mun Hyeon-Jang', 'M');
INSERT INTO Participacao (atleta_id, time_id, olimpiada_id, modalidade_id, idade, altura, peso, medalha) VALUES (83230, 1, 7, 12, 27.0, 182.0, 70.0, null);
INSERT INTO Atletas (id, nome, sexo) VALUES (83231, 'Mun Hyeon-Jin', 'M');
INSERT INTO Participacao (atleta_id, time_id, olimpiada_id, modalidade_id, idade, altura, peso, medalha) VALUES (83231, 1, 6, 16, 19.0, 183.0, 82.0, null);
INSERT INTO Participacao (atleta_id, time_id, olimpiada_id, modalidade_id, idade, altura, peso, medalha) VALUES (83231, 1, 6, 17, 19.0, 183.0, 82.0, null);
INSERT INTO Participacao (atleta_id, time_id, olimpiada_id, modalidade_id, idade, altura, peso, medalha) VALUES (83231, 1, 12, 16, 23.0, 183.0, 82.0, null);
INSERT INTO Participacao (atleta_id, time_id, olimpiada_id, modalidade_id, idade, altura, peso, medalha) VALUES (83231, 1, 12, 17, 23.0, 183.0, 82.0, null);
INSERT INTO Atletas (id, nome, sexo) VALUES (83232, 'Mun Im-Cheol', 'M');
INSERT INTO Participacao (atleta_id, time_id, olimpiada_id, modalidade_id, idade, altura, peso, medalha) VALUES (83232, 1, 14, 211, 24.0, 179.0, 75.0, null);
INSERT INTO Atletas (id, nome, sexo) VALUES (83233, 'Mun Ji-Hui', 'F');
INSERT INTO Participacao (atleta_id, time_id, olimpiada_id, modalidade_id, idade, altura, peso, medalha) VALUES (83233, 1, 17, 313, 21.0, 165.0, 53.0, null);
INSERT INTO Participacao (atleta_id, time_id, olimpiada_id, modalidade_id, idade, altura, peso, medalha) VALUES (83233, 1, 17, 314, 21.0, 165.0, 53.0, null);
INSERT INTO Participacao (atleta_id, time_id, olimpiada_id, modalidade_id, idade, altura, peso, medalha) VALUES (83233, 1, 27, 313, 25.0, 165.0, 53.0, null);
INSERT INTO Participacao (atleta_id, time_id, olimpiada_id, modalidade_id, idade, altura, peso, medalha) VALUES (83233, 1, 27, 314, 25.0, 165.0, 53.0, null);
INSERT INTO Atletas (id, nome, sexo) VALUES (83234, 'Mun Ji-Yun', 'F');
INSERT INTO Participacao (atleta_id, time_id, olimpiada_id, modalidade_id, idade, altura, peso, medalha) VALUES (83234, 1, 12, 152, 21.0, null, null, null);
INSERT INTO Atletas (id, nome, sexo) VALUES (83235, 'Mun Jun', 'M');
INSERT INTO Participacao (atleta_id, time_id, olimpiada_id, modalidade_id, idade, altura, peso, medalha) VALUES (83235, 1, 19, 51, 19.0, 184.0, 76.0, null);
INSERT INTO Participacao (atleta_id, time_id, olimpiada_id, modalidade_id, idade, altura, peso, medalha) VALUES (83235, 1, 20, 54, 23.0, 184.0, 76.0, null);
INSERT INTO Participacao (atleta_id, time_id, olimpiada_id, modalidade_id, idade, altura, peso, medalha) VALUES (83235, 1, 20, 51, 23.0, 184.0, 76.0, null);
INSERT INTO Participacao (atleta_id, time_id, olimpiada_id, modalidade_id, idade, altura, peso, medalha) VALUES (83235, 1, 17, 53, 27.0, 184.0, 76.0, null);
INSERT INTO Participacao (atleta_id, time_id, olimpiada_id, modalidade_id, idade, altura, peso, medalha) VALUES (83235, 1, 17, 54, 27.0, 184.0, 76.0, null);
INSERT INTO Atletas (id, nome, sexo) VALUES (83236, 'Mun Myeong-Sik', 'M');
INSERT INTO Participacao (atleta_id, time_id, olimpiada_id, modalidade_id, idade, altura, peso, medalha) VALUES (83236, 1, 23, 24, 28.0, 160.0, 54.0, null);
INSERT INTO Atletas (id, nome, sexo) VALUES (83237, 'Mun Pil-Hui', 'F');
INSERT INTO Participacao (atleta_id, time_id, olimpiada_id, modalidade_id, idade, altura, peso, medalha) VALUES (83237, 1, 18, 26, 21.0, 168.0, 62.0, 'Silver');
INSERT INTO Participacao (atleta_id, time_id, olimpiada_id, modalidade_id, idade, altura, peso, medalha) VALUES (83237, 1, 16, 26, 25.0, 168.0, 62.0, 'Bronze');
INSERT INTO Atletas (id, nome, sexo) VALUES (83238, 'Mun Seon-Hui', 'F');
INSERT INTO Participacao (atleta_id, time_id, olimpiada_id, modalidade_id, idade, altura, peso, medalha) VALUES (83238, 1, 6, 18, 19.0, 178.0, 67.0, null);
INSERT INTO Atletas (id, nome, sexo) VALUES (83239, 'Mun Seong-Gil', 'M');
INSERT INTO Participacao (atleta_id, time_id, olimpiada_id, modalidade_id, idade, altura, peso, medalha) VALUES (83239, 1, 5, 55, 21.0, 166.0, 54.0, null);
INSERT INTO Atletas (id, nome, sexo) VALUES (83240, 'Mun Suk', 'F');
INSERT INTO Participacao (atleta_id, time_id, olimpiada_id, modalidade_id, idade, altura, peso, medalha) VALUES (83240, 1, 5, 123, 19.0, 165.0, 59.0, null);
INSERT INTO Atletas (id, nome, sexo) VALUES (83241, 'Mun Ui-Je', 'M');
INSERT INTO Participacao (atleta_id, time_id, olimpiada_id, modalidade_id, idade, altura, peso, medalha) VALUES (83241, 1, 23, 103, 25.0, 178.0, 84.0, 'Silver');
INSERT INTO Participacao (atleta_id, time_id, olimpiada_id, modalidade_id, idade, altura, peso, medalha) VALUES (83241, 1, 18, 306, 29.0, 178.0, 84.0, 'Silver');
INSERT INTO Atletas (id, nome, sexo) VALUES (83242, 'Mun Yang-Ja', 'F');
INSERT INTO Participacao (atleta_id, time_id, olimpiada_id, modalidade_id, idade, altura, peso, medalha) VALUES (83242, 1, 5, 36, 28.0, 159.0, 52.0, null);
INSERT INTO Atletas (id, nome, sexo) VALUES (83243, 'Mun Yeong-Hui', 'F');
INSERT INTO Participacao (atleta_id, time_id, olimpiada_id, modalidade_id, idade, altura, peso, medalha) VALUES (83243, 1, 16, 21, 25.0, 170.0, 62.0, null);
INSERT INTO Participacao (atleta_id, time_id, olimpiada_id, modalidade_id, idade, altura, peso, medalha) VALUES (83243, 1, 24, 21, 29.0, 170.0, 62.0, null);
INSERT INTO Atletas (id, nome, sexo) VALUES (83244, 'Mun Yong-Gwan', 'M');
INSERT INTO Participacao (atleta_id, time_id, olimpiada_id, modalidade_id, idade, altura, peso, medalha) VALUES (83244, 1, 5, 72, 23.0, 190.0, 85.0, null);
INSERT INTO Atletas (id, nome, sexo) VALUES (83245, 'Mun Yu-Ra', 'F');
INSERT INTO Participacao (atleta_id, time_id, olimpiada_id, modalidade_id, idade, altura, peso, medalha) VALUES (83245, 1, 24, 186, 22.0, 157.0, 69.0, null);
INSERT INTO Atletas (id, nome, sexo) VALUES (83854, 'Myeom Bok-Hui', 'F');
INSERT INTO Participacao (atleta_id, time_id, olimpiada_id, modalidade_id, idade, altura, peso, medalha) VALUES (83854, 1, 18, 26, 25.0, 168.0, 66.0, 'Silver');
INSERT INTO Atletas (id, nome, sexo) VALUES (83961, 'Na A-Reum', 'F');
INSERT INTO Participacao (atleta_id, time_id, olimpiada_id, modalidade_id, idade, altura, peso, medalha) VALUES (83961, 1, 24, 123, 22.0, 163.0, 55.0, null);
INSERT INTO Participacao (atleta_id, time_id, olimpiada_id, modalidade_id, idade, altura, peso, medalha) VALUES (83961, 1, 4, 123, 26.0, 163.0, 55.0, null);
INSERT INTO Atletas (id, nome, sexo) VALUES (83962, 'Na Gyeong-Min', 'F');
INSERT INTO Participacao (atleta_id, time_id, olimpiada_id, modalidade_id, idade, altura, peso, medalha) VALUES (83962, 1, 14, 59, 19.0, 175.0, 65.0, null);
INSERT INTO Participacao (atleta_id, time_id, olimpiada_id, modalidade_id, idade, altura, peso, medalha) VALUES (83962, 1, 23, 192, 23.0, 175.0, 65.0, null);
INSERT INTO Atletas (id, nome, sexo) VALUES (83963, 'Na Man-Ho', 'M');
INSERT INTO Participacao (atleta_id, time_id, olimpiada_id, modalidade_id, idade, altura, peso, medalha) VALUES (83963, 1, 14, 20, 22.0, 172.0, 72.0, null);
INSERT INTO Atletas (id, nome, sexo) VALUES (83964, 'Na Seung-Hwa', 'M');
INSERT INTO Participacao (atleta_id, time_id, olimpiada_id, modalidade_id, idade, altura, peso, medalha) VALUES (83964, 1, 12, 56, 22.0, null, null, null);
INSERT INTO Atletas (id, nome, sexo) VALUES (83965, 'Na Si-Yun', 'M');
INSERT INTO Participacao (atleta_id, time_id, olimpiada_id, modalidade_id, idade, altura, peso, medalha) VALUES (83965, 1, 8, 288, null, null, 66.0, null);
INSERT INTO Atletas (id, nome, sexo) VALUES (83968, 'Na Yun-Gyeong', 'F');
INSERT INTO Participacao (atleta_id, time_id, olimpiada_id, modalidade_id, idade, altura, peso, medalha) VALUES (83968, 1, 24, 117, 29.0, 161.0, 52.0, null);
INSERT INTO Participacao (atleta_id, time_id, olimpiada_id, modalidade_id, idade, altura, peso, medalha) VALUES (83968, 1, 24, 187, 29.0, 161.0, 52.0, null);
INSERT INTO Atletas (id, nome, sexo) VALUES (83969, 'Na Yun-Su', 'M');
INSERT INTO Participacao (atleta_id, time_id, olimpiada_id, modalidade_id, idade, altura, peso, medalha) VALUES (83969, 1, 32, 51, 17.0, 181.0, 71.0, null);
INSERT INTO Participacao (atleta_id, time_id, olimpiada_id, modalidade_id, idade, altura, peso, medalha) VALUES (83969, 1, 32, 52, 17.0, 181.0, 71.0, null);
INSERT INTO Participacao (atleta_id, time_id, olimpiada_id, modalidade_id, idade, altura, peso, medalha) VALUES (83969, 1, 32, 154, 17.0, 181.0, 71.0, null);
INSERT INTO Participacao (atleta_id, time_id, olimpiada_id, modalidade_id, idade, altura, peso, medalha) VALUES (83969, 1, 21, 53, 21.0, 181.0, 71.0, null);
INSERT INTO Participacao (atleta_id, time_id, olimpiada_id, modalidade_id, idade, altura, peso, medalha) VALUES (83969, 1, 21, 54, 21.0, 181.0, 71.0, null);
INSERT INTO Participacao (atleta_id, time_id, olimpiada_id, modalidade_id, idade, altura, peso, medalha) VALUES (83969, 1, 21, 51, 21.0, 181.0, 71.0, null);
INSERT INTO Participacao (atleta_id, time_id, olimpiada_id, modalidade_id, idade, altura, peso, medalha) VALUES (83969, 1, 21, 52, 21.0, 181.0, 71.0, null);
INSERT INTO Atletas (id, nome, sexo) VALUES (84424, 'Nam Dong-Hong', 'M');
INSERT INTO Participacao (atleta_id, time_id, olimpiada_id, modalidade_id, idade, altura, peso, medalha) VALUES (84424, 1, 16, 126, 24.0, 180.0, 70.0, null);
INSERT INTO Atletas (id, nome, sexo) VALUES (84425, 'Nam Eun-Yeong', 'F');
INSERT INTO Participacao (atleta_id, time_id, olimpiada_id, modalidade_id, idade, altura, peso, medalha) VALUES (84425, 1, 12, 26, 22.0, null, null, 'Gold');
INSERT INTO Atletas (id, nome, sexo) VALUES (84426, 'Nam Gung-Do', 'M');
INSERT INTO Participacao (atleta_id, time_id, olimpiada_id, modalidade_id, idade, altura, peso, medalha) VALUES (84426, 1, 18, 56, 22.0, 185.0, 80.0, null);
INSERT INTO Atletas (id, nome, sexo) VALUES (84427, 'Nam Gwan-U', 'M');
INSERT INTO Participacao (atleta_id, time_id, olimpiada_id, modalidade_id, idade, altura, peso, medalha) VALUES (84427, 1, 6, 16, 32.0, 174.0, 60.0, null);
INSERT INTO Participacao (atleta_id, time_id, olimpiada_id, modalidade_id, idade, altura, peso, medalha) VALUES (84427, 1, 6, 17, 32.0, 174.0, 60.0, null);
INSERT INTO Atletas (id, nome, sexo) VALUES (84428, 'Nam Hyeon-Hui', 'F');
INSERT INTO Participacao (atleta_id, time_id, olimpiada_id, modalidade_id, idade, altura, peso, medalha) VALUES (84428, 1, 18, 109, 22.0, 155.0, 46.0, null);
INSERT INTO Participacao (atleta_id, time_id, olimpiada_id, modalidade_id, idade, altura, peso, medalha) VALUES (84428, 1, 16, 109, 26.0, 155.0, 46.0, 'Silver');
INSERT INTO Participacao (atleta_id, time_id, olimpiada_id, modalidade_id, idade, altura, peso, medalha) VALUES (84428, 1, 24, 109, 30.0, 155.0, 46.0, null);
INSERT INTO Participacao (atleta_id, time_id, olimpiada_id, modalidade_id, idade, altura, peso, medalha) VALUES (84428, 1, 24, 249, 30.0, 155.0, 46.0, 'Bronze');
INSERT INTO Participacao (atleta_id, time_id, olimpiada_id, modalidade_id, idade, altura, peso, medalha) VALUES (84428, 1, 4, 109, 34.0, 155.0, 46.0, null);
INSERT INTO Atletas (id, nome, sexo) VALUES (84429, 'Nam Hyeon-Wu', 'M');
INSERT INTO Participacao (atleta_id, time_id, olimpiada_id, modalidade_id, idade, altura, peso, medalha) VALUES (84429, 1, 24, 89, 25.0, 182.0, 80.0, null);
INSERT INTO Atletas (id, nome, sexo) VALUES (84430, 'Nam Ji-Yeon', 'F');
INSERT INTO Participacao (atleta_id, time_id, olimpiada_id, modalidade_id, idade, altura, peso, medalha) VALUES (84430, 1, 18, 18, 21.0, 171.0, 63.0, null);
INSERT INTO Participacao (atleta_id, time_id, olimpiada_id, modalidade_id, idade, altura, peso, medalha) VALUES (84430, 1, 4, 18, 33.0, 171.0, 63.0, null);
INSERT INTO Atletas (id, nome, sexo) VALUES (84431, 'Nam Sang-Nam', 'F');
INSERT INTO Participacao (atleta_id, time_id, olimpiada_id, modalidade_id, idade, altura, peso, medalha) VALUES (84431, 1, 10, 31, 21.0, 162.0, 51.0, null);
INSERT INTO Participacao (atleta_id, time_id, olimpiada_id, modalidade_id, idade, altura, peso, medalha) VALUES (84431, 1, 10, 32, 21.0, 162.0, 51.0, null);
INSERT INTO Atletas (id, nome, sexo) VALUES (84432, 'Nam Sang-Ran', 'F');
INSERT INTO Participacao (atleta_id, time_id, olimpiada_id, modalidade_id, idade, altura, peso, medalha) VALUES (84432, 1, 6, 19, 21.0, 155.0, 46.0, null);
INSERT INTO Atletas (id, nome, sexo) VALUES (84433, 'Nam Sang-Wan', 'M');
INSERT INTO Participacao (atleta_id, time_id, olimpiada_id, modalidade_id, idade, altura, peso, medalha) VALUES (84433, 1, 7, 164, 29.0, 164.0, 63.0, null);
INSERT INTO Atletas (id, nome, sexo) VALUES (84434, 'Nam Seung-Gu', 'M');
INSERT INTO Participacao (atleta_id, time_id, olimpiada_id, modalidade_id, idade, altura, peso, medalha) VALUES (84434, 1, 5, 90, 20.0, 168.0, 64.0, null);
INSERT INTO Participacao (atleta_id, time_id, olimpiada_id, modalidade_id, idade, altura, peso, medalha) VALUES (84434, 1, 5, 91, 20.0, 168.0, 64.0, null);
INSERT INTO Participacao (atleta_id, time_id, olimpiada_id, modalidade_id, idade, altura, peso, medalha) VALUES (84434, 1, 5, 92, 20.0, 168.0, 64.0, null);
INSERT INTO Participacao (atleta_id, time_id, olimpiada_id, modalidade_id, idade, altura, peso, medalha) VALUES (84434, 1, 5, 93, 20.0, 168.0, 64.0, null);
INSERT INTO Participacao (atleta_id, time_id, olimpiada_id, modalidade_id, idade, altura, peso, medalha) VALUES (84434, 1, 5, 94, 20.0, 168.0, 64.0, null);
INSERT INTO Participacao (atleta_id, time_id, olimpiada_id, modalidade_id, idade, altura, peso, medalha) VALUES (84434, 1, 5, 95, 20.0, 168.0, 64.0, null);
INSERT INTO Participacao (atleta_id, time_id, olimpiada_id, modalidade_id, idade, altura, peso, medalha) VALUES (84434, 1, 5, 96, 20.0, 168.0, 64.0, null);
INSERT INTO Participacao (atleta_id, time_id, olimpiada_id, modalidade_id, idade, altura, peso, medalha) VALUES (84434, 1, 5, 97, 20.0, 168.0, 64.0, null);
INSERT INTO Atletas (id, nome, sexo) VALUES (84435, 'Nam Su-Il', 'M');
INSERT INTO Participacao (atleta_id, time_id, olimpiada_id, modalidade_id, idade, altura, peso, medalha) VALUES (84435, 1, 8, 128, 36.0, null, 60.0, null);
INSERT INTO Participacao (atleta_id, time_id, olimpiada_id, modalidade_id, idade, altura, peso, medalha) VALUES (84435, 1, 26, 128, 40.0, null, 60.0, null);
INSERT INTO Atletas (id, nome, sexo) VALUES (84436, 'Nam Sun-Ok', 'F');
INSERT INTO Participacao (atleta_id, time_id, olimpiada_id, modalidade_id, idade, altura, peso, medalha) VALUES (84436, 1, 6, 18, 19.0, 183.0, 75.0, null);
INSERT INTO Atletas (id, nome, sexo) VALUES (84437, 'Nam Sung-Ho', 'M');
INSERT INTO Participacao (atleta_id, time_id, olimpiada_id, modalidade_id, idade, altura, peso, medalha) VALUES (84437, 1, 23, 101, 24.0, 181.0, 79.0, null);
INSERT INTO Participacao (atleta_id, time_id, olimpiada_id, modalidade_id, idade, altura, peso, medalha) VALUES (84437, 1, 23, 303, 24.0, 181.0, 79.0, null);
INSERT INTO Atletas (id, nome, sexo) VALUES (84438, 'Nam Tae-Hui', 'M');
INSERT INTO Participacao (atleta_id, time_id, olimpiada_id, modalidade_id, idade, altura, peso, medalha) VALUES (84438, 1, 24, 56, 21.0, 175.0, 73.0, 'Bronze');
INSERT INTO Atletas (id, nome, sexo) VALUES (84439, 'Nam Won-Gi', 'M');
INSERT INTO Participacao (atleta_id, time_id, olimpiada_id, modalidade_id, idade, altura, peso, medalha) VALUES (84439, 1, 22, 159, 25.0, null, null, null);
INSERT INTO Participacao (atleta_id, time_id, olimpiada_id, modalidade_id, idade, altura, peso, medalha) VALUES (84439, 1, 22, 85, 25.0, null, null, null);
INSERT INTO Participacao (atleta_id, time_id, olimpiada_id, modalidade_id, idade, altura, peso, medalha) VALUES (84439, 1, 22, 86, 25.0, null, null, null);
INSERT INTO Atletas (id, nome, sexo) VALUES (84440, 'Nam Yeong-Sin', 'F');
INSERT INTO Participacao (atleta_id, time_id, olimpiada_id, modalidade_id, idade, altura, peso, medalha) VALUES (84440, 1, 4, 26, 25.0, 175.0, 82.0, null);
INSERT INTO Atletas (id, nome, sexo) VALUES (84441, 'Nam Yu-Seon', 'F');
INSERT INTO Participacao (atleta_id, time_id, olimpiada_id, modalidade_id, idade, altura, peso, medalha) VALUES (84441, 1, 23, 133, 15.0, 169.0, 52.0, null);
INSERT INTO Participacao (atleta_id, time_id, olimpiada_id, modalidade_id, idade, altura, peso, medalha) VALUES (84441, 1, 18, 324, 19.0, 169.0, 52.0, null);
INSERT INTO Participacao (atleta_id, time_id, olimpiada_id, modalidade_id, idade, altura, peso, medalha) VALUES (84441, 1, 16, 324, 23.0, 169.0, 52.0, null);
INSERT INTO Participacao (atleta_id, time_id, olimpiada_id, modalidade_id, idade, altura, peso, medalha) VALUES (84441, 1, 4, 133, 31.0, 169.0, 52.0, null);
INSERT INTO Atletas (id, nome, sexo) VALUES (86651, 'No Do-Cheon', 'M');
INSERT INTO Participacao (atleta_id, time_id, olimpiada_id, modalidade_id, idade, altura, peso, medalha) VALUES (86651, 1, 15, 10, 23.0, 170.0, 67.0, null);
INSERT INTO Participacao (atleta_id, time_id, olimpiada_id, modalidade_id, idade, altura, peso, medalha) VALUES (86651, 1, 15, 11, 23.0, 170.0, 67.0, null);
INSERT INTO Atletas (id, nome, sexo) VALUES (86652, 'No Gyeong-Seon', 'M');
INSERT INTO Participacao (atleta_id, time_id, olimpiada_id, modalidade_id, idade, altura, peso, medalha) VALUES (86652, 1, 6, 24, 24.0, 159.0, 60.0, 'Bronze');
INSERT INTO Atletas (id, nome, sexo) VALUES (86653, 'No Hye-Sun', 'F');
INSERT INTO Modalidades (nome, esporte_id) VALUES ('Athletics Women''s 1,500 metres', 18);
INSERT INTO Participacao (atleta_id, time_id, olimpiada_id, modalidade_id, idade, altura, peso, medalha) VALUES (86653, 1, 6, 359, 19.0, 161.0, 48.0, null);
INSERT INTO Atletas (id, nome, sexo) VALUES (86654, 'No Hyeon-Seok', 'M');
INSERT INTO Participacao (atleta_id, time_id, olimpiada_id, modalidade_id, idade, altura, peso, medalha) VALUES (86654, 1, 6, 28, 21.0, 185.0, 85.0, 'Silver');
INSERT INTO Atletas (id, nome, sexo) VALUES (86655, 'No Jeong-Yun', 'M');
INSERT INTO Participacao (atleta_id, time_id, olimpiada_id, modalidade_id, idade, altura, peso, medalha) VALUES (86655, 1, 12, 56, 21.0, null, null, null);
INSERT INTO Atletas (id, nome, sexo) VALUES (86656, 'No Jin-Su', 'M');
INSERT INTO Participacao (atleta_id, time_id, olimpiada_id, modalidade_id, idade, altura, peso, medalha) VALUES (86656, 1, 5, 72, 19.0, 188.0, 75.0, null);
INSERT INTO Participacao (atleta_id, time_id, olimpiada_id, modalidade_id, idade, altura, peso, medalha) VALUES (86656, 1, 12, 72, 27.0, 188.0, 75.0, null);
INSERT INTO Atletas (id, nome, sexo) VALUES (86657, 'No Ju-Hui', 'F');
INSERT INTO Participacao (atleta_id, time_id, olimpiada_id, modalidade_id, idade, altura, peso, medalha) VALUES (86657, 1, 14, 69, 13.0, 172.0, 55.0, null);
INSERT INTO Participacao (atleta_id, time_id, olimpiada_id, modalidade_id, idade, altura, peso, medalha) VALUES (86657, 1, 23, 65, 17.0, 172.0, 55.0, null);
INSERT INTO Participacao (atleta_id, time_id, olimpiada_id, modalidade_id, idade, altura, peso, medalha) VALUES (86657, 1, 23, 208, 17.0, 172.0, 55.0, null);
INSERT INTO Atletas (id, nome, sexo) VALUES (86658, 'No Seon-Yeong', 'F');
INSERT INTO Participacao (atleta_id, time_id, olimpiada_id, modalidade_id, idade, altura, peso, medalha) VALUES (86658, 1, 20, 61, 16.0, 172.0, 66.0, null);
INSERT INTO Participacao (atleta_id, time_id, olimpiada_id, modalidade_id, idade, altura, peso, medalha) VALUES (86658, 1, 20, 60, 16.0, 172.0, 66.0, null);
INSERT INTO Participacao (atleta_id, time_id, olimpiada_id, modalidade_id, idade, altura, peso, medalha) VALUES (86658, 1, 17, 61, 20.0, 172.0, 66.0, null);
INSERT INTO Participacao (atleta_id, time_id, olimpiada_id, modalidade_id, idade, altura, peso, medalha) VALUES (86658, 1, 17, 60, 20.0, 172.0, 66.0, null);
INSERT INTO Participacao (atleta_id, time_id, olimpiada_id, modalidade_id, idade, altura, peso, medalha) VALUES (86658, 1, 17, 299, 20.0, 172.0, 66.0, null);
INSERT INTO Participacao (atleta_id, time_id, olimpiada_id, modalidade_id, idade, altura, peso, medalha) VALUES (86658, 1, 27, 61, 24.0, 172.0, 66.0, null);
INSERT INTO Participacao (atleta_id, time_id, olimpiada_id, modalidade_id, idade, altura, peso, medalha) VALUES (86658, 1, 27, 60, 24.0, 172.0, 66.0, null);
INSERT INTO Participacao (atleta_id, time_id, olimpiada_id, modalidade_id, idade, altura, peso, medalha) VALUES (86658, 1, 27, 299, 24.0, 172.0, 66.0, null);
INSERT INTO Atletas (id, nome, sexo) VALUES (86659, 'No Su-Jin', 'M');
INSERT INTO Participacao (atleta_id, time_id, olimpiada_id, modalidade_id, idade, altura, peso, medalha) VALUES (86659, 1, 6, 56, 26.0, 177.0, 73.0, null);
INSERT INTO Atletas (id, nome, sexo) VALUES (86660, 'No Yeom-Ju', 'F');
INSERT INTO Participacao (atleta_id, time_id, olimpiada_id, modalidade_id, idade, altura, peso, medalha) VALUES (86660, 1, 6, 123, 20.0, 158.0, 52.0, null);
INSERT INTO Atletas (id, nome, sexo) VALUES (86661, 'No Yeong-Mi', 'F');
INSERT INTO Participacao (atleta_id, time_id, olimpiada_id, modalidade_id, idade, altura, peso, medalha) VALUES (86661, 1, 12, 21, 24.0, null, null, null);
INSERT INTO Atletas (id, nome, sexo) VALUES (86662, 'No Yeong-Sik', 'M');
INSERT INTO Participacao (atleta_id, time_id, olimpiada_id, modalidade_id, idade, altura, peso, medalha) VALUES (86662, 1, 14, 37, 19.0, 178.0, 75.0, null);
INSERT INTO Atletas (id, nome, sexo) VALUES (87592, 'O Cheol-Min', 'M');
INSERT INTO Participacao (atleta_id, time_id, olimpiada_id, modalidade_id, idade, altura, peso, medalha) VALUES (87592, 1, 14, 20, 23.0, null, null, null);
INSERT INTO Atletas (id, nome, sexo) VALUES (87593, 'O Cheong-Ja', 'F');
INSERT INTO Participacao (atleta_id, time_id, olimpiada_id, modalidade_id, idade, altura, peso, medalha) VALUES (87593, 1, 7, 18, 20.0, 164.0, 58.0, null);
INSERT INTO Atletas (id, nome, sexo) VALUES (87595, 'O Dae-Geun', 'M');
INSERT INTO Participacao (atleta_id, time_id, olimpiada_id, modalidade_id, idade, altura, peso, medalha) VALUES (87595, 1, 24, 89, 30.0, 174.0, 76.0, null);
INSERT INTO Atletas (id, nome, sexo) VALUES (87596, 'O Eun-Seok', 'M');
INSERT INTO Participacao (atleta_id, time_id, olimpiada_id, modalidade_id, idade, altura, peso, medalha) VALUES (87596, 1, 18, 198, 21.0, 181.0, 76.0, null);
INSERT INTO Participacao (atleta_id, time_id, olimpiada_id, modalidade_id, idade, altura, peso, medalha) VALUES (87596, 1, 16, 198, 25.0, 181.0, 76.0, null);
INSERT INTO Participacao (atleta_id, time_id, olimpiada_id, modalidade_id, idade, altura, peso, medalha) VALUES (87596, 1, 24, 199, 29.0, 181.0, 76.0, 'Gold');
INSERT INTO Atletas (id, nome, sexo) VALUES (87597, 'O Go-Un', 'F');
INSERT INTO Participacao (atleta_id, time_id, olimpiada_id, modalidade_id, idade, altura, peso, medalha) VALUES (87597, 1, 23, 21, 19.0, 165.0, 62.0, null);
INSERT INTO Participacao (atleta_id, time_id, olimpiada_id, modalidade_id, idade, altura, peso, medalha) VALUES (87597, 1, 18, 21, 23.0, 165.0, 62.0, null);
INSERT INTO Atletas (id, nome, sexo) VALUES (87598, 'O Gwang-Su', 'M');
INSERT INTO Participacao (atleta_id, time_id, olimpiada_id, modalidade_id, idade, altura, peso, medalha) VALUES (87598, 1, 6, 234, 22.0, 167.0, 48.0, null);
INSERT INTO Atletas (id, nome, sexo) VALUES (87600, 'O Gyo-Mun', 'M');
INSERT INTO Participacao (atleta_id, time_id, olimpiada_id, modalidade_id, idade, altura, peso, medalha) VALUES (87600, 1, 14, 153, 24.0, 180.0, 73.0, 'Bronze');
INSERT INTO Participacao (atleta_id, time_id, olimpiada_id, modalidade_id, idade, altura, peso, medalha) VALUES (87600, 1, 14, 228, 24.0, 180.0, 73.0, 'Silver');
INSERT INTO Participacao (atleta_id, time_id, olimpiada_id, modalidade_id, idade, altura, peso, medalha) VALUES (87600, 1, 23, 153, 28.0, 180.0, 73.0, null);
INSERT INTO Participacao (atleta_id, time_id, olimpiada_id, modalidade_id, idade, altura, peso, medalha) VALUES (87600, 1, 23, 228, 28.0, 180.0, 73.0, 'Gold');
INSERT INTO Atletas (id, nome, sexo) VALUES (87603, 'O Jae-Eun', 'F');
INSERT INTO Participacao (atleta_id, time_id, olimpiada_id, modalidade_id, idade, altura, peso, medalha) VALUES (87603, 1, 20, 325, 22.0, 164.0, 55.0, null);
INSERT INTO Participacao (atleta_id, time_id, olimpiada_id, modalidade_id, idade, altura, peso, medalha) VALUES (87603, 1, 20, 189, 22.0, 164.0, 55.0, null);
INSERT INTO Atletas (id, nome, sexo) VALUES (87604, 'O Jae-Seok', 'M');
INSERT INTO Participacao (atleta_id, time_id, olimpiada_id, modalidade_id, idade, altura, peso, medalha) VALUES (87604, 1, 24, 56, 22.0, 178.0, 73.0, 'Bronze');
INSERT INTO Atletas (id, nome, sexo) VALUES (87606, 'O Jeong-Ryong', 'M');
INSERT INTO Participacao (atleta_id, time_id, olimpiada_id, modalidade_id, idade, altura, peso, medalha) VALUES (87606, 1, 10, 259, 24.0, 155.0, 52.0, null);
INSERT INTO Atletas (id, nome, sexo) VALUES (87608, 'O Jong-Yeol', 'M');
INSERT INTO Participacao (atleta_id, time_id, olimpiada_id, modalidade_id, idade, altura, peso, medalha) VALUES (87608, 1, 6, 305, 26.0, 180.0, 72.0, null);
INSERT INTO Atletas (id, nome, sexo) VALUES (87609, 'O Mi-Ja', 'F');
INSERT INTO Participacao (atleta_id, time_id, olimpiada_id, modalidade_id, idade, altura, peso, medalha) VALUES (87609, 1, 14, 34, 26.0, 166.0, 50.0, null);
INSERT INTO Participacao (atleta_id, time_id, olimpiada_id, modalidade_id, idade, altura, peso, medalha) VALUES (87609, 1, 23, 34, 30.0, 166.0, 50.0, null);
INSERT INTO Atletas (id, nome, sexo) VALUES (87610, 'O Pyeong-Gil', 'M');
INSERT INTO Participacao (atleta_id, time_id, olimpiada_id, modalidade_id, idade, altura, peso, medalha) VALUES (87610, 1, 7, 72, 20.0, 181.0, 72.0, null);
INSERT INTO Atletas (id, nome, sexo) VALUES (87611, 'O Sang-Eun', 'M');
INSERT INTO Participacao (atleta_id, time_id, olimpiada_id, modalidade_id, idade, altura, peso, medalha) VALUES (87611, 1, 18, 182, 27.0, 186.0, 72.0, null);
INSERT INTO Participacao (atleta_id, time_id, olimpiada_id, modalidade_id, idade, altura, peso, medalha) VALUES (87611, 1, 16, 182, 31.0, 186.0, 72.0, null);
INSERT INTO Participacao (atleta_id, time_id, olimpiada_id, modalidade_id, idade, altura, peso, medalha) VALUES (87611, 1, 16, 284, 31.0, 186.0, 72.0, 'Bronze');
INSERT INTO Participacao (atleta_id, time_id, olimpiada_id, modalidade_id, idade, altura, peso, medalha) VALUES (87611, 1, 24, 182, 35.0, 186.0, 72.0, null);
INSERT INTO Participacao (atleta_id, time_id, olimpiada_id, modalidade_id, idade, altura, peso, medalha) VALUES (87611, 1, 24, 284, 35.0, 186.0, 72.0, 'Silver');
INSERT INTO Atletas (id, nome, sexo) VALUES (87612, 'O Se-Jong', 'M');
INSERT INTO Participacao (atleta_id, time_id, olimpiada_id, modalidade_id, idade, altura, peso, medalha) VALUES (87612, 1, 19, 41, 19.0, 180.0, 69.0, null);
INSERT INTO Participacao (atleta_id, time_id, olimpiada_id, modalidade_id, idade, altura, peso, medalha) VALUES (87612, 1, 20, 41, 23.0, 180.0, 69.0, 'Gold');
INSERT INTO Atletas (id, nome, sexo) VALUES (87613, 'O Se-Ung', 'M');
INSERT INTO Participacao (atleta_id, time_id, olimpiada_id, modalidade_id, idade, altura, peso, medalha) VALUES (87613, 1, 6, 12, 27.0, 188.0, 78.0, null);
INSERT INTO Atletas (id, nome, sexo) VALUES (87614, 'O Seong-Sik', 'M');
INSERT INTO Participacao (atleta_id, time_id, olimpiada_id, modalidade_id, idade, altura, peso, medalha) VALUES (87614, 1, 14, 12, 25.0, 183.0, 82.0, null);
INSERT INTO Atletas (id, nome, sexo) VALUES (87615, 'O Seung-Hwan', 'M');
INSERT INTO Participacao (atleta_id, time_id, olimpiada_id, modalidade_id, idade, altura, peso, medalha) VALUES (87615, 1, 16, 20, 26.0, 178.0, 92.0, 'Gold');
INSERT INTO Atletas (id, nome, sexo) VALUES (87616, 'O Seung-Rip', 'M');
INSERT INTO Participacao (atleta_id, time_id, olimpiada_id, modalidade_id, idade, altura, peso, medalha) VALUES (87616, 1, 11, 147, 25.0, 175.0, 80.0, 'Silver');
INSERT INTO Atletas (id, nome, sexo) VALUES (87617, 'O Seung-Sin', 'F');
INSERT INTO Participacao (atleta_id, time_id, olimpiada_id, modalidade_id, idade, altura, peso, medalha) VALUES (87617, 1, 14, 21, 24.0, 165.0, 59.0, 'Silver');
INSERT INTO Participacao (atleta_id, time_id, olimpiada_id, modalidade_id, idade, altura, peso, medalha) VALUES (87617, 1, 23, 21, 28.0, 165.0, 59.0, null);
INSERT INTO Atletas (id, nome, sexo) VALUES (87618, 'O Seung-Sun', 'F');
INSERT INTO Participacao (atleta_id, time_id, olimpiada_id, modalidade_id, idade, altura, peso, medalha) VALUES (87618, 1, 5, 109, 21.0, 165.0, 65.0, null);
INSERT INTO Atletas (id, nome, sexo) VALUES (87620, 'O Su-Cheol', 'M');
INSERT INTO Participacao (atleta_id, time_id, olimpiada_id, modalidade_id, idade, altura, peso, medalha) VALUES (87620, 1, 8, 12, null, 170.0, null, null);
INSERT INTO Atletas (id, nome, sexo) VALUES (87621, 'O Sun-Ok', 'F');
INSERT INTO Participacao (atleta_id, time_id, olimpiada_id, modalidade_id, idade, altura, peso, medalha) VALUES (87621, 1, 7, 18, 18.0, 169.0, 64.0, null);
INSERT INTO Atletas (id, nome, sexo) VALUES (87622, 'O Tae-Geun', 'M');
INSERT INTO Participacao (atleta_id, time_id, olimpiada_id, modalidade_id, idade, altura, peso, medalha) VALUES (87622, 1, 26, 78, 24.0, null, null, null);
INSERT INTO Participacao (atleta_id, time_id, olimpiada_id, modalidade_id, idade, altura, peso, medalha) VALUES (87622, 1, 9, 78, 28.0, null, null, null);
INSERT INTO Atletas (id, nome, sexo) VALUES (87623, 'O Uk-Hwan', 'M');
INSERT INTO Participacao (atleta_id, time_id, olimpiada_id, modalidade_id, idade, altura, peso, medalha) VALUES (87623, 1, 12, 72, 21.0, null, null, null);
INSERT INTO Atletas (id, nome, sexo) VALUES (87624, 'O Yong-Gi', 'M');
INSERT INTO Participacao (atleta_id, time_id, olimpiada_id, modalidade_id, idade, altura, peso, medalha) VALUES (87624, 1, 6, 28, 22.0, 188.0, 81.0, 'Silver');
INSERT INTO Atletas (id, nome, sexo) VALUES (87625, 'O Yong-Seok', 'M');
INSERT INTO Participacao (atleta_id, time_id, olimpiada_id, modalidade_id, idade, altura, peso, medalha) VALUES (87625, 1, 1, 51, 22.0, 170.0, 66.0, null);
INSERT INTO Participacao (atleta_id, time_id, olimpiada_id, modalidade_id, idade, altura, peso, medalha) VALUES (87625, 1, 1, 52, 22.0, 170.0, 66.0, null);
INSERT INTO Atletas (id, nome, sexo) VALUES (87626, 'O Yun-Seok', 'M');
INSERT INTO Participacao (atleta_id, time_id, olimpiada_id, modalidade_id, idade, altura, peso, medalha) VALUES (87626, 1, 18, 28, 20.0, 196.0, 95.0, null);
INSERT INTO Atletas (id, nome, sexo) VALUES (88236, 'Oh Ha-Na', 'F');
INSERT INTO Participacao (atleta_id, time_id, olimpiada_id, modalidade_id, idade, altura, peso, medalha) VALUES (88236, 1, 24, 249, 27.0, 175.0, 65.0, 'Bronze');
INSERT INTO Atletas (id, nome, sexo) VALUES (88237, 'Oh Hye-Ri', 'F');
INSERT INTO Participacao (atleta_id, time_id, olimpiada_id, modalidade_id, idade, altura, peso, medalha) VALUES (88237, 1, 4, 239, 28.0, 182.0, 69.0, 'Gold');
INSERT INTO Atletas (id, nome, sexo) VALUES (88238, 'Oh Jang-Eun', 'M');
INSERT INTO Participacao (atleta_id, time_id, olimpiada_id, modalidade_id, idade, altura, peso, medalha) VALUES (88238, 1, 16, 56, 23.0, 175.0, 73.0, null);
INSERT INTO Atletas (id, nome, sexo) VALUES (88239, 'Oh Jin-Hyek', 'M');
INSERT INTO Participacao (atleta_id, time_id, olimpiada_id, modalidade_id, idade, altura, peso, medalha) VALUES (88239, 1, 24, 153, 30.0, 182.0, 100.0, 'Gold');
INSERT INTO Participacao (atleta_id, time_id, olimpiada_id, modalidade_id, idade, altura, peso, medalha) VALUES (88239, 1, 24, 228, 30.0, 182.0, 100.0, 'Bronze');
INSERT INTO Atletas (id, nome, sexo) VALUES (88240, 'Oh Min-Ji', 'F');
INSERT INTO Participacao (atleta_id, time_id, olimpiada_id, modalidade_id, idade, altura, peso, medalha) VALUES (88240, 1, 17, 27, 24.0, 165.0, 53.0, null);
INSERT INTO Atletas (id, nome, sexo) VALUES (88241, 'Oh Seong-Ok', 'F');
INSERT INTO Participacao (atleta_id, time_id, olimpiada_id, modalidade_id, idade, altura, peso, medalha) VALUES (88241, 1, 12, 26, 19.0, 171.0, 64.0, 'Gold');
INSERT INTO Participacao (atleta_id, time_id, olimpiada_id, modalidade_id, idade, altura, peso, medalha) VALUES (88241, 1, 14, 26, 23.0, 171.0, 64.0, 'Silver');
INSERT INTO Participacao (atleta_id, time_id, olimpiada_id, modalidade_id, idade, altura, peso, medalha) VALUES (88241, 1, 23, 26, 27.0, 171.0, 64.0, null);
INSERT INTO Participacao (atleta_id, time_id, olimpiada_id, modalidade_id, idade, altura, peso, medalha) VALUES (88241, 1, 18, 26, 31.0, 171.0, 64.0, 'Silver');
INSERT INTO Participacao (atleta_id, time_id, olimpiada_id, modalidade_id, idade, altura, peso, medalha) VALUES (88241, 1, 16, 26, 35.0, 171.0, 64.0, 'Bronze');
INSERT INTO Atletas (id, nome, sexo) VALUES (88243, 'Oh Yeong-Ran', 'F');
INSERT INTO Participacao (atleta_id, time_id, olimpiada_id, modalidade_id, idade, altura, peso, medalha) VALUES (88243, 1, 14, 26, 23.0, 171.0, 73.0, 'Silver');
INSERT INTO Participacao (atleta_id, time_id, olimpiada_id, modalidade_id, idade, altura, peso, medalha) VALUES (88243, 1, 23, 26, 28.0, 171.0, 73.0, null);
INSERT INTO Participacao (atleta_id, time_id, olimpiada_id, modalidade_id, idade, altura, peso, medalha) VALUES (88243, 1, 18, 26, 31.0, 171.0, 73.0, 'Silver');
INSERT INTO Participacao (atleta_id, time_id, olimpiada_id, modalidade_id, idade, altura, peso, medalha) VALUES (88243, 1, 16, 26, 35.0, 171.0, 73.0, 'Bronze');
INSERT INTO Participacao (atleta_id, time_id, olimpiada_id, modalidade_id, idade, altura, peso, medalha) VALUES (88243, 1, 4, 26, 43.0, 171.0, 73.0, null);
INSERT INTO Atletas (id, nome, sexo) VALUES (88382, 'Ok Deok-Pil', 'M');
INSERT INTO Participacao (atleta_id, time_id, olimpiada_id, modalidade_id, idade, altura, peso, medalha) VALUES (88382, 1, 14, 296, 21.0, 175.0, 68.0, null);
INSERT INTO Participacao (atleta_id, time_id, olimpiada_id, modalidade_id, idade, altura, peso, medalha) VALUES (88382, 1, 23, 296, 26.0, 175.0, 68.0, null);
INSERT INTO Participacao (atleta_id, time_id, olimpiada_id, modalidade_id, idade, altura, peso, medalha) VALUES (88382, 1, 18, 296, 29.0, 175.0, 68.0, null);
INSERT INTO Atletas (id, nome, sexo) VALUES (90641, 'Pak Bong-Sik', 'F');
INSERT INTO Participacao (atleta_id, time_id, olimpiada_id, modalidade_id, idade, altura, peso, medalha) VALUES (90641, 1, 8, 301, null, null, null, null);
INSERT INTO Atletas (id, nome, sexo) VALUES (90646, 'Pak Dong-Uk', 'M');
INSERT INTO Participacao (atleta_id, time_id, olimpiada_id, modalidade_id, idade, altura, peso, medalha) VALUES (90646, 1, 8, 240, null, null, 56.0, null);
INSERT INTO Atletas (id, nome, sexo) VALUES (90654, 'Pak Jong-Hyeon', 'M');
INSERT INTO Participacao (atleta_id, time_id, olimpiada_id, modalidade_id, idade, altura, peso, medalha) VALUES (90654, 1, 15, 10, 21.0, 176.0, 68.0, null);
INSERT INTO Participacao (atleta_id, time_id, olimpiada_id, modalidade_id, idade, altura, peso, medalha) VALUES (90654, 1, 15, 11, 21.0, 176.0, 68.0, null);
INSERT INTO Atletas (id, nome, sexo) VALUES (90659, 'Pak Seon-Mi', 'F');
INSERT INTO Participacao (atleta_id, time_id, olimpiada_id, modalidade_id, idade, altura, peso, medalha) VALUES (90659, 1, 18, 18, 22.0, 178.0, 65.0, null);
INSERT INTO Atletas (id, nome, sexo) VALUES (91440, 'Park A-Yeong', 'F');
INSERT INTO Participacao (atleta_id, time_id, olimpiada_id, modalidade_id, idade, altura, peso, medalha) VALUES (91440, 1, 18, 35, 20.0, 159.0, 45.0, null);
INSERT INTO Atletas (id, nome, sexo) VALUES (91441, 'Park Beom-Ho', 'M');
INSERT INTO Participacao (atleta_id, time_id, olimpiada_id, modalidade_id, idade, altura, peso, medalha) VALUES (91441, 1, 16, 216, 20.0, 172.0, 62.0, null);
INSERT INTO Atletas (id, nome, sexo) VALUES (91442, 'Park Bit-Na', 'F');
INSERT INTO Participacao (atleta_id, time_id, olimpiada_id, modalidade_id, idade, altura, peso, medalha) VALUES (91442, 1, 19, 87, 16.0, 163.0, 43.0, null);
INSERT INTO Atletas (id, nome, sexo) VALUES (91443, 'Park Bog-Ye', 'F');
INSERT INTO Participacao (atleta_id, time_id, olimpiada_id, modalidade_id, idade, altura, peso, medalha) VALUES (91443, 1, 6, 18, 20.0, 168.0, 61.0, null);
INSERT INTO Atletas (id, nome, sexo) VALUES (91444, 'Park Bong-Deok', 'M');
INSERT INTO Participacao (atleta_id, time_id, olimpiada_id, modalidade_id, idade, altura, peso, medalha) VALUES (91444, 1, 18, 57, 30.0, 177.0, 83.0, null);
INSERT INTO Participacao (atleta_id, time_id, olimpiada_id, modalidade_id, idade, altura, peso, medalha) VALUES (91444, 1, 18, 58, 30.0, 177.0, 83.0, null);
INSERT INTO Participacao (atleta_id, time_id, olimpiada_id, modalidade_id, idade, altura, peso, medalha) VALUES (91444, 1, 16, 8, 34.0, 177.0, 83.0, null);
INSERT INTO Participacao (atleta_id, time_id, olimpiada_id, modalidade_id, idade, altura, peso, medalha) VALUES (91444, 1, 16, 57, 34.0, 177.0, 83.0, null);
INSERT INTO Participacao (atleta_id, time_id, olimpiada_id, modalidade_id, idade, altura, peso, medalha) VALUES (91444, 1, 16, 58, 34.0, 177.0, 83.0, null);
INSERT INTO Atletas (id, nome, sexo) VALUES (91445, 'Park Byeong-Gi', 'M');
INSERT INTO Modalidades (nome, esporte_id) VALUES ('Sailing Mixed Multihull', 40);
INSERT INTO Participacao (atleta_id, time_id, olimpiada_id, modalidade_id, idade, altura, peso, medalha) VALUES (91445, 1, 6, 360, 25.0, 175.0, 68.0, null);
INSERT INTO Atletas (id, nome, sexo) VALUES (91446, 'Park Byeong-Hong', 'M');
INSERT INTO Participacao (atleta_id, time_id, olimpiada_id, modalidade_id, idade, altura, peso, medalha) VALUES (91446, 1, 5, 28, 21.0, 177.0, 70.0, null);
INSERT INTO Atletas (id, nome, sexo) VALUES (91447, 'Park Byeong-Hun', 'M');
INSERT INTO Participacao (atleta_id, time_id, olimpiada_id, modalidade_id, idade, altura, peso, medalha) VALUES (91447, 1, 12, 177, 19.0, null, null, null);
INSERT INTO Atletas (id, nome, sexo) VALUES (91448, 'Park Byeong-Hyo', 'M');
INSERT INTO Participacao (atleta_id, time_id, olimpiada_id, modalidade_id, idade, altura, peso, medalha) VALUES (91448, 1, 5, 13, 21.0, 166.0, 62.0, null);
INSERT INTO Atletas (id, nome, sexo) VALUES (91449, 'Park Byeong-Jin', 'M');
INSERT INTO Participacao (atleta_id, time_id, olimpiada_id, modalidade_id, idade, altura, peso, medalha) VALUES (91449, 1, 6, 124, 22.0, 183.0, 81.0, null);
INSERT INTO Atletas (id, nome, sexo) VALUES (91450, 'Park Byeong-Ju', 'M');
INSERT INTO Participacao (atleta_id, time_id, olimpiada_id, modalidade_id, idade, altura, peso, medalha) VALUES (91450, 1, 3, 1, 18.0, 176.0, 67.0, null);
INSERT INTO Participacao (atleta_id, time_id, olimpiada_id, modalidade_id, idade, altura, peso, medalha) VALUES (91450, 1, 3, 3, 18.0, 176.0, 67.0, null);
INSERT INTO Participacao (atleta_id, time_id, olimpiada_id, modalidade_id, idade, altura, peso, medalha) VALUES (91450, 1, 3, 4, 18.0, 176.0, 67.0, null);
INSERT INTO Participacao (atleta_id, time_id, olimpiada_id, modalidade_id, idade, altura, peso, medalha) VALUES (91450, 1, 19, 108, 22.0, 176.0, 67.0, null);
INSERT INTO Participacao (atleta_id, time_id, olimpiada_id, modalidade_id, idade, altura, peso, medalha) VALUES (91450, 1, 19, 2, 22.0, 176.0, 67.0, null);
INSERT INTO Participacao (atleta_id, time_id, olimpiada_id, modalidade_id, idade, altura, peso, medalha) VALUES (91450, 1, 19, 281, 22.0, 176.0, 67.0, null);
INSERT INTO Participacao (atleta_id, time_id, olimpiada_id, modalidade_id, idade, altura, peso, medalha) VALUES (91450, 1, 20, 282, 26.0, 176.0, 67.0, null);
INSERT INTO Participacao (atleta_id, time_id, olimpiada_id, modalidade_id, idade, altura, peso, medalha) VALUES (91450, 1, 20, 108, 26.0, 176.0, 67.0, null);
INSERT INTO Participacao (atleta_id, time_id, olimpiada_id, modalidade_id, idade, altura, peso, medalha) VALUES (91450, 1, 20, 134, 26.0, 176.0, 67.0, null);
INSERT INTO Participacao (atleta_id, time_id, olimpiada_id, modalidade_id, idade, altura, peso, medalha) VALUES (91450, 1, 20, 135, 26.0, 176.0, 67.0, null);
INSERT INTO Atletas (id, nome, sexo) VALUES (91451, 'Park Byung-Chul', 'M');
INSERT INTO Participacao (atleta_id, time_id, olimpiada_id, modalidade_id, idade, altura, peso, medalha) VALUES (91451, 1, 1, 1, 19.0, 178.0, 70.0, null);
INSERT INTO Participacao (atleta_id, time_id, olimpiada_id, modalidade_id, idade, altura, peso, medalha) VALUES (91451, 1, 1, 2, 19.0, 178.0, 70.0, null);
INSERT INTO Participacao (atleta_id, time_id, olimpiada_id, modalidade_id, idade, altura, peso, medalha) VALUES (91451, 1, 1, 3, 19.0, 178.0, 70.0, null);
INSERT INTO Participacao (atleta_id, time_id, olimpiada_id, modalidade_id, idade, altura, peso, medalha) VALUES (91451, 1, 1, 4, 19.0, 178.0, 70.0, null);
INSERT INTO Participacao (atleta_id, time_id, olimpiada_id, modalidade_id, idade, altura, peso, medalha) VALUES (91451, 1, 2, 1, 21.0, 178.0, 70.0, null);
INSERT INTO Participacao (atleta_id, time_id, olimpiada_id, modalidade_id, idade, altura, peso, medalha) VALUES (91451, 1, 2, 2, 21.0, 178.0, 70.0, null);
INSERT INTO Participacao (atleta_id, time_id, olimpiada_id, modalidade_id, idade, altura, peso, medalha) VALUES (91451, 1, 2, 3, 21.0, 178.0, 70.0, null);
INSERT INTO Participacao (atleta_id, time_id, olimpiada_id, modalidade_id, idade, altura, peso, medalha) VALUES (91451, 1, 3, 1, 25.0, 178.0, 70.0, null);
INSERT INTO Participacao (atleta_id, time_id, olimpiada_id, modalidade_id, idade, altura, peso, medalha) VALUES (91451, 1, 3, 2, 25.0, 178.0, 70.0, null);
INSERT INTO Participacao (atleta_id, time_id, olimpiada_id, modalidade_id, idade, altura, peso, medalha) VALUES (91451, 1, 3, 3, 25.0, 178.0, 70.0, null);
INSERT INTO Participacao (atleta_id, time_id, olimpiada_id, modalidade_id, idade, altura, peso, medalha) VALUES (91451, 1, 3, 4, 25.0, 178.0, 70.0, null);
INSERT INTO Atletas (id, nome, sexo) VALUES (91452, 'Park Byung-Ro', 'M');
INSERT INTO Participacao (atleta_id, time_id, olimpiada_id, modalidade_id, idade, altura, peso, medalha) VALUES (91452, 1, 21, 158, 21.0, 174.0, 70.0, null);
INSERT INTO Participacao (atleta_id, time_id, olimpiada_id, modalidade_id, idade, altura, peso, medalha) VALUES (91452, 1, 21, 85, 21.0, 174.0, 70.0, null);
INSERT INTO Participacao (atleta_id, time_id, olimpiada_id, modalidade_id, idade, altura, peso, medalha) VALUES (91452, 1, 21, 86, 21.0, 174.0, 70.0, null);
INSERT INTO Atletas (id, nome, sexo) VALUES (91453, 'Park Byung-Woo', 'M');
INSERT INTO Participacao (atleta_id, time_id, olimpiada_id, modalidade_id, idade, altura, peso, medalha) VALUES (91453, 1, 22, 236, 18.0, null, null, null);
INSERT INTO Atletas (id, nome, sexo) VALUES (91454, 'Park Cha-Geun', 'M');
INSERT INTO Participacao (atleta_id, time_id, olimpiada_id, modalidade_id, idade, altura, peso, medalha) VALUES (91454, 1, 6, 102, 22.0, 170.0, 65.0, null);
INSERT INTO Atletas (id, nome, sexo) VALUES (91455, 'Park Cham-Ni', 'F');
INSERT INTO Participacao (atleta_id, time_id, olimpiada_id, modalidade_id, idade, altura, peso, medalha) VALUES (91455, 1, 6, 33, 24.0, 176.0, 63.0, null);
INSERT INTO Atletas (id, nome, sexo) VALUES (91456, 'Park Chan-Hui', 'M');
INSERT INTO Participacao (atleta_id, time_id, olimpiada_id, modalidade_id, idade, altura, peso, medalha) VALUES (91456, 1, 13, 234, 19.0, 161.0, 48.0, null);
INSERT INTO Atletas (id, nome, sexo) VALUES (91457, 'Park Chan-Suk', 'F');
INSERT INTO Participacao (atleta_id, time_id, olimpiada_id, modalidade_id, idade, altura, peso, medalha) VALUES (91457, 1, 5, 33, 25.0, 191.0, 75.0, 'Silver');
INSERT INTO Participacao (atleta_id, time_id, olimpiada_id, modalidade_id, idade, altura, peso, medalha) VALUES (91457, 1, 6, 33, 29.0, 191.0, 75.0, null);
INSERT INTO Atletas (id, nome, sexo) VALUES (91458, 'Park Chan-Yeong', 'M');
INSERT INTO Participacao (atleta_id, time_id, olimpiada_id, modalidade_id, idade, altura, peso, medalha) VALUES (91458, 1, 24, 28, 29.0, 190.0, 85.0, null);
INSERT INTO Atletas (id, nome, sexo) VALUES (91459, 'Park Chan-Yeong', 'M');
INSERT INTO Participacao (atleta_id, time_id, olimpiada_id, modalidade_id, idade, altura, peso, medalha) VALUES (91459, 1, 18, 28, 24.0, 189.0, 76.0, null);
INSERT INTO Participacao (atleta_id, time_id, olimpiada_id, modalidade_id, idade, altura, peso, medalha) VALUES (91459, 1, 16, 28, 28.0, 189.0, 76.0, null);
INSERT INTO Atletas (id, nome, sexo) VALUES (91460, 'Park Chang-Gyu', 'M');
INSERT INTO Participacao (atleta_id, time_id, olimpiada_id, modalidade_id, idade, altura, peso, medalha) VALUES (91460, 1, 12, 266, 21.0, null, null, null);
INSERT INTO Participacao (atleta_id, time_id, olimpiada_id, modalidade_id, idade, altura, peso, medalha) VALUES (91460, 1, 12, 267, 21.0, null, null, null);
INSERT INTO Participacao (atleta_id, time_id, olimpiada_id, modalidade_id, idade, altura, peso, medalha) VALUES (91460, 1, 14, 113, 25.0, null, null, null);
INSERT INTO Participacao (atleta_id, time_id, olimpiada_id, modalidade_id, idade, altura, peso, medalha) VALUES (91460, 1, 14, 114, 25.0, null, null, null);
INSERT INTO Atletas (id, nome, sexo) VALUES (91461, 'Park Cheol-Seung', 'M');
INSERT INTO Participacao (atleta_id, time_id, olimpiada_id, modalidade_id, idade, altura, peso, medalha) VALUES (91461, 1, 5, 80, 28.0, 174.0, 80.0, null);
INSERT INTO Participacao (atleta_id, time_id, olimpiada_id, modalidade_id, idade, altura, peso, medalha) VALUES (91461, 1, 6, 80, 32.0, 174.0, 80.0, null);
INSERT INTO Participacao (atleta_id, time_id, olimpiada_id, modalidade_id, idade, altura, peso, medalha) VALUES (91461, 1, 14, 25, 40.0, 174.0, 80.0, null);
INSERT INTO Modalidades (nome, esporte_id) VALUES ('Shooting Men''s Double Trap', 3);
INSERT INTO Participacao (atleta_id, time_id, olimpiada_id, modalidade_id, idade, altura, peso, medalha) VALUES (91461, 1, 14, 361, 40.0, 174.0, 80.0, null);
INSERT INTO Atletas (id, nome, sexo) VALUES (91462, 'Park Cheong-Sam', 'M');
INSERT INTO Participacao (atleta_id, time_id, olimpiada_id, modalidade_id, idade, altura, peso, medalha) VALUES (91462, 1, 7, 6, 17.0, 164.0, 65.0, null);
INSERT INTO Atletas (id, nome, sexo) VALUES (91463, 'Park Chi-Ho', 'M');
INSERT INTO Participacao (atleta_id, time_id, olimpiada_id, modalidade_id, idade, altura, peso, medalha) VALUES (91463, 1, 14, 13, 23.0, 172.0, 58.0, null);
INSERT INTO Atletas (id, nome, sexo) VALUES (91464, 'Park Chil-Seong', 'M');
INSERT INTO Participacao (atleta_id, time_id, olimpiada_id, modalidade_id, idade, altura, peso, medalha) VALUES (91464, 1, 18, 84, 22.0, 173.0, 67.0, null);
INSERT INTO Participacao (atleta_id, time_id, olimpiada_id, modalidade_id, idade, altura, peso, medalha) VALUES (91464, 1, 16, 84, 26.0, 173.0, 67.0, null);
INSERT INTO Participacao (atleta_id, time_id, olimpiada_id, modalidade_id, idade, altura, peso, medalha) VALUES (91464, 1, 24, 84, 30.0, 173.0, 67.0, null);
INSERT INTO Participacao (atleta_id, time_id, olimpiada_id, modalidade_id, idade, altura, peso, medalha) VALUES (91464, 1, 24, 254, 30.0, 173.0, 67.0, null);
INSERT INTO Participacao (atleta_id, time_id, olimpiada_id, modalidade_id, idade, altura, peso, medalha) VALUES (91464, 1, 4, 254, 34.0, 173.0, 67.0, null);
INSERT INTO Atletas (id, nome, sexo) VALUES (91465, 'Park Chun-Jong', 'M');
INSERT INTO Participacao (atleta_id, time_id, olimpiada_id, modalidade_id, idade, altura, peso, medalha) VALUES (91465, 1, 5, 110, 22.0, 172.0, 75.0, null);
INSERT INTO Atletas (id, nome, sexo) VALUES (91467, 'Park Dae-Jong', 'M');
INSERT INTO Participacao (atleta_id, time_id, olimpiada_id, modalidade_id, idade, altura, peso, medalha) VALUES (91467, 1, 8, 56, 31.0, null, null, null);
INSERT INTO Atletas (id, nome, sexo) VALUES (91468, 'Park Dae-Un', 'M');
INSERT INTO Participacao (atleta_id, time_id, olimpiada_id, modalidade_id, idade, altura, peso, medalha) VALUES (91468, 1, 5, 8, 22.0, 176.0, 65.0, null);
INSERT INTO Atletas (id, nome, sexo) VALUES (91469, 'Park Deok-Gyu', 'M');
INSERT INTO Participacao (atleta_id, time_id, olimpiada_id, modalidade_id, idade, altura, peso, medalha) VALUES (91469, 1, 12, 115, 19.0, null, 57.0, null);
INSERT INTO Atletas (id, nome, sexo) VALUES (91470, 'Park Do-Geun', 'M');
INSERT INTO Participacao (atleta_id, time_id, olimpiada_id, modalidade_id, idade, altura, peso, medalha) VALUES (91470, 1, 11, 252, 41.0, 164.0, 62.0, null);
INSERT INTO Participacao (atleta_id, time_id, olimpiada_id, modalidade_id, idade, altura, peso, medalha) VALUES (91470, 1, 13, 252, 45.0, 164.0, 62.0, null);
INSERT INTO Atletas (id, nome, sexo) VALUES (91471, 'Park Do-Heon', 'M');
INSERT INTO Participacao (atleta_id, time_id, olimpiada_id, modalidade_id, idade, altura, peso, medalha) VALUES (91471, 1, 6, 28, 24.0, 185.0, 87.0, 'Silver');
INSERT INTO Participacao (atleta_id, time_id, olimpiada_id, modalidade_id, idade, altura, peso, medalha) VALUES (91471, 1, 12, 28, 28.0, 185.0, 87.0, null);
INSERT INTO Atletas (id, nome, sexo) VALUES (91472, 'Park Do-Yeong', 'F');
INSERT INTO Participacao (atleta_id, time_id, olimpiada_id, modalidade_id, idade, altura, peso, medalha) VALUES (91472, 1, 17, 60, 17.0, 158.0, 49.0, null);
INSERT INTO Participacao (atleta_id, time_id, olimpiada_id, modalidade_id, idade, altura, peso, medalha) VALUES (91472, 1, 17, 299, 17.0, 158.0, 49.0, null);
INSERT INTO Atletas (id, nome, sexo) VALUES (91473, 'Park Dong-Cheol', 'M');
INSERT INTO Participacao (atleta_id, time_id, olimpiada_id, modalidade_id, idade, altura, peso, medalha) VALUES (91473, 1, 9, 241, null, null, 88.0, null);
INSERT INTO Atletas (id, nome, sexo) VALUES (91474, 'Park Dong-Hyeok', 'M');
INSERT INTO Participacao (atleta_id, time_id, olimpiada_id, modalidade_id, idade, altura, peso, medalha) VALUES (91474, 1, 23, 56, 21.0, 185.0, 77.0, null);
INSERT INTO Atletas (id, nome, sexo) VALUES (91475, 'Park Dong-Ju', 'M');
INSERT INTO Participacao (atleta_id, time_id, olimpiada_id, modalidade_id, idade, altura, peso, medalha) VALUES (91475, 1, 6, 142, 25.0, 173.0, 63.0, null);
INSERT INTO Participacao (atleta_id, time_id, olimpiada_id, modalidade_id, idade, altura, peso, medalha) VALUES (91475, 1, 6, 143, 25.0, 173.0, 63.0, null);
INSERT INTO Atletas (id, nome, sexo) VALUES (91476, 'Park Dong-Pil', 'M');
INSERT INTO Participacao (atleta_id, time_id, olimpiada_id, modalidade_id, idade, altura, peso, medalha) VALUES (91476, 1, 6, 286, 20.0, 181.0, 79.0, null);
INSERT INTO Participacao (atleta_id, time_id, olimpiada_id, modalidade_id, idade, altura, peso, medalha) VALUES (91476, 1, 6, 287, 20.0, 181.0, 79.0, null);
INSERT INTO Participacao (atleta_id, time_id, olimpiada_id, modalidade_id, idade, altura, peso, medalha) VALUES (91476, 1, 6, 196, 20.0, 181.0, 79.0, null);
INSERT INTO Atletas (id, nome, sexo) VALUES (91477, 'Park Eun-Chul', 'M');
INSERT INTO Participacao (atleta_id, time_id, olimpiada_id, modalidade_id, idade, altura, peso, medalha) VALUES (91477, 1, 16, 14, 27.0, 163.0, 55.0, 'Bronze');
INSERT INTO Atletas (id, nome, sexo) VALUES (91478, 'Park Eun-Gyeong', 'F');
INSERT INTO Participacao (atleta_id, time_id, olimpiada_id, modalidade_id, idade, altura, peso, medalha) VALUES (91478, 1, 23, 21, 24.0, 165.0, 59.0, null);
INSERT INTO Participacao (atleta_id, time_id, olimpiada_id, modalidade_id, idade, altura, peso, medalha) VALUES (91478, 1, 18, 21, 28.0, 165.0, 59.0, null);
INSERT INTO Atletas (id, nome, sexo) VALUES (91479, 'Park Eun-Hui', 'F');
INSERT INTO Participacao (atleta_id, time_id, olimpiada_id, modalidade_id, idade, altura, peso, medalha) VALUES (91479, 1, 6, 109, 18.0, 171.0, 64.0, null);
INSERT INTO Participacao (atleta_id, time_id, olimpiada_id, modalidade_id, idade, altura, peso, medalha) VALUES (91479, 1, 6, 249, 18.0, 171.0, 64.0, null);
INSERT INTO Atletas (id, nome, sexo) VALUES (91480, 'Park Ga-Yeon', 'F');
INSERT INTO Participacao (atleta_id, time_id, olimpiada_id, modalidade_id, idade, altura, peso, medalha) VALUES (91480, 1, 16, 246, 22.0, 170.0, 75.0, null);
INSERT INTO Atletas (id, nome, sexo) VALUES (91481, 'Park Gap-Suk', 'F');
INSERT INTO Participacao (atleta_id, time_id, olimpiada_id, modalidade_id, idade, altura, peso, medalha) VALUES (91481, 1, 12, 26, 21.0, null, null, 'Gold');
INSERT INTO Atletas (id, nome, sexo) VALUES (91482, 'Park Geon-Wu', 'M');
INSERT INTO Participacao (atleta_id, time_id, olimpiada_id, modalidade_id, idade, altura, peso, medalha) VALUES (91482, 1, 24, 278, 31.0, 174.0, 64.0, null);
INSERT INTO Atletas (id, nome, sexo) VALUES (91483, 'Park Geon-Wu', 'M');
INSERT INTO Participacao (atleta_id, time_id, olimpiada_id, modalidade_id, idade, altura, peso, medalha) VALUES (91483, 1, 24, 37, 21.0, 173.0, 65.0, null);
INSERT INTO Atletas (id, nome, sexo) VALUES (91485, 'Park Geum-Suk', 'F');
INSERT INTO Participacao (atleta_id, time_id, olimpiada_id, modalidade_id, idade, altura, peso, medalha) VALUES (91485, 1, 10, 18, 22.0, 170.0, 64.0, null);
INSERT INTO Atletas (id, nome, sexo) VALUES (91486, 'Park Gi-Cheol', 'M');
INSERT INTO Participacao (atleta_id, time_id, olimpiada_id, modalidade_id, idade, altura, peso, medalha) VALUES (91486, 1, 6, 278, 27.0, 171.0, 66.0, null);
INSERT INTO Atletas (id, nome, sexo) VALUES (91487, 'Park Gi-Jeong', 'M');
INSERT INTO Participacao (atleta_id, time_id, olimpiada_id, modalidade_id, idade, altura, peso, medalha) VALUES (91487, 1, 12, 303, 22.0, null, null, null);
INSERT INTO Participacao (atleta_id, time_id, olimpiada_id, modalidade_id, idade, altura, peso, medalha) VALUES (91487, 1, 12, 83, 22.0, null, null, null);
INSERT INTO Participacao (atleta_id, time_id, olimpiada_id, modalidade_id, idade, altura, peso, medalha) VALUES (91487, 1, 12, 102, 22.0, null, null, null);
INSERT INTO Atletas (id, nome, sexo) VALUES (91488, 'Park Gi-Ju', 'F');
INSERT INTO Participacao (atleta_id, time_id, olimpiada_id, modalidade_id, idade, altura, peso, medalha) VALUES (91488, 1, 24, 21, 22.0, 167.0, 69.0, null);
INSERT INTO Participacao (atleta_id, time_id, olimpiada_id, modalidade_id, idade, altura, peso, medalha) VALUES (91488, 1, 4, 21, 26.0, 167.0, 69.0, null);
INSERT INTO Atletas (id, nome, sexo) VALUES (91489, 'Park Gi-Won', 'M');
INSERT INTO Participacao (atleta_id, time_id, olimpiada_id, modalidade_id, idade, altura, peso, medalha) VALUES (91489, 1, 11, 72, 21.0, 194.0, 86.0, null);
INSERT INTO Participacao (atleta_id, time_id, olimpiada_id, modalidade_id, idade, altura, peso, medalha) VALUES (91489, 1, 13, 72, 24.0, 194.0, 86.0, null);
INSERT INTO Atletas (id, nome, sexo) VALUES (91490, 'Park Gil-Cheol', 'M');
INSERT INTO Participacao (atleta_id, time_id, olimpiada_id, modalidade_id, idade, altura, peso, medalha) VALUES (91490, 1, 6, 308, 25.0, 184.0, 81.0, null);
INSERT INTO Atletas (id, nome, sexo) VALUES (91491, 'Park Gu-Il', 'M');
INSERT INTO Participacao (atleta_id, time_id, olimpiada_id, modalidade_id, idade, altura, peso, medalha) VALUES (91491, 1, 7, 218, 20.0, 175.0, 67.0, null);
INSERT INTO Participacao (atleta_id, time_id, olimpiada_id, modalidade_id, idade, altura, peso, medalha) VALUES (91491, 1, 10, 43, 24.0, 175.0, 67.0, null);
INSERT INTO Atletas (id, nome, sexo) VALUES (91492, 'Park Gyeong-A', 'F');
INSERT INTO Participacao (atleta_id, time_id, olimpiada_id, modalidade_id, idade, altura, peso, medalha) VALUES (91492, 1, 18, 45, 18.0, 154.0, 49.0, null);
INSERT INTO Participacao (atleta_id, time_id, olimpiada_id, modalidade_id, idade, altura, peso, medalha) VALUES (91492, 1, 18, 47, 18.0, 154.0, 49.0, null);
INSERT INTO Participacao (atleta_id, time_id, olimpiada_id, modalidade_id, idade, altura, peso, medalha) VALUES (91492, 1, 18, 48, 18.0, 154.0, 49.0, null);
INSERT INTO Participacao (atleta_id, time_id, olimpiada_id, modalidade_id, idade, altura, peso, medalha) VALUES (91492, 1, 18, 49, 18.0, 154.0, 49.0, null);
INSERT INTO Participacao (atleta_id, time_id, olimpiada_id, modalidade_id, idade, altura, peso, medalha) VALUES (91492, 1, 18, 50, 18.0, 154.0, 49.0, null);
INSERT INTO Atletas (id, nome, sexo) VALUES (91493, 'Park Gyeong-Ae', 'F');
INSERT INTO Participacao (atleta_id, time_id, olimpiada_id, modalidade_id, idade, altura, peso, medalha) VALUES (91493, 1, 14, 166, 24.0, null, null, null);
INSERT INTO Atletas (id, nome, sexo) VALUES (91494, 'Park Gyeong-Cheol', 'M');
INSERT INTO Participacao (atleta_id, time_id, olimpiada_id, modalidade_id, idade, altura, peso, medalha) VALUES (91494, 1, 6, 113, 19.0, 178.0, 78.0, null);
INSERT INTO Participacao (atleta_id, time_id, olimpiada_id, modalidade_id, idade, altura, peso, medalha) VALUES (91494, 1, 6, 114, 19.0, 178.0, 78.0, null);
INSERT INTO Atletas (id, nome, sexo) VALUES (91495, 'Park Gyeong-Du', 'M');
INSERT INTO Participacao (atleta_id, time_id, olimpiada_id, modalidade_id, idade, altura, peso, medalha) VALUES (91495, 1, 24, 224, 27.0, 177.0, 77.0, null);
INSERT INTO Participacao (atleta_id, time_id, olimpiada_id, modalidade_id, idade, altura, peso, medalha) VALUES (91495, 1, 4, 224, 32.0, 177.0, 77.0, null);
INSERT INTO Participacao (atleta_id, time_id, olimpiada_id, modalidade_id, idade, altura, peso, medalha) VALUES (91495, 1, 4, 200, 32.0, 177.0, 77.0, null);
INSERT INTO Atletas (id, nome, sexo) VALUES (91496, 'Park Gyeong-Ho', 'M');
INSERT INTO Participacao (atleta_id, time_id, olimpiada_id, modalidade_id, idade, altura, peso, medalha) VALUES (91496, 1, 5, 147, 21.0, 186.0, 86.0, null);
INSERT INTO Atletas (id, nome, sexo) VALUES (91497, 'Park Gyeong-Hun', 'M');
INSERT INTO Participacao (atleta_id, time_id, olimpiada_id, modalidade_id, idade, altura, peso, medalha) VALUES (91497, 1, 6, 56, 27.0, 172.0, 68.0, null);
INSERT INTO Atletas (id, nome, sexo) VALUES (91498, 'Park Gyeong-Hwa', 'F');
INSERT INTO Participacao (atleta_id, time_id, olimpiada_id, modalidade_id, idade, altura, peso, medalha) VALUES (91498, 1, 18, 31, 19.0, 165.0, 60.0, null);
INSERT INTO Atletas (id, nome, sexo) VALUES (91499, 'Park Gyeong-Mo', 'M');
INSERT INTO Participacao (atleta_id, time_id, olimpiada_id, modalidade_id, idade, altura, peso, medalha) VALUES (91499, 1, 18, 153, 28.0, 185.0, 76.0, null);
INSERT INTO Participacao (atleta_id, time_id, olimpiada_id, modalidade_id, idade, altura, peso, medalha) VALUES (91499, 1, 18, 228, 28.0, 185.0, 76.0, 'Gold');
INSERT INTO Participacao (atleta_id, time_id, olimpiada_id, modalidade_id, idade, altura, peso, medalha) VALUES (91499, 1, 16, 153, 32.0, 185.0, 76.0, 'Silver');
INSERT INTO Participacao (atleta_id, time_id, olimpiada_id, modalidade_id, idade, altura, peso, medalha) VALUES (91499, 1, 16, 228, 32.0, 185.0, 76.0, 'Gold');
INSERT INTO Atletas (id, nome, sexo) VALUES (91500, 'Park Gyeong-Seok', 'M');
INSERT INTO Participacao (atleta_id, time_id, olimpiada_id, modalidade_id, idade, altura, peso, medalha) VALUES (91500, 1, 24, 28, 31.0, 185.0, 88.0, null);
INSERT INTO Atletas (id, nome, sexo) VALUES (91501, 'Park Gyeong-Wan', 'M');
INSERT INTO Participacao (atleta_id, time_id, olimpiada_id, modalidade_id, idade, altura, peso, medalha) VALUES (91501, 1, 23, 20, 28.0, 178.0, 86.0, 'Bronze');
INSERT INTO Atletas (id, nome, sexo) VALUES (91502, 'Park Gyu-Jeong', 'M');
INSERT INTO Participacao (atleta_id, time_id, olimpiada_id, modalidade_id, idade, altura, peso, medalha) VALUES (91502, 1, 8, 56, 24.0, null, null, null);
INSERT INTO Atletas (id, nome, sexo) VALUES (91503, 'Park Gyu-Seon', 'M');
INSERT INTO Participacao (atleta_id, time_id, olimpiada_id, modalidade_id, idade, altura, peso, medalha) VALUES (91503, 1, 18, 56, 22.0, 182.0, 66.0, null);
INSERT INTO Atletas (id, nome, sexo) VALUES (91504, 'Park Hae-Jeong', 'F');
INSERT INTO Participacao (atleta_id, time_id, olimpiada_id, modalidade_id, idade, altura, peso, medalha) VALUES (91504, 1, 14, 166, 23.0, null, null, null);
INSERT INTO Atletas (id, nome, sexo) VALUES (91505, 'Park Hae-Mi', 'F');
INSERT INTO Participacao (atleta_id, time_id, olimpiada_id, modalidade_id, idade, altura, peso, medalha) VALUES (91505, 1, 4, 117, 26.0, 168.0, 55.0, null);
INSERT INTO Atletas (id, nome, sexo) VALUES (91506, 'Park Han', 'M');
INSERT INTO Participacao (atleta_id, time_id, olimpiada_id, modalidade_id, idade, altura, peso, medalha) VALUES (91506, 1, 10, 12, 22.0, 191.0, 83.0, null);
INSERT INTO Atletas (id, nome, sexo) VALUES (91507, 'Park Han-Woong', 'M');
INSERT INTO Participacao (atleta_id, time_id, olimpiada_id, modalidade_id, idade, altura, peso, medalha) VALUES (91507, 1, 4, 241, 21.0, 174.0, 94.0, null);
INSERT INTO Atletas (id, nome, sexo) VALUES (91508, 'Park Heung-Min', 'M');
INSERT INTO Participacao (atleta_id, time_id, olimpiada_id, modalidade_id, idade, altura, peso, medalha) VALUES (91508, 1, 23, 115, 22.0, 175.0, 57.0, null);
INSERT INTO Atletas (id, nome, sexo) VALUES (91509, 'Park Hui-Gyeong', 'M');
INSERT INTO Participacao (atleta_id, time_id, olimpiada_id, modalidade_id, idade, altura, peso, medalha) VALUES (91509, 1, 18, 111, 25.0, 173.0, 73.0, null);
INSERT INTO Participacao (atleta_id, time_id, olimpiada_id, modalidade_id, idade, altura, peso, medalha) VALUES (91509, 1, 18, 112, 25.0, 173.0, 73.0, null);
INSERT INTO Atletas (id, nome, sexo) VALUES (91510, 'Park Hui-Jin', 'F');
INSERT INTO Modalidades (nome, esporte_id) VALUES ('Freestyle Skiing Women''s Halfpipe', 31);
INSERT INTO Participacao (atleta_id, time_id, olimpiada_id, modalidade_id, idade, altura, peso, medalha) VALUES (91510, 1, 27, 362, 34.0, 159.0, 50.0, null);
INSERT INTO Atletas (id, nome, sexo) VALUES (91511, 'Park Hui-Sang', 'M');
INSERT INTO Participacao (atleta_id, time_id, olimpiada_id, modalidade_id, idade, altura, peso, medalha) VALUES (91511, 1, 14, 72, 23.0, 190.0, 83.0, null);
INSERT INTO Participacao (atleta_id, time_id, olimpiada_id, modalidade_id, idade, altura, peso, medalha) VALUES (91511, 1, 23, 72, 28.0, 190.0, 83.0, null);
INSERT INTO Atletas (id, nome, sexo) VALUES (91512, 'Park Hui-Suk', 'F');
INSERT INTO Participacao (atleta_id, time_id, olimpiada_id, modalidade_id, idade, altura, peso, medalha) VALUES (91512, 1, 7, 223, 18.0, 164.0, 53.0, null);
INSERT INTO Atletas (id, nome, sexo) VALUES (91513, 'Park Hye-Suk', 'F');
INSERT INTO Participacao (atleta_id, time_id, olimpiada_id, modalidade_id, idade, altura, peso, medalha) VALUES (91513, 1, 5, 19, 20.0, 167.0, 66.0, null);
INSERT INTO Atletas (id, nome, sexo) VALUES (91514, 'Park Hye-Won', 'F');
INSERT INTO Participacao (atleta_id, time_id, olimpiada_id, modalidade_id, idade, altura, peso, medalha) VALUES (91514, 1, 19, 30, 18.0, 165.0, 56.0, 'Gold');
INSERT INTO Atletas (id, nome, sexo) VALUES (91515, 'Park Hyeon-Gon', 'M');
INSERT INTO Participacao (atleta_id, time_id, olimpiada_id, modalidade_id, idade, altura, peso, medalha) VALUES (91515, 1, 6, 10, 20.0, 172.0, 67.0, null);
INSERT INTO Participacao (atleta_id, time_id, olimpiada_id, modalidade_id, idade, altura, peso, medalha) VALUES (91515, 1, 6, 11, 20.0, 172.0, 67.0, null);
INSERT INTO Atletas (id, nome, sexo) VALUES (91516, 'Park Hyeon-Ha', 'F');
INSERT INTO Participacao (atleta_id, time_id, olimpiada_id, modalidade_id, idade, altura, peso, medalha) VALUES (91516, 1, 24, 212, 23.0, 162.0, 51.0, null);
INSERT INTO Atletas (id, nome, sexo) VALUES (91517, 'Park Hyeon-Seon', 'F');
INSERT INTO Participacao (atleta_id, time_id, olimpiada_id, modalidade_id, idade, altura, peso, medalha) VALUES (91517, 1, 24, 212, 24.0, 160.0, 50.0, null);
INSERT INTO Atletas (id, nome, sexo) VALUES (91518, 'Park Hyeong-Jin', 'M');
INSERT INTO Participacao (atleta_id, time_id, olimpiada_id, modalidade_id, idade, altura, peso, medalha) VALUES (91518, 1, 18, 155, 21.0, 180.0, 70.0, null);
INSERT INTO Atletas (id, nome, sexo) VALUES (91519, 'Park Hyeong-Ju', 'M');
INSERT INTO Participacao (atleta_id, time_id, olimpiada_id, modalidade_id, idade, altura, peso, medalha) VALUES (91519, 1, 24, 287, 17.0, 185.0, 71.0, null);
INSERT INTO Atletas (id, nome, sexo) VALUES (91520, 'Park Hyeong-Ok', 'M');
INSERT INTO Participacao (atleta_id, time_id, olimpiada_id, modalidade_id, idade, altura, peso, medalha) VALUES (91520, 1, 5, 115, 20.0, 168.0, 56.0, null);
INSERT INTO Atletas (id, nome, sexo) VALUES (91521, 'Park In-Bee', 'F');
INSERT INTO Participacao (atleta_id, time_id, olimpiada_id, modalidade_id, idade, altura, peso, medalha) VALUES (91521, 1, 4, 165, 28.0, 168.0, 65.0, 'Gold');
INSERT INTO Atletas (id, nome, sexo) VALUES (91522, 'Park Jae-Hong', 'M');
INSERT INTO Participacao (atleta_id, time_id, olimpiada_id, modalidade_id, idade, altura, peso, medalha) VALUES (91522, 1, 23, 20, 27.0, 176.0, 82.0, 'Bronze');
INSERT INTO Atletas (id, nome, sexo) VALUES (91523, 'Park Jae-Hong', 'M');
INSERT INTO Participacao (atleta_id, time_id, olimpiada_id, modalidade_id, idade, altura, peso, medalha) VALUES (91523, 1, 23, 56, 21.0, 185.0, 74.0, null);
INSERT INTO Atletas (id, nome, sexo) VALUES (91524, 'Park Jae-Hyuk', 'M');
INSERT INTO Participacao (atleta_id, time_id, olimpiada_id, modalidade_id, idade, altura, peso, medalha) VALUES (91524, 1, 22, 159, 24.0, null, null, null);
INSERT INTO Participacao (atleta_id, time_id, olimpiada_id, modalidade_id, idade, altura, peso, medalha) VALUES (91524, 1, 22, 85, 24.0, null, null, null);
INSERT INTO Participacao (atleta_id, time_id, olimpiada_id, modalidade_id, idade, altura, peso, medalha) VALUES (91524, 1, 22, 86, 24.0, null, null, null);
INSERT INTO Atletas (id, nome, sexo) VALUES (91525, 'Park Jae-Man', 'M');
INSERT INTO Participacao (atleta_id, time_id, olimpiada_id, modalidade_id, idade, altura, peso, medalha) VALUES (91525, 1, 19, 53, 21.0, 174.0, 78.0, null);
INSERT INTO Participacao (atleta_id, time_id, olimpiada_id, modalidade_id, idade, altura, peso, medalha) VALUES (91525, 1, 19, 54, 21.0, 174.0, 78.0, null);
INSERT INTO Atletas (id, nome, sexo) VALUES (91526, 'Park Jae-Myeong', 'M');
INSERT INTO Participacao (atleta_id, time_id, olimpiada_id, modalidade_id, idade, altura, peso, medalha) VALUES (91526, 1, 18, 163, 22.0, 180.0, 95.0, null);
INSERT INTO Participacao (atleta_id, time_id, olimpiada_id, modalidade_id, idade, altura, peso, medalha) VALUES (91526, 1, 16, 163, 26.0, 180.0, 95.0, null);
INSERT INTO Atletas (id, nome, sexo) VALUES (91527, 'Park Jae-Sik', 'M');
INSERT INTO Participacao (atleta_id, time_id, olimpiada_id, modalidade_id, idade, altura, peso, medalha) VALUES (91527, 1, 6, 89, 21.0, 176.0, 74.0, null);
INSERT INTO Atletas (id, nome, sexo) VALUES (91528, 'Park Jang-Sun', 'M');
INSERT INTO Participacao (atleta_id, time_id, olimpiada_id, modalidade_id, idade, altura, peso, medalha) VALUES (91528, 1, 6, 78, 20.0, 171.0, 73.0, 'Silver');
INSERT INTO Participacao (atleta_id, time_id, olimpiada_id, modalidade_id, idade, altura, peso, medalha) VALUES (91528, 1, 12, 66, 24.0, 171.0, 73.0, 'Gold');
INSERT INTO Participacao (atleta_id, time_id, olimpiada_id, modalidade_id, idade, altura, peso, medalha) VALUES (91528, 1, 14, 66, 28.0, 171.0, 73.0, 'Silver');
INSERT INTO Atletas (id, nome, sexo) VALUES (91529, 'Park Je-Yun', 'M');
INSERT INTO Participacao (atleta_id, time_id, olimpiada_id, modalidade_id, idade, altura, peso, medalha) VALUES (91529, 1, 27, 85, 19.0, 175.0, 70.0, null);
INSERT INTO Participacao (atleta_id, time_id, olimpiada_id, modalidade_id, idade, altura, peso, medalha) VALUES (91529, 1, 27, 86, 19.0, 175.0, 70.0, null);
INSERT INTO Atletas (id, nome, sexo) VALUES (91530, 'Park Jeong-A', 'F');
INSERT INTO Participacao (atleta_id, time_id, olimpiada_id, modalidade_id, idade, altura, peso, medalha) VALUES (91530, 1, 5, 117, 21.0, 158.0, 50.0, null);
INSERT INTO Atletas (id, nome, sexo) VALUES (91531, 'Park Jeong-Ah', 'F');
INSERT INTO Participacao (atleta_id, time_id, olimpiada_id, modalidade_id, idade, altura, peso, medalha) VALUES (91531, 1, 4, 18, 23.0, 186.0, 75.0, null);
INSERT INTO Atletas (id, nome, sexo) VALUES (91532, 'Park Jeong-Eun', 'F');
INSERT INTO Participacao (atleta_id, time_id, olimpiada_id, modalidade_id, idade, altura, peso, medalha) VALUES (91532, 1, 14, 33, 19.0, 180.0, 67.0, null);
INSERT INTO Participacao (atleta_id, time_id, olimpiada_id, modalidade_id, idade, altura, peso, medalha) VALUES (91532, 1, 23, 33, 23.0, 180.0, 67.0, null);
INSERT INTO Participacao (atleta_id, time_id, olimpiada_id, modalidade_id, idade, altura, peso, medalha) VALUES (91532, 1, 18, 33, 27.0, 180.0, 67.0, null);
INSERT INTO Participacao (atleta_id, time_id, olimpiada_id, modalidade_id, idade, altura, peso, medalha) VALUES (91532, 1, 16, 33, 31.0, 180.0, 67.0, null);
INSERT INTO Atletas (id, nome, sexo) VALUES (91533, 'Park Jeong-Hui', 'M');
INSERT INTO Participacao (atleta_id, time_id, olimpiada_id, modalidade_id, idade, altura, peso, medalha) VALUES (91533, 1, 6, 6, 21.0, 170.0, 71.0, null);
INSERT INTO Atletas (id, nome, sexo) VALUES (91534, 'Park Jeong-Hui', 'F');
INSERT INTO Participacao (atleta_id, time_id, olimpiada_id, modalidade_id, idade, altura, peso, medalha) VALUES (91534, 1, 6, 35, 20.0, 164.0, 58.0, null);
INSERT INTO Participacao (atleta_id, time_id, olimpiada_id, modalidade_id, idade, altura, peso, medalha) VALUES (91534, 1, 14, 36, 28.0, 164.0, 58.0, null);
INSERT INTO Atletas (id, nome, sexo) VALUES (91535, 'Park Jeong-Hui', 'F');
INSERT INTO Participacao (atleta_id, time_id, olimpiada_id, modalidade_id, idade, altura, peso, medalha) VALUES (91535, 1, 23, 26, 25.0, 175.0, 65.0, null);
INSERT INTO Participacao (atleta_id, time_id, olimpiada_id, modalidade_id, idade, altura, peso, medalha) VALUES (91535, 1, 16, 26, 33.0, 175.0, 65.0, 'Bronze');
INSERT INTO Atletas (id, nome, sexo) VALUES (91536, 'Park Jeong-Ja', 'F');
INSERT INTO Participacao (atleta_id, time_id, olimpiada_id, modalidade_id, idade, altura, peso, medalha) VALUES (91536, 1, 10, 304, 19.0, null, null, null);
INSERT INTO Participacao (atleta_id, time_id, olimpiada_id, modalidade_id, idade, altura, peso, medalha) VALUES (91536, 1, 10, 132, 19.0, null, null, null);
INSERT INTO Atletas (id, nome, sexo) VALUES (91537, 'Park Jeong-Jin', 'M');
INSERT INTO Participacao (atleta_id, time_id, olimpiada_id, modalidade_id, idade, altura, peso, medalha) VALUES (91537, 1, 23, 28, 24.0, 185.0, 90.0, null);
INSERT INTO Atletas (id, nome, sexo) VALUES (91538, 'Park Jeong-Rim', 'F');
INSERT INTO Participacao (atleta_id, time_id, olimpiada_id, modalidade_id, idade, altura, peso, medalha) VALUES (91538, 1, 12, 26, 21.0, null, null, 'Gold');
INSERT INTO Participacao (atleta_id, time_id, olimpiada_id, modalidade_id, idade, altura, peso, medalha) VALUES (91538, 1, 14, 26, 25.0, null, null, 'Silver');
INSERT INTO Atletas (id, nome, sexo) VALUES (91539, 'Park Jeong-Suk', 'F');
INSERT INTO Participacao (atleta_id, time_id, olimpiada_id, modalidade_id, idade, altura, peso, medalha) VALUES (91539, 1, 18, 21, 23.0, 165.0, 57.0, null);
INSERT INTO Participacao (atleta_id, time_id, olimpiada_id, modalidade_id, idade, altura, peso, medalha) VALUES (91539, 1, 16, 21, 27.0, 165.0, 57.0, null);
INSERT INTO Atletas (id, nome, sexo) VALUES (91540, 'Park Ji-Ho', 'M');
INSERT INTO Participacao (atleta_id, time_id, olimpiada_id, modalidade_id, idade, altura, peso, medalha) VALUES (91540, 1, 24, 202, 20.0, 165.0, 59.0, null);
INSERT INTO Atletas (id, nome, sexo) VALUES (91541, 'Park Ji-Seong', 'M');
INSERT INTO Participacao (atleta_id, time_id, olimpiada_id, modalidade_id, idade, altura, peso, medalha) VALUES (91541, 1, 23, 56, 19.0, 175.0, 70.0, null);
INSERT INTO Atletas (id, nome, sexo) VALUES (91542, 'Park Ji-Suk', 'F');
INSERT INTO Participacao (atleta_id, time_id, olimpiada_id, modalidade_id, idade, altura, peso, medalha) VALUES (91542, 1, 6, 45, 15.0, 157.0, 43.0, null);
INSERT INTO Participacao (atleta_id, time_id, olimpiada_id, modalidade_id, idade, altura, peso, medalha) VALUES (91542, 1, 6, 46, 15.0, 157.0, 43.0, null);
INSERT INTO Participacao (atleta_id, time_id, olimpiada_id, modalidade_id, idade, altura, peso, medalha) VALUES (91542, 1, 6, 47, 15.0, 157.0, 43.0, null);
INSERT INTO Participacao (atleta_id, time_id, olimpiada_id, modalidade_id, idade, altura, peso, medalha) VALUES (91542, 1, 6, 48, 15.0, 157.0, 43.0, null);
INSERT INTO Participacao (atleta_id, time_id, olimpiada_id, modalidade_id, idade, altura, peso, medalha) VALUES (91542, 1, 6, 49, 15.0, 157.0, 43.0, null);
INSERT INTO Participacao (atleta_id, time_id, olimpiada_id, modalidade_id, idade, altura, peso, medalha) VALUES (91542, 1, 6, 50, 15.0, 157.0, 43.0, null);
INSERT INTO Atletas (id, nome, sexo) VALUES (91543, 'Park Ji-Yeong', 'F');
INSERT INTO Participacao (atleta_id, time_id, olimpiada_id, modalidade_id, idade, altura, peso, medalha) VALUES (91543, 1, 12, 246, 21.0, null, null, null);
INSERT INTO Atletas (id, nome, sexo) VALUES (91544, 'Park Jin-Man', 'M');
INSERT INTO Participacao (atleta_id, time_id, olimpiada_id, modalidade_id, idade, altura, peso, medalha) VALUES (91544, 1, 23, 20, 23.0, 177.0, 78.0, 'Bronze');
INSERT INTO Participacao (atleta_id, time_id, olimpiada_id, modalidade_id, idade, altura, peso, medalha) VALUES (91544, 1, 16, 20, 31.0, 177.0, 78.0, 'Gold');
INSERT INTO Atletas (id, nome, sexo) VALUES (91545, 'Park Jin-Seop', 'M');
INSERT INTO Participacao (atleta_id, time_id, olimpiada_id, modalidade_id, idade, altura, peso, medalha) VALUES (91545, 1, 23, 56, 23.0, 178.0, 66.0, null);
INSERT INTO Atletas (id, nome, sexo) VALUES (91546, 'Park Jin-Yong', 'M');
INSERT INTO Participacao (atleta_id, time_id, olimpiada_id, modalidade_id, idade, altura, peso, medalha) VALUES (91546, 1, 27, 294, 20.0, 179.0, 90.0, null);
INSERT INTO Participacao (atleta_id, time_id, olimpiada_id, modalidade_id, idade, altura, peso, medalha) VALUES (91546, 1, 27, 295, 20.0, 179.0, 90.0, null);
INSERT INTO Atletas (id, nome, sexo) VALUES (91547, 'Park Jin-Young', 'F');
INSERT INTO Participacao (atleta_id, time_id, olimpiada_id, modalidade_id, idade, altura, peso, medalha) VALUES (91547, 1, 4, 32, 19.0, 162.0, 58.0, null);
INSERT INTO Atletas (id, nome, sexo) VALUES (91550, 'Park Jong-Chan', 'M');
INSERT INTO Participacao (atleta_id, time_id, olimpiada_id, modalidade_id, idade, altura, peso, medalha) VALUES (91550, 1, 12, 72, 22.0, null, null, null);
INSERT INTO Atletas (id, nome, sexo) VALUES (91551, 'Park Jong-Cheon', 'M');
INSERT INTO Participacao (atleta_id, time_id, olimpiada_id, modalidade_id, idade, altura, peso, medalha) VALUES (91551, 1, 6, 12, 28.0, 194.0, 85.0, null);
INSERT INTO Atletas (id, nome, sexo) VALUES (91552, 'Park Jong-Gil', 'M');
INSERT INTO Modalidades (nome, esporte_id) VALUES ('Shooting Mixed Rapid-Fire Pistol, 25 metres', 3);
INSERT INTO Participacao (atleta_id, time_id, olimpiada_id, modalidade_id, idade, altura, peso, medalha) VALUES (91552, 1, 13, 363, 30.0, 163.0, 58.0, null);
INSERT INTO Participacao (atleta_id, time_id, olimpiada_id, modalidade_id, idade, altura, peso, medalha) VALUES (91552, 1, 5, 183, 38.0, 163.0, 58.0, null);
INSERT INTO Atletas (id, nome, sexo) VALUES (91553, 'Park Jong-Ho', 'M');
INSERT INTO Participacao (atleta_id, time_id, olimpiada_id, modalidade_id, idade, altura, peso, medalha) VALUES (91553, 1, 23, 20, 27.0, 176.0, 75.0, 'Bronze');
INSERT INTO Atletas (id, nome, sexo) VALUES (91554, 'Park Jong-Hun', 'M');
INSERT INTO Participacao (atleta_id, time_id, olimpiada_id, modalidade_id, idade, altura, peso, medalha) VALUES (91554, 1, 6, 90, 23.0, 166.0, 61.0, null);
INSERT INTO Participacao (atleta_id, time_id, olimpiada_id, modalidade_id, idade, altura, peso, medalha) VALUES (91554, 1, 6, 92, 23.0, 166.0, 61.0, null);
INSERT INTO Participacao (atleta_id, time_id, olimpiada_id, modalidade_id, idade, altura, peso, medalha) VALUES (91554, 1, 6, 93, 23.0, 166.0, 61.0, 'Bronze');
INSERT INTO Participacao (atleta_id, time_id, olimpiada_id, modalidade_id, idade, altura, peso, medalha) VALUES (91554, 1, 6, 94, 23.0, 166.0, 61.0, null);
INSERT INTO Participacao (atleta_id, time_id, olimpiada_id, modalidade_id, idade, altura, peso, medalha) VALUES (91554, 1, 6, 95, 23.0, 166.0, 61.0, null);
INSERT INTO Participacao (atleta_id, time_id, olimpiada_id, modalidade_id, idade, altura, peso, medalha) VALUES (91554, 1, 6, 96, 23.0, 166.0, 61.0, null);
INSERT INTO Participacao (atleta_id, time_id, olimpiada_id, modalidade_id, idade, altura, peso, medalha) VALUES (91554, 1, 6, 97, 23.0, 166.0, 61.0, null);
INSERT INTO Atletas (id, nome, sexo) VALUES (91555, 'Park Jong-Ryong', 'M');
INSERT INTO Participacao (atleta_id, time_id, olimpiada_id, modalidade_id, idade, altura, peso, medalha) VALUES (91555, 1, 5, 202, 22.0, 165.0, 62.0, null);
INSERT INTO Atletas (id, nome, sexo) VALUES (91556, 'Park Jong-Sin', 'M');
INSERT INTO Participacao (atleta_id, time_id, olimpiada_id, modalidade_id, idade, altura, peso, medalha) VALUES (91556, 1, 6, 157, 25.0, 173.0, 72.0, null);
INSERT INTO Participacao (atleta_id, time_id, olimpiada_id, modalidade_id, idade, altura, peso, medalha) VALUES (91556, 1, 12, 157, 29.0, 173.0, 72.0, null);
INSERT INTO Participacao (atleta_id, time_id, olimpiada_id, modalidade_id, idade, altura, peso, medalha) VALUES (91556, 1, 12, 22, 29.0, 173.0, 72.0, null);
INSERT INTO Atletas (id, nome, sexo) VALUES (91557, 'Park Jong-Wu', 'M');
INSERT INTO Participacao (atleta_id, time_id, olimpiada_id, modalidade_id, idade, altura, peso, medalha) VALUES (91557, 1, 24, 56, 23.0, 180.0, 74.0, 'Bronze');
INSERT INTO Atletas (id, nome, sexo) VALUES (91559, 'Park Ju-Ri', 'F');
INSERT INTO Participacao (atleta_id, time_id, olimpiada_id, modalidade_id, idade, altura, peso, medalha) VALUES (91559, 1, 6, 230, 17.0, 168.0, 63.0, null);
INSERT INTO Participacao (atleta_id, time_id, olimpiada_id, modalidade_id, idade, altura, peso, medalha) VALUES (91559, 1, 6, 65, 17.0, 168.0, 63.0, null);
INSERT INTO Participacao (atleta_id, time_id, olimpiada_id, modalidade_id, idade, altura, peso, medalha) VALUES (91559, 1, 6, 232, 17.0, 168.0, 63.0, null);
INSERT INTO Atletas (id, nome, sexo) VALUES (91560, 'Park Ju-Yeong', 'M');
INSERT INTO Participacao (atleta_id, time_id, olimpiada_id, modalidade_id, idade, altura, peso, medalha) VALUES (91560, 1, 16, 56, 23.0, 183.0, 70.0, null);
INSERT INTO Participacao (atleta_id, time_id, olimpiada_id, modalidade_id, idade, altura, peso, medalha) VALUES (91560, 1, 24, 56, 27.0, 183.0, 70.0, 'Bronze');
INSERT INTO Atletas (id, nome, sexo) VALUES (91561, 'Park Jung-Gyu', 'M');
INSERT INTO Participacao (atleta_id, time_id, olimpiada_id, modalidade_id, idade, altura, peso, medalha) VALUES (91561, 1, 16, 28, 24.0, 190.0, 100.0, null);
INSERT INTO Participacao (atleta_id, time_id, olimpiada_id, modalidade_id, idade, altura, peso, medalha) VALUES (91561, 1, 24, 28, 28.0, 190.0, 100.0, null);
INSERT INTO Atletas (id, nome, sexo) VALUES (91562, 'Park Ki-Ho', 'M');
INSERT INTO Participacao (atleta_id, time_id, olimpiada_id, modalidade_id, idade, altura, peso, medalha) VALUES (91562, 1, 21, 108, 19.0, 170.0, 58.0, null);
INSERT INTO Participacao (atleta_id, time_id, olimpiada_id, modalidade_id, idade, altura, peso, medalha) VALUES (91562, 1, 21, 2, 19.0, 170.0, 58.0, null);
INSERT INTO Participacao (atleta_id, time_id, olimpiada_id, modalidade_id, idade, altura, peso, medalha) VALUES (91562, 1, 22, 108, 23.0, 170.0, 58.0, null);
INSERT INTO Participacao (atleta_id, time_id, olimpiada_id, modalidade_id, idade, altura, peso, medalha) VALUES (91562, 1, 22, 2, 23.0, 170.0, 58.0, null);
INSERT INTO Participacao (atleta_id, time_id, olimpiada_id, modalidade_id, idade, altura, peso, medalha) VALUES (91562, 1, 22, 236, 23.0, 170.0, 58.0, null);
INSERT INTO Participacao (atleta_id, time_id, olimpiada_id, modalidade_id, idade, altura, peso, medalha) VALUES (91562, 1, 22, 4, 23.0, 170.0, 58.0, null);
INSERT INTO Atletas (id, nome, sexo) VALUES (91563, 'Park Mi-Geum', 'F');
INSERT INTO Participacao (atleta_id, time_id, olimpiada_id, modalidade_id, idade, altura, peso, medalha) VALUES (91563, 1, 13, 18, 20.0, 173.0, 66.0, 'Bronze');
INSERT INTO Atletas (id, nome, sexo) VALUES (91564, 'Park Mi-Gyeong', 'F');
INSERT INTO Participacao (atleta_id, time_id, olimpiada_id, modalidade_id, idade, altura, peso, medalha) VALUES (91564, 1, 23, 18, 25.0, 181.0, 68.0, null);
INSERT INTO Atletas (id, nome, sexo) VALUES (91565, 'Park Mi-Hui', 'F');
INSERT INTO Participacao (atleta_id, time_id, olimpiada_id, modalidade_id, idade, altura, peso, medalha) VALUES (91565, 1, 5, 18, 20.0, 173.0, 63.0, null);
INSERT INTO Participacao (atleta_id, time_id, olimpiada_id, modalidade_id, idade, altura, peso, medalha) VALUES (91565, 1, 6, 18, 24.0, 173.0, 63.0, null);
INSERT INTO Atletas (id, nome, sexo) VALUES (91566, 'Park Mi-Hyeon', 'F');
INSERT INTO Participacao (atleta_id, time_id, olimpiada_id, modalidade_id, idade, altura, peso, medalha) VALUES (91566, 1, 18, 21, 18.0, 160.0, 63.0, null);
INSERT INTO Participacao (atleta_id, time_id, olimpiada_id, modalidade_id, idade, altura, peso, medalha) VALUES (91566, 1, 16, 21, 22.0, 160.0, 63.0, null);
INSERT INTO Participacao (atleta_id, time_id, olimpiada_id, modalidade_id, idade, altura, peso, medalha) VALUES (91566, 1, 24, 21, 26.0, 160.0, 63.0, null);
INSERT INTO Participacao (atleta_id, time_id, olimpiada_id, modalidade_id, idade, altura, peso, medalha) VALUES (91566, 1, 4, 21, 30.0, 160.0, 63.0, null);
INSERT INTO Atletas (id, nome, sexo) VALUES (91567, 'Park Mi-Jeong', 'F');
INSERT INTO Participacao (atleta_id, time_id, olimpiada_id, modalidade_id, idade, altura, peso, medalha) VALUES (91567, 1, 6, 19, 20.0, 174.0, 70.0, null);
INSERT INTO Atletas (id, nome, sexo) VALUES (91568, 'Park Mi-Ra', 'F');
INSERT INTO Participacao (atleta_id, time_id, olimpiada_id, modalidade_id, idade, altura, peso, medalha) VALUES (91568, 1, 4, 26, 29.0, 173.0, 66.0, null);
INSERT INTO Atletas (id, nome, sexo) VALUES (91569, 'Park Mi-Seon', 'F');
INSERT INTO Participacao (atleta_id, time_id, olimpiada_id, modalidade_id, idade, altura, peso, medalha) VALUES (91569, 1, 6, 223, 24.0, 167.0, 52.0, null);
INSERT INTO Atletas (id, nome, sexo) VALUES (91570, 'Park Mi-Yeong', 'F');
INSERT INTO Participacao (atleta_id, time_id, olimpiada_id, modalidade_id, idade, altura, peso, medalha) VALUES (91570, 1, 16, 166, 26.0, 161.0, 56.0, null);
INSERT INTO Participacao (atleta_id, time_id, olimpiada_id, modalidade_id, idade, altura, peso, medalha) VALUES (91570, 1, 16, 167, 26.0, 161.0, 56.0, 'Bronze');
INSERT INTO Participacao (atleta_id, time_id, olimpiada_id, modalidade_id, idade, altura, peso, medalha) VALUES (91570, 1, 24, 166, 30.0, 161.0, 56.0, null);
INSERT INTO Participacao (atleta_id, time_id, olimpiada_id, modalidade_id, idade, altura, peso, medalha) VALUES (91570, 1, 24, 167, 30.0, 161.0, 56.0, null);
INSERT INTO Atletas (id, nome, sexo) VALUES (91571, 'Park Mi-Yeong', 'F');
INSERT INTO Participacao (atleta_id, time_id, olimpiada_id, modalidade_id, idade, altura, peso, medalha) VALUES (91571, 1, 12, 81, 16.0, null, null, null);
INSERT INTO Participacao (atleta_id, time_id, olimpiada_id, modalidade_id, idade, altura, peso, medalha) VALUES (91571, 1, 12, 69, 16.0, null, null, null);
INSERT INTO Atletas (id, nome, sexo) VALUES (91572, 'Park Min-Cheol', 'M');
INSERT INTO Participacao (atleta_id, time_id, olimpiada_id, modalidade_id, idade, altura, peso, medalha) VALUES (91572, 1, 23, 28, 25.0, 191.0, 81.0, null);
INSERT INTO Participacao (atleta_id, time_id, olimpiada_id, modalidade_id, idade, altura, peso, medalha) VALUES (91572, 1, 18, 28, 29.0, 191.0, 81.0, null);
INSERT INTO Atletas (id, nome, sexo) VALUES (91573, 'Park Min-Soo', 'M');
INSERT INTO Participacao (atleta_id, time_id, olimpiada_id, modalidade_id, idade, altura, peso, medalha) VALUES (91573, 1, 4, 90, 21.0, 164.0, 58.0, null);
INSERT INTO Participacao (atleta_id, time_id, olimpiada_id, modalidade_id, idade, altura, peso, medalha) VALUES (91573, 1, 4, 91, 21.0, 164.0, 58.0, null);
INSERT INTO Participacao (atleta_id, time_id, olimpiada_id, modalidade_id, idade, altura, peso, medalha) VALUES (91573, 1, 4, 92, 21.0, 164.0, 58.0, null);
INSERT INTO Participacao (atleta_id, time_id, olimpiada_id, modalidade_id, idade, altura, peso, medalha) VALUES (91573, 1, 4, 94, 21.0, 164.0, 58.0, null);
INSERT INTO Participacao (atleta_id, time_id, olimpiada_id, modalidade_id, idade, altura, peso, medalha) VALUES (91573, 1, 4, 95, 21.0, 164.0, 58.0, null);
INSERT INTO Participacao (atleta_id, time_id, olimpiada_id, modalidade_id, idade, altura, peso, medalha) VALUES (91573, 1, 4, 96, 21.0, 164.0, 58.0, null);
INSERT INTO Participacao (atleta_id, time_id, olimpiada_id, modalidade_id, idade, altura, peso, medalha) VALUES (91573, 1, 4, 97, 21.0, 164.0, 58.0, null);
INSERT INTO Atletas (id, nome, sexo) VALUES (91574, 'Park Min-Su', 'M');
INSERT INTO Participacao (atleta_id, time_id, olimpiada_id, modalidade_id, idade, altura, peso, medalha) VALUES (91574, 1, 6, 205, 18.0, 170.0, 65.0, null);
INSERT INTO Participacao (atleta_id, time_id, olimpiada_id, modalidade_id, idade, altura, peso, medalha) VALUES (91574, 1, 6, 37, 18.0, 170.0, 65.0, null);
INSERT INTO Participacao (atleta_id, time_id, olimpiada_id, modalidade_id, idade, altura, peso, medalha) VALUES (91574, 1, 12, 37, 21.0, 170.0, 65.0, null);
INSERT INTO Participacao (atleta_id, time_id, olimpiada_id, modalidade_id, idade, altura, peso, medalha) VALUES (91574, 1, 12, 168, 21.0, 170.0, 65.0, null);
INSERT INTO Participacao (atleta_id, time_id, olimpiada_id, modalidade_id, idade, altura, peso, medalha) VALUES (91574, 1, 14, 10, 25.0, 170.0, 65.0, null);
INSERT INTO Atletas (id, nome, sexo) VALUES (91575, 'Park Myeong-Seok', 'M');
INSERT INTO Participacao (atleta_id, time_id, olimpiada_id, modalidade_id, idade, altura, peso, medalha) VALUES (91575, 1, 12, 118, 22.0, 183.0, 86.0, null);
INSERT INTO Participacao (atleta_id, time_id, olimpiada_id, modalidade_id, idade, altura, peso, medalha) VALUES (91575, 1, 14, 118, 26.0, 183.0, 86.0, null);
INSERT INTO Atletas (id, nome, sexo) VALUES (91576, 'Park Na-Ri', 'F');
INSERT INTO Participacao (atleta_id, time_id, olimpiada_id, modalidade_id, idade, altura, peso, medalha) VALUES (91576, 1, 18, 133, 16.0, 170.0, 54.0, null);
INSERT INTO Atletas (id, nome, sexo) VALUES (91577, 'Park Nam-Gyu', 'M');
INSERT INTO Participacao (atleta_id, time_id, olimpiada_id, modalidade_id, idade, altura, peso, medalha) VALUES (91577, 1, 7, 183, 28.0, 165.0, 58.0, null);
INSERT INTO Atletas (id, nome, sexo) VALUES (91578, 'Park Sam-Gyu', 'M');
INSERT INTO Participacao (atleta_id, time_id, olimpiada_id, modalidade_id, idade, altura, peso, medalha) VALUES (91578, 1, 7, 25, 32.0, 175.0, 75.0, null);
INSERT INTO Atletas (id, nome, sexo) VALUES (91579, 'Park Sam-Ryong', 'M');
INSERT INTO Participacao (atleta_id, time_id, olimpiada_id, modalidade_id, idade, altura, peso, medalha) VALUES (91579, 1, 6, 72, 20.0, 191.0, 84.0, null);
INSERT INTO Atletas (id, nome, sexo) VALUES (91580, 'Park Sang-Hoon', 'M');
INSERT INTO Participacao (atleta_id, time_id, olimpiada_id, modalidade_id, idade, altura, peso, medalha) VALUES (91580, 1, 4, 291, 23.0, 183.0, 77.0, null);
INSERT INTO Atletas (id, nome, sexo) VALUES (91581, 'Park Sang-Su', 'M');
INSERT INTO Participacao (atleta_id, time_id, olimpiada_id, modalidade_id, idade, altura, peso, medalha) VALUES (91581, 1, 11, 292, 19.0, 184.0, 72.0, null);
INSERT INTO Atletas (id, nome, sexo) VALUES (91582, 'Park Sang-Won', 'M');
INSERT INTO Participacao (atleta_id, time_id, olimpiada_id, modalidade_id, idade, altura, peso, medalha) VALUES (91582, 1, 6, 150, 23.0, 175.0, 73.0, null);
INSERT INTO Atletas (id, nome, sexo) VALUES (91583, 'Park Sang-Young', 'M');
INSERT INTO Participacao (atleta_id, time_id, olimpiada_id, modalidade_id, idade, altura, peso, medalha) VALUES (91583, 1, 4, 224, 20.0, 177.0, 73.0, 'Gold');
INSERT INTO Participacao (atleta_id, time_id, olimpiada_id, modalidade_id, idade, altura, peso, medalha) VALUES (91583, 1, 4, 200, 20.0, 177.0, 73.0, null);
INSERT INTO Atletas (id, nome, sexo) VALUES (91584, 'Park Se-Ryong', 'M');
INSERT INTO Participacao (atleta_id, time_id, olimpiada_id, modalidade_id, idade, altura, peso, medalha) VALUES (91584, 1, 5, 10, 24.0, 171.0, 72.0, null);
INSERT INTO Atletas (id, nome, sexo) VALUES (91585, 'Park Se-Yeong', 'M');
INSERT INTO Participacao (atleta_id, time_id, olimpiada_id, modalidade_id, idade, altura, peso, medalha) VALUES (91585, 1, 27, 40, 20.0, 172.0, 58.0, null);
INSERT INTO Participacao (atleta_id, time_id, olimpiada_id, modalidade_id, idade, altura, peso, medalha) VALUES (91585, 1, 27, 39, 20.0, 172.0, 58.0, null);
INSERT INTO Participacao (atleta_id, time_id, olimpiada_id, modalidade_id, idade, altura, peso, medalha) VALUES (91585, 1, 27, 41, 20.0, 172.0, 58.0, null);
INSERT INTO Atletas (id, nome, sexo) VALUES (91586, 'Park Seo-Gwang', 'M');
INSERT INTO Participacao (atleta_id, time_id, olimpiada_id, modalidade_id, idade, altura, peso, medalha) VALUES (91586, 1, 7, 72, 22.0, 183.0, 75.0, null);
INSERT INTO Atletas (id, nome, sexo) VALUES (91587, 'Park Seok-Jin', 'M');
INSERT INTO Participacao (atleta_id, time_id, olimpiada_id, modalidade_id, idade, altura, peso, medalha) VALUES (91587, 1, 23, 20, 28.0, 179.0, 75.0, 'Bronze');
INSERT INTO Atletas (id, nome, sexo) VALUES (91588, 'Park Seon-Chul', 'M');
INSERT INTO Participacao (atleta_id, time_id, olimpiada_id, modalidade_id, idade, altura, peso, medalha) VALUES (91588, 1, 14, 72, 22.0, null, null, null);
INSERT INTO Atletas (id, nome, sexo) VALUES (91589, 'Park Seon-Gwan', 'M');
INSERT INTO Participacao (atleta_id, time_id, olimpiada_id, modalidade_id, idade, altura, peso, medalha) VALUES (91589, 1, 24, 286, 21.0, 183.0, 71.0, null);
INSERT INTO Atletas (id, nome, sexo) VALUES (91590, 'Park Seon-Ho', 'M');
INSERT INTO Participacao (atleta_id, time_id, olimpiada_id, modalidade_id, idade, altura, peso, medalha) VALUES (91590, 1, 24, 37, 28.0, 182.0, 74.0, null);
INSERT INTO Atletas (id, nome, sexo) VALUES (91591, 'Park Seon-Mi', 'F');
INSERT INTO Participacao (atleta_id, time_id, olimpiada_id, modalidade_id, idade, altura, peso, medalha) VALUES (91591, 1, 24, 21, 29.0, 164.0, 59.0, null);
INSERT INTO Atletas (id, nome, sexo) VALUES (91592, 'Park Seong-Baek', 'M');
INSERT INTO Participacao (atleta_id, time_id, olimpiada_id, modalidade_id, idade, altura, peso, medalha) VALUES (91592, 1, 16, 10, 23.0, 175.0, 73.0, null);
INSERT INTO Participacao (atleta_id, time_id, olimpiada_id, modalidade_id, idade, altura, peso, medalha) VALUES (91592, 1, 24, 10, 27.0, 175.0, 73.0, null);
INSERT INTO Atletas (id, nome, sexo) VALUES (91593, 'Park Seong-Ha', 'M');
INSERT INTO Participacao (atleta_id, time_id, olimpiada_id, modalidade_id, idade, altura, peso, medalha) VALUES (91593, 1, 12, 213, 26.0, null, null, null);
INSERT INTO Atletas (id, nome, sexo) VALUES (91594, 'Park Seong-Hui', 'F');
INSERT INTO Participacao (atleta_id, time_id, olimpiada_id, modalidade_id, idade, altura, peso, medalha) VALUES (91594, 1, 14, 156, 21.0, 165.0, 53.0, null);
INSERT INTO Participacao (atleta_id, time_id, olimpiada_id, modalidade_id, idade, altura, peso, medalha) VALUES (91594, 1, 14, 297, 21.0, 165.0, 53.0, null);
INSERT INTO Participacao (atleta_id, time_id, olimpiada_id, modalidade_id, idade, altura, peso, medalha) VALUES (91594, 1, 23, 297, 25.0, 165.0, 53.0, null);
INSERT INTO Atletas (id, nome, sexo) VALUES (91595, 'Park Seong-Hwan', 'M');
INSERT INTO Participacao (atleta_id, time_id, olimpiada_id, modalidade_id, idade, altura, peso, medalha) VALUES (91595, 1, 16, 245, 23.0, 183.0, 70.0, null);
INSERT INTO Atletas (id, nome, sexo) VALUES (91596, 'Park Seong-Hyeon', 'F');
INSERT INTO Participacao (atleta_id, time_id, olimpiada_id, modalidade_id, idade, altura, peso, medalha) VALUES (91596, 1, 18, 98, 21.0, 170.0, 72.0, 'Gold');
INSERT INTO Participacao (atleta_id, time_id, olimpiada_id, modalidade_id, idade, altura, peso, medalha) VALUES (91596, 1, 18, 99, 21.0, 170.0, 72.0, 'Gold');
INSERT INTO Participacao (atleta_id, time_id, olimpiada_id, modalidade_id, idade, altura, peso, medalha) VALUES (91596, 1, 16, 98, 25.0, 170.0, 72.0, 'Silver');
INSERT INTO Participacao (atleta_id, time_id, olimpiada_id, modalidade_id, idade, altura, peso, medalha) VALUES (91596, 1, 16, 99, 25.0, 170.0, 72.0, 'Gold');
INSERT INTO Atletas (id, nome, sexo) VALUES (91597, 'Park Seong-Ja', 'F');
INSERT INTO Participacao (atleta_id, time_id, olimpiada_id, modalidade_id, idade, altura, peso, medalha) VALUES (91597, 1, 23, 271, 20.0, 163.0, 48.0, null);
INSERT INTO Atletas (id, nome, sexo) VALUES (91598, 'Park Seong-Nae', 'M');
INSERT INTO Participacao (atleta_id, time_id, olimpiada_id, modalidade_id, idade, altura, peso, medalha) VALUES (91598, 1, 6, 185, 24.0, 170.0, 53.0, null);
INSERT INTO Atletas (id, nome, sexo) VALUES (91599, 'Park Seong-Rip', 'M');
INSERT INTO Participacao (atleta_id, time_id, olimpiada_id, modalidade_id, idade, altura, peso, medalha) VALUES (91599, 1, 23, 28, 26.0, 190.0, 85.0, null);
INSERT INTO Atletas (id, nome, sexo) VALUES (91600, 'Park Seong-Su', 'M');
INSERT INTO Participacao (atleta_id, time_id, olimpiada_id, modalidade_id, idade, altura, peso, medalha) VALUES (91600, 1, 6, 153, 18.0, 180.0, 69.0, 'Silver');
INSERT INTO Participacao (atleta_id, time_id, olimpiada_id, modalidade_id, idade, altura, peso, medalha) VALUES (91600, 1, 6, 228, 18.0, 180.0, 69.0, 'Gold');
INSERT INTO Atletas (id, nome, sexo) VALUES (91601, 'Park Seong-Tae', 'M');
INSERT INTO Participacao (atleta_id, time_id, olimpiada_id, modalidade_id, idade, altura, peso, medalha) VALUES (91601, 1, 11, 252, 45.0, 169.0, 70.0, null);
INSERT INTO Atletas (id, nome, sexo) VALUES (91602, 'Park Seong-U', 'M');
INSERT INTO Participacao (atleta_id, time_id, olimpiada_id, modalidade_id, idade, altura, peso, medalha) VALUES (91602, 1, 14, 245, 24.0, 182.0, 74.0, null);
INSERT INTO Atletas (id, nome, sexo) VALUES (91603, 'Park Seong-Won', 'F');
INSERT INTO Participacao (atleta_id, time_id, olimpiada_id, modalidade_id, idade, altura, peso, medalha) VALUES (91603, 1, 6, 81, 16.0, 166.0, 63.0, null);
INSERT INTO Participacao (atleta_id, time_id, olimpiada_id, modalidade_id, idade, altura, peso, medalha) VALUES (91603, 1, 6, 69, 16.0, 166.0, 63.0, null);
INSERT INTO Participacao (atleta_id, time_id, olimpiada_id, modalidade_id, idade, altura, peso, medalha) VALUES (91603, 1, 6, 82, 16.0, 166.0, 63.0, null);
INSERT INTO Atletas (id, nome, sexo) VALUES (91604, 'Park Seung-A', 'F');
INSERT INTO Participacao (atleta_id, time_id, olimpiada_id, modalidade_id, idade, altura, peso, medalha) VALUES (91604, 1, 4, 21, 25.0, 168.0, 61.0, null);
INSERT INTO Atletas (id, nome, sexo) VALUES (91605, 'Park Seung-Hui', 'F');
INSERT INTO Participacao (atleta_id, time_id, olimpiada_id, modalidade_id, idade, altura, peso, medalha) VALUES (91605, 1, 17, 120, 17.0, 168.0, 58.0, null);
INSERT INTO Participacao (atleta_id, time_id, olimpiada_id, modalidade_id, idade, altura, peso, medalha) VALUES (91605, 1, 17, 121, 17.0, 168.0, 58.0, 'Bronze');
INSERT INTO Participacao (atleta_id, time_id, olimpiada_id, modalidade_id, idade, altura, peso, medalha) VALUES (91605, 1, 17, 79, 17.0, 168.0, 58.0, 'Bronze');
INSERT INTO Participacao (atleta_id, time_id, olimpiada_id, modalidade_id, idade, altura, peso, medalha) VALUES (91605, 1, 17, 30, 17.0, 168.0, 58.0, null);
INSERT INTO Participacao (atleta_id, time_id, olimpiada_id, modalidade_id, idade, altura, peso, medalha) VALUES (91605, 1, 27, 120, 21.0, 168.0, 58.0, 'Bronze');
INSERT INTO Participacao (atleta_id, time_id, olimpiada_id, modalidade_id, idade, altura, peso, medalha) VALUES (91605, 1, 27, 121, 21.0, 168.0, 58.0, 'Gold');
INSERT INTO Participacao (atleta_id, time_id, olimpiada_id, modalidade_id, idade, altura, peso, medalha) VALUES (91605, 1, 27, 30, 21.0, 168.0, 58.0, 'Gold');
INSERT INTO Atletas (id, nome, sexo) VALUES (91606, 'Park Seung-Ju', 'F');
INSERT INTO Participacao (atleta_id, time_id, olimpiada_id, modalidade_id, idade, altura, peso, medalha) VALUES (91606, 1, 27, 27, 23.0, 160.0, 51.0, null);
INSERT INTO Participacao (atleta_id, time_id, olimpiada_id, modalidade_id, idade, altura, peso, medalha) VALUES (91606, 1, 27, 100, 23.0, 160.0, 51.0, null);
INSERT INTO Atletas (id, nome, sexo) VALUES (91607, 'Park Seung-Ok', 'M');
INSERT INTO Participacao (atleta_id, time_id, olimpiada_id, modalidade_id, idade, altura, peso, medalha) VALUES (91607, 1, 7, 56, 26.0, 167.0, 68.0, null);
INSERT INTO Atletas (id, nome, sexo) VALUES (91608, 'Park Seung-Rin', 'M');
INSERT INTO Participacao (atleta_id, time_id, olimpiada_id, modalidade_id, idade, altura, peso, medalha) VALUES (91608, 1, 5, 22, 30.0, 171.0, 76.0, null);
INSERT INTO Atletas (id, nome, sexo) VALUES (91609, 'Park Si-Heon', 'M');
INSERT INTO Participacao (atleta_id, time_id, olimpiada_id, modalidade_id, idade, altura, peso, medalha) VALUES (91609, 1, 6, 15, 22.0, 179.0, 71.0, 'Gold');
INSERT INTO Atletas (id, nome, sexo) VALUES (91610, 'Park Sin-Heung', 'M');
INSERT INTO Participacao (atleta_id, time_id, olimpiada_id, modalidade_id, idade, altura, peso, medalha) VALUES (91610, 1, 14, 89, 27.0, null, null, null);
INSERT INTO Atletas (id, nome, sexo) VALUES (91611, 'Park Sin-Yeong', 'M');
INSERT INTO Participacao (atleta_id, time_id, olimpiada_id, modalidade_id, idade, altura, peso, medalha) VALUES (91611, 1, 7, 29, 22.0, 157.0, 49.0, null);
INSERT INTO Atletas (id, nome, sexo) VALUES (91612, 'Park So-Un', 'M');
INSERT INTO Participacao (atleta_id, time_id, olimpiada_id, modalidade_id, idade, altura, peso, medalha) VALUES (91612, 1, 6, 142, 21.0, 175.0, 65.0, null);
INSERT INTO Participacao (atleta_id, time_id, olimpiada_id, modalidade_id, idade, altura, peso, medalha) VALUES (91612, 1, 6, 143, 21.0, 175.0, 65.0, null);
INSERT INTO Atletas (id, nome, sexo) VALUES (91613, 'Park So-Yeon', 'F');
INSERT INTO Participacao (atleta_id, time_id, olimpiada_id, modalidade_id, idade, altura, peso, medalha) VALUES (91613, 1, 27, 87, 16.0, 157.0, null, null);
INSERT INTO Atletas (id, nome, sexo) VALUES (91614, 'Park Su-Gwon', 'M');
INSERT INTO Participacao (atleta_id, time_id, olimpiada_id, modalidade_id, idade, altura, peso, medalha) VALUES (91614, 1, 7, 163, 23.0, 173.0, 75.0, null);
INSERT INTO Atletas (id, nome, sexo) VALUES (91615, 'Park Su-Jeong', 'F');
INSERT INTO Participacao (atleta_id, time_id, olimpiada_id, modalidade_id, idade, altura, peso, medalha) VALUES (91615, 1, 14, 18, 24.0, 178.0, 68.0, null);
INSERT INTO Participacao (atleta_id, time_id, olimpiada_id, modalidade_id, idade, altura, peso, medalha) VALUES (91615, 1, 23, 18, 28.0, 178.0, 68.0, null);
INSERT INTO Atletas (id, nome, sexo) VALUES (91617, 'Park Suk-Ja', 'F');
INSERT INTO Participacao (atleta_id, time_id, olimpiada_id, modalidade_id, idade, altura, peso, medalha) VALUES (91617, 1, 6, 220, 18.0, 170.0, 58.0, null);
INSERT INTO Atletas (id, nome, sexo) VALUES (91618, 'Park Sun-Ja', 'F');
INSERT INTO Participacao (atleta_id, time_id, olimpiada_id, modalidade_id, idade, altura, peso, medalha) VALUES (91618, 1, 6, 21, 22.0, 163.0, 54.0, 'Silver');
INSERT INTO Atletas (id, nome, sexo) VALUES (91619, 'Park Tae-Gyeong', 'M');
INSERT INTO Participacao (atleta_id, time_id, olimpiada_id, modalidade_id, idade, altura, peso, medalha) VALUES (91619, 1, 18, 316, 24.0, 181.0, 75.0, null);
INSERT INTO Atletas (id, nome, sexo) VALUES (91620, 'Park Tae-Hwan', 'M');
INSERT INTO Participacao (atleta_id, time_id, olimpiada_id, modalidade_id, idade, altura, peso, medalha) VALUES (91620, 1, 18, 75, 14.0, 183.0, 73.0, null);
INSERT INTO Participacao (atleta_id, time_id, olimpiada_id, modalidade_id, idade, altura, peso, medalha) VALUES (91620, 1, 16, 194, 18.0, 183.0, 73.0, 'Silver');
INSERT INTO Participacao (atleta_id, time_id, olimpiada_id, modalidade_id, idade, altura, peso, medalha) VALUES (91620, 1, 16, 75, 18.0, 183.0, 73.0, 'Gold');
INSERT INTO Participacao (atleta_id, time_id, olimpiada_id, modalidade_id, idade, altura, peso, medalha) VALUES (91620, 1, 16, 76, 18.0, 183.0, 73.0, null);
INSERT INTO Participacao (atleta_id, time_id, olimpiada_id, modalidade_id, idade, altura, peso, medalha) VALUES (91620, 1, 24, 194, 22.0, 183.0, 73.0, 'Silver');
INSERT INTO Participacao (atleta_id, time_id, olimpiada_id, modalidade_id, idade, altura, peso, medalha) VALUES (91620, 1, 24, 75, 22.0, 183.0, 73.0, 'Silver');
INSERT INTO Participacao (atleta_id, time_id, olimpiada_id, modalidade_id, idade, altura, peso, medalha) VALUES (91620, 1, 24, 76, 22.0, 183.0, 73.0, null);
INSERT INTO Participacao (atleta_id, time_id, olimpiada_id, modalidade_id, idade, altura, peso, medalha) VALUES (91620, 1, 4, 193, 26.0, 183.0, 73.0, null);
INSERT INTO Participacao (atleta_id, time_id, olimpiada_id, modalidade_id, idade, altura, peso, medalha) VALUES (91620, 1, 4, 194, 26.0, 183.0, 73.0, null);
INSERT INTO Participacao (atleta_id, time_id, olimpiada_id, modalidade_id, idade, altura, peso, medalha) VALUES (91620, 1, 4, 75, 26.0, 183.0, 73.0, null);
INSERT INTO Atletas (id, nome, sexo) VALUES (91621, 'Park Tae-Min', 'M');
INSERT INTO Participacao (atleta_id, time_id, olimpiada_id, modalidade_id, idade, altura, peso, medalha) VALUES (91621, 1, 6, 288, 20.0, 165.0, 70.0, null);
INSERT INTO Atletas (id, nome, sexo) VALUES (91622, 'Park Tae-Sang', 'M');
INSERT INTO Participacao (atleta_id, time_id, olimpiada_id, modalidade_id, idade, altura, peso, medalha) VALUES (91622, 1, 18, 245, 25.0, 176.0, 70.0, null);
INSERT INTO Atletas (id, nome, sexo) VALUES (91623, 'Park Tae-Sik', 'M');
INSERT INTO Participacao (atleta_id, time_id, olimpiada_id, modalidade_id, idade, altura, peso, medalha) VALUES (91623, 1, 11, 218, 20.0, 173.0, 66.0, null);
INSERT INTO Participacao (atleta_id, time_id, olimpiada_id, modalidade_id, idade, altura, peso, medalha) VALUES (91623, 1, 13, 218, 24.0, 173.0, 66.0, null);
INSERT INTO Atletas (id, nome, sexo) VALUES (91624, 'Park U', 'M');
INSERT INTO Participacao (atleta_id, time_id, olimpiada_id, modalidade_id, idade, altura, peso, medalha) VALUES (91624, 1, 23, 229, 27.0, 180.0, 97.0, null);
INSERT INTO Atletas (id, nome, sexo) VALUES (91625, 'Park U-Hui', 'F');
INSERT INTO Participacao (atleta_id, time_id, olimpiada_id, modalidade_id, idade, altura, peso, medalha) VALUES (91625, 1, 14, 31, 16.0, null, null, null);
INSERT INTO Participacao (atleta_id, time_id, olimpiada_id, modalidade_id, idade, altura, peso, medalha) VALUES (91625, 1, 14, 32, 16.0, null, null, null);
INSERT INTO Participacao (atleta_id, time_id, olimpiada_id, modalidade_id, idade, altura, peso, medalha) VALUES (91625, 1, 14, 82, 16.0, null, null, null);
INSERT INTO Atletas (id, nome, sexo) VALUES (91626, 'Park Yeong-Cheol', 'M');
INSERT INTO Participacao (atleta_id, time_id, olimpiada_id, modalidade_id, idade, altura, peso, medalha) VALUES (91626, 1, 13, 147, 22.0, 175.0, 80.0, 'Bronze');
INSERT INTO Atletas (id, nome, sexo) VALUES (91627, 'Park Yeong-Cheol', 'M');
INSERT INTO Participacao (atleta_id, time_id, olimpiada_id, modalidade_id, idade, altura, peso, medalha) VALUES (91627, 1, 6, 73, 19.0, 174.0, 70.0, null);
INSERT INTO Participacao (atleta_id, time_id, olimpiada_id, modalidade_id, idade, altura, peso, medalha) VALUES (91627, 1, 6, 74, 19.0, 174.0, 70.0, null);
INSERT INTO Participacao (atleta_id, time_id, olimpiada_id, modalidade_id, idade, altura, peso, medalha) VALUES (91627, 1, 6, 196, 19.0, 174.0, 70.0, null);
INSERT INTO Atletas (id, nome, sexo) VALUES (91628, 'Park Yeong-Dae', 'M');
INSERT INTO Participacao (atleta_id, time_id, olimpiada_id, modalidade_id, idade, altura, peso, medalha) VALUES (91628, 1, 5, 28, 20.0, 188.0, 79.0, null);
INSERT INTO Participacao (atleta_id, time_id, olimpiada_id, modalidade_id, idade, altura, peso, medalha) VALUES (91628, 1, 6, 28, 24.0, 188.0, 79.0, 'Silver');
INSERT INTO Atletas (id, nome, sexo) VALUES (91629, 'Park Yeong-Ja', 'F');
INSERT INTO Participacao (atleta_id, time_id, olimpiada_id, modalidade_id, idade, altura, peso, medalha) VALUES (91629, 1, 14, 217, 21.0, null, null, null);
INSERT INTO Atletas (id, nome, sexo) VALUES (91630, 'Park Yeong-Jae', 'M');
INSERT INTO Participacao (atleta_id, time_id, olimpiada_id, modalidade_id, idade, altura, peso, medalha) VALUES (91630, 1, 5, 110, 23.0, 172.0, 75.0, null);
INSERT INTO Atletas (id, nome, sexo) VALUES (91631, 'Park Yeong-Jun', 'M');
INSERT INTO Participacao (atleta_id, time_id, olimpiada_id, modalidade_id, idade, altura, peso, medalha) VALUES (91631, 1, 5, 155, 19.0, 173.0, 71.0, null);
INSERT INTO Participacao (atleta_id, time_id, olimpiada_id, modalidade_id, idade, altura, peso, medalha) VALUES (91631, 1, 6, 155, 23.0, 173.0, 71.0, null);
INSERT INTO Atletas (id, nome, sexo) VALUES (91632, 'Park Yeong-Suk', 'F');
INSERT INTO Participacao (atleta_id, time_id, olimpiada_id, modalidade_id, idade, altura, peso, medalha) VALUES (91632, 1, 7, 301, 17.0, 168.0, 64.0, null);
INSERT INTO Atletas (id, nome, sexo) VALUES (91633, 'Park Yeong-Suk', 'F');
INSERT INTO Participacao (atleta_id, time_id, olimpiada_id, modalidade_id, idade, altura, peso, medalha) VALUES (91633, 1, 5, 98, 23.0, 157.0, 48.0, null);
INSERT INTO Atletas (id, nome, sexo) VALUES (91634, 'Park Yong-Ho', 'M');
INSERT INTO Participacao (atleta_id, time_id, olimpiada_id, modalidade_id, idade, altura, peso, medalha) VALUES (91634, 1, 18, 56, 23.0, 181.0, 70.0, null);
INSERT INTO Atletas (id, nome, sexo) VALUES (91637, 'Park Yong-Suk', 'F');
INSERT INTO Participacao (atleta_id, time_id, olimpiada_id, modalidade_id, idade, altura, peso, medalha) VALUES (91637, 1, 23, 21, 23.0, 167.0, 64.0, null);
INSERT INTO Participacao (atleta_id, time_id, olimpiada_id, modalidade_id, idade, altura, peso, medalha) VALUES (91637, 1, 18, 21, 27.0, 167.0, 64.0, null);
INSERT INTO Atletas (id, nome, sexo) VALUES (91638, 'Park Yong-Woo', 'M');
INSERT INTO Participacao (atleta_id, time_id, olimpiada_id, modalidade_id, idade, altura, peso, medalha) VALUES (91638, 1, 4, 56, 22.0, 186.0, 80.0, null);
INSERT INTO Atletas (id, nome, sexo) VALUES (91639, 'Park Yun-Bae', 'M');
INSERT INTO Participacao (atleta_id, time_id, olimpiada_id, modalidade_id, idade, altura, peso, medalha) VALUES (91639, 1, 20, 225, 26.0, 170.0, 62.0, null);
INSERT INTO Participacao (atleta_id, time_id, olimpiada_id, modalidade_id, idade, altura, peso, medalha) VALUES (91639, 1, 20, 226, 26.0, 170.0, 62.0, null);
INSERT INTO Atletas (id, nome, sexo) VALUES (97698, 'Pyeon Chang-Nam', 'M');
INSERT INTO Participacao (atleta_id, time_id, olimpiada_id, modalidade_id, idade, altura, peso, medalha) VALUES (97698, 1, 33, 51, 34.0, null, null, null);
INSERT INTO Participacao (atleta_id, time_id, olimpiada_id, modalidade_id, idade, altura, peso, medalha) VALUES (97698, 1, 33, 52, 34.0, null, null, null);
INSERT INTO Atletas (id, nome, sexo) VALUES (97706, 'Pyo Hyeon-Gi', 'M');
INSERT INTO Participacao (atleta_id, time_id, olimpiada_id, modalidade_id, idade, altura, peso, medalha) VALUES (97706, 1, 9, 215, 23.0, null, null, null);
INSERT INTO Atletas (id, nome, sexo) VALUES (103909, 'Ryu Han-Su', 'M');
INSERT INTO Participacao (atleta_id, time_id, olimpiada_id, modalidade_id, idade, altura, peso, medalha) VALUES (103909, 1, 4, 311, 28.0, 168.0, 70.0, null);
INSERT INTO Atletas (id, nome, sexo) VALUES (103910, 'Ryu Hyeon-Jin', 'M');
INSERT INTO Participacao (atleta_id, time_id, olimpiada_id, modalidade_id, idade, altura, peso, medalha) VALUES (103910, 1, 16, 20, 21.0, 187.0, 98.0, 'Gold');
INSERT INTO Atletas (id, nome, sexo) VALUES (103914, 'Ryu Seung-Woo', 'M');
INSERT INTO Participacao (atleta_id, time_id, olimpiada_id, modalidade_id, idade, altura, peso, medalha) VALUES (103914, 1, 4, 56, 22.0, 172.0, 67.0, null);
INSERT INTO Atletas (id, nome, sexo) VALUES (103916, 'Ryu Yun-Ji', 'F');
INSERT INTO Participacao (atleta_id, time_id, olimpiada_id, modalidade_id, idade, altura, peso, medalha) VALUES (103916, 1, 18, 230, 18.0, 168.0, 54.0, null);
INSERT INTO Participacao (atleta_id, time_id, olimpiada_id, modalidade_id, idade, altura, peso, medalha) VALUES (103916, 1, 18, 231, 18.0, 168.0, 54.0, null);
INSERT INTO Participacao (atleta_id, time_id, olimpiada_id, modalidade_id, idade, altura, peso, medalha) VALUES (103916, 1, 18, 232, 18.0, 168.0, 54.0, null);
INSERT INTO Atletas (id, nome, sexo) VALUES (103936, 'Sa Jae-Hyeok', 'M');
INSERT INTO Participacao (atleta_id, time_id, olimpiada_id, modalidade_id, idade, altura, peso, medalha) VALUES (103936, 1, 16, 110, 23.0, 168.0, 77.0, 'Gold');
INSERT INTO Participacao (atleta_id, time_id, olimpiada_id, modalidade_id, idade, altura, peso, medalha) VALUES (103936, 1, 24, 110, 27.0, 168.0, 77.0, null);
INSERT INTO Atletas (id, nome, sexo) VALUES (108676, 'Seo Ban-Seok', 'M');
INSERT INTO Participacao (atleta_id, time_id, olimpiada_id, modalidade_id, idade, altura, peso, medalha) VALUES (108676, 1, 7, 72, 24.0, 186.0, 80.0, null);
INSERT INTO Atletas (id, nome, sexo) VALUES (108677, 'Seo Bun-Nam', 'M');
INSERT INTO Participacao (atleta_id, time_id, olimpiada_id, modalidade_id, idade, altura, peso, medalha) VALUES (108677, 1, 7, 63, 24.0, 165.0, 60.0, null);
INSERT INTO Atletas (id, nome, sexo) VALUES (108678, 'Seo Byeong-Ran', 'M');
INSERT INTO Participacao (atleta_id, time_id, olimpiada_id, modalidade_id, idade, altura, peso, medalha) VALUES (108678, 1, 8, 115, 26.0, null, null, null);
INSERT INTO Participacao (atleta_id, time_id, olimpiada_id, modalidade_id, idade, altura, peso, medalha) VALUES (108678, 1, 26, 115, 30.0, null, null, null);
INSERT INTO Atletas (id, nome, sexo) VALUES (108679, 'Seo Chun-Gang', 'F');
INSERT INTO Participacao (atleta_id, time_id, olimpiada_id, modalidade_id, idade, altura, peso, medalha) VALUES (108679, 1, 7, 18, 20.0, 168.0, 61.0, null);
INSERT INTO Atletas (id, nome, sexo) VALUES (108680, 'Seo Dong-Myeong', 'M');
INSERT INTO Participacao (atleta_id, time_id, olimpiada_id, modalidade_id, idade, altura, peso, medalha) VALUES (108680, 1, 14, 56, 22.0, 196.0, 94.0, null);
INSERT INTO Atletas (id, nome, sexo) VALUES (108682, 'Seo Gang-Uk', 'M');
INSERT INTO Participacao (atleta_id, time_id, olimpiada_id, modalidade_id, idade, altura, peso, medalha) VALUES (108682, 1, 7, 22, 35.0, 164.0, 57.0, null);
INSERT INTO Atletas (id, nome, sexo) VALUES (108683, 'Seo Gwang-Mi', 'F');
INSERT INTO Participacao (atleta_id, time_id, olimpiada_id, modalidade_id, idade, altura, peso, medalha) VALUES (108683, 1, 6, 21, 23.0, 158.0, 54.0, 'Silver');
INSERT INTO Atletas (id, nome, sexo) VALUES (108684, 'Seo Gyeong-Seok', 'M');
INSERT INTO Participacao (atleta_id, time_id, olimpiada_id, modalidade_id, idade, altura, peso, medalha) VALUES (108684, 1, 6, 177, 18.0, 180.0, 80.0, null);
INSERT INTO Atletas (id, nome, sexo) VALUES (108685, 'Seo Ho-Jin', 'M');
INSERT INTO Participacao (atleta_id, time_id, olimpiada_id, modalidade_id, idade, altura, peso, medalha) VALUES (108685, 1, 20, 40, 22.0, 176.0, 65.0, null);
INSERT INTO Participacao (atleta_id, time_id, olimpiada_id, modalidade_id, idade, altura, peso, medalha) VALUES (108685, 1, 20, 41, 22.0, 176.0, 65.0, 'Gold');
INSERT INTO Atletas (id, nome, sexo) VALUES (108686, 'Seo Hui-Suk', 'F');
INSERT INTO Participacao (atleta_id, time_id, olimpiada_id, modalidade_id, idade, altura, peso, medalha) VALUES (108686, 1, 10, 18, 20.0, 168.0, 57.0, null);
INSERT INTO Atletas (id, nome, sexo) VALUES (108687, 'Seo Hun-Gyo', 'M');
INSERT INTO Participacao (atleta_id, time_id, olimpiada_id, modalidade_id, idade, altura, peso, medalha) VALUES (108687, 1, 10, 144, 24.0, 169.0, 70.0, null);
INSERT INTO Atletas (id, nome, sexo) VALUES (108688, 'Seo Hyang-Sun', 'F');
INSERT INTO Participacao (atleta_id, time_id, olimpiada_id, modalidade_id, idade, altura, peso, medalha) VALUES (108688, 1, 5, 98, 17.0, 171.0, 67.0, 'Gold');
INSERT INTO Atletas (id, nome, sexo) VALUES (108689, 'Seo Hye-Jin', 'F');
INSERT INTO Participacao (atleta_id, time_id, olimpiada_id, modalidade_id, idade, altura, peso, medalha) VALUES (108689, 1, 16, 21, 22.0, 162.0, 57.0, null);
INSERT INTO Atletas (id, nome, sexo) VALUES (108690, 'Seo Hyeon-Su', 'F');
INSERT INTO Participacao (atleta_id, time_id, olimpiada_id, modalidade_id, idade, altura, peso, medalha) VALUES (108690, 1, 14, 207, 18.0, null, null, null);
INSERT INTO Atletas (id, nome, sexo) VALUES (108691, 'Seo Hyo-Seon', 'F');
INSERT INTO Participacao (atleta_id, time_id, olimpiada_id, modalidade_id, idade, altura, peso, medalha) VALUES (108691, 1, 6, 21, 21.0, 162.0, 54.0, 'Silver');
INSERT INTO Atletas (id, nome, sexo) VALUES (108692, 'Seo In-Taek', 'M');
INSERT INTO Participacao (atleta_id, time_id, olimpiada_id, modalidade_id, idade, altura, peso, medalha) VALUES (108692, 1, 5, 22, 21.0, 177.0, 72.0, null);
INSERT INTO Atletas (id, nome, sexo) VALUES (108693, 'Seo Jae-Gyu', 'M');
INSERT INTO Participacao (atleta_id, time_id, olimpiada_id, modalidade_id, idade, altura, peso, medalha) VALUES (108693, 1, 7, 90, 24.0, 160.0, 56.0, null);
INSERT INTO Participacao (atleta_id, time_id, olimpiada_id, modalidade_id, idade, altura, peso, medalha) VALUES (108693, 1, 7, 91, 24.0, 160.0, 56.0, null);
INSERT INTO Participacao (atleta_id, time_id, olimpiada_id, modalidade_id, idade, altura, peso, medalha) VALUES (108693, 1, 7, 92, 24.0, 160.0, 56.0, null);
INSERT INTO Participacao (atleta_id, time_id, olimpiada_id, modalidade_id, idade, altura, peso, medalha) VALUES (108693, 1, 7, 93, 24.0, 160.0, 56.0, null);
INSERT INTO Participacao (atleta_id, time_id, olimpiada_id, modalidade_id, idade, altura, peso, medalha) VALUES (108693, 1, 7, 94, 24.0, 160.0, 56.0, null);
INSERT INTO Participacao (atleta_id, time_id, olimpiada_id, modalidade_id, idade, altura, peso, medalha) VALUES (108693, 1, 7, 95, 24.0, 160.0, 56.0, null);
INSERT INTO Participacao (atleta_id, time_id, olimpiada_id, modalidade_id, idade, altura, peso, medalha) VALUES (108693, 1, 7, 96, 24.0, 160.0, 56.0, null);
INSERT INTO Participacao (atleta_id, time_id, olimpiada_id, modalidade_id, idade, altura, peso, medalha) VALUES (108693, 1, 7, 97, 24.0, 160.0, 56.0, null);
INSERT INTO Atletas (id, nome, sexo) VALUES (108694, 'Seo Jeong-Gyun', 'M');
INSERT INTO Participacao (atleta_id, time_id, olimpiada_id, modalidade_id, idade, altura, peso, medalha) VALUES (108694, 1, 6, 141, 25.0, 176.0, 60.0, null);
INSERT INTO Atletas (id, nome, sexo) VALUES (108695, 'Seo Jeong-Hwa', 'F');
INSERT INTO Modalidades (nome, esporte_id) VALUES ('Freestyle Skiing Women''s Moguls', 31);
INSERT INTO Participacao (atleta_id, time_id, olimpiada_id, modalidade_id, idade, altura, peso, medalha) VALUES (108695, 1, 17, 364, 19.0, 163.0, 50.0, null);
INSERT INTO Participacao (atleta_id, time_id, olimpiada_id, modalidade_id, idade, altura, peso, medalha) VALUES (108695, 1, 27, 364, 23.0, 163.0, 50.0, null);
INSERT INTO Atletas (id, nome, sexo) VALUES (108696, 'Seo Jeong-Won', 'M');
INSERT INTO Participacao (atleta_id, time_id, olimpiada_id, modalidade_id, idade, altura, peso, medalha) VALUES (108696, 1, 12, 56, 21.0, 173.0, null, null);
INSERT INTO Atletas (id, nome, sexo) VALUES (108697, 'Seo Ji-Won', 'F');
INSERT INTO Participacao (atleta_id, time_id, olimpiada_id, modalidade_id, idade, altura, peso, medalha) VALUES (108697, 1, 27, 364, 19.0, 165.0, 50.0, null);
INSERT INTO Atletas (id, nome, sexo) VALUES (108698, 'Seo Ji-Yeon', 'F');
INSERT INTO Participacao (atleta_id, time_id, olimpiada_id, modalidade_id, idade, altura, peso, medalha) VALUES (108698, 1, 4, 244, 23.0, 168.0, 56.0, null);
INSERT INTO Participacao (atleta_id, time_id, olimpiada_id, modalidade_id, idade, altura, peso, medalha) VALUES (108698, 1, 4, 315, 23.0, 168.0, 56.0, null);
INSERT INTO Atletas (id, nome, sexo) VALUES (108699, 'Seo Jong-Ho', 'M');
INSERT INTO Participacao (atleta_id, time_id, olimpiada_id, modalidade_id, idade, altura, peso, medalha) VALUES (108699, 1, 23, 89, 20.0, 178.0, 76.0, 'Silver');
INSERT INTO Participacao (atleta_id, time_id, olimpiada_id, modalidade_id, idade, altura, peso, medalha) VALUES (108699, 1, 18, 89, 24.0, 178.0, 76.0, null);
INSERT INTO Participacao (atleta_id, time_id, olimpiada_id, modalidade_id, idade, altura, peso, medalha) VALUES (108699, 1, 16, 89, 28.0, 178.0, 76.0, null);
INSERT INTO Participacao (atleta_id, time_id, olimpiada_id, modalidade_id, idade, altura, peso, medalha) VALUES (108699, 1, 24, 89, 32.0, 178.0, 76.0, null);
INSERT INTO Atletas (id, nome, sexo) VALUES (108700, 'Seo Joon-Yong', 'M');
INSERT INTO Participacao (atleta_id, time_id, olimpiada_id, modalidade_id, idade, altura, peso, medalha) VALUES (108700, 1, 4, 10, 28.0, 174.0, 65.0, null);
INSERT INTO Atletas (id, nome, sexo) VALUES (108701, 'Seo Ju-Hyeong', 'F');
INSERT INTO Participacao (atleta_id, time_id, olimpiada_id, modalidade_id, idade, altura, peso, medalha) VALUES (108701, 1, 18, 36, 24.0, 169.0, 52.0, null);
INSERT INTO Atletas (id, nome, sexo) VALUES (108702, 'Seo Jung-Eun', 'F');
INSERT INTO Participacao (atleta_id, time_id, olimpiada_id, modalidade_id, idade, altura, peso, medalha) VALUES (108702, 1, 4, 21, 24.0, 168.0, 61.0, null);
INSERT INTO Atletas (id, nome, sexo) VALUES (108704, 'Seo Mi-Jeong', 'F');
INSERT INTO Participacao (atleta_id, time_id, olimpiada_id, modalidade_id, idade, altura, peso, medalha) VALUES (108704, 1, 23, 109, 20.0, 170.0, 59.0, null);
INSERT INTO Atletas (id, nome, sexo) VALUES (108705, 'Seo Myeong-Won', 'M');
INSERT INTO Participacao (atleta_id, time_id, olimpiada_id, modalidade_id, idade, altura, peso, medalha) VALUES (108705, 1, 7, 142, 28.0, 167.0, 56.0, null);
INSERT INTO Participacao (atleta_id, time_id, olimpiada_id, modalidade_id, idade, altura, peso, medalha) VALUES (108705, 1, 7, 143, 28.0, 167.0, 56.0, null);
INSERT INTO Atletas (id, nome, sexo) VALUES (108706, 'Seo Sang-Cheol', 'M');
INSERT INTO Participacao (atleta_id, time_id, olimpiada_id, modalidade_id, idade, altura, peso, medalha) VALUES (108706, 1, 7, 6, 23.0, 168.0, 70.0, null);
INSERT INTO Atletas (id, nome, sexo) VALUES (108707, 'Seo Sang-Yeong', 'M');
INSERT INTO Participacao (atleta_id, time_id, olimpiada_id, modalidade_id, idade, altura, peso, medalha) VALUES (108707, 1, 10, 215, 23.0, 165.0, 51.0, null);
INSERT INTO Atletas (id, nome, sexo) VALUES (108708, 'Seo Seon-Hwa', 'F');
INSERT INTO Participacao (atleta_id, time_id, olimpiada_id, modalidade_id, idade, altura, peso, medalha) VALUES (108708, 1, 18, 117, 22.0, 161.0, 55.0, null);
INSERT INTO Atletas (id, nome, sexo) VALUES (108709, 'Seo Seong-Jun', 'M');
INSERT INTO Participacao (atleta_id, time_id, olimpiada_id, modalidade_id, idade, altura, peso, medalha) VALUES (108709, 1, 14, 198, 25.0, null, null, null);
INSERT INTO Participacao (atleta_id, time_id, olimpiada_id, modalidade_id, idade, altura, peso, medalha) VALUES (108709, 1, 14, 199, 25.0, null, null, null);
INSERT INTO Atletas (id, nome, sexo) VALUES (108710, 'Seo So-Yeong', 'F');
INSERT INTO Participacao (atleta_id, time_id, olimpiada_id, modalidade_id, idade, altura, peso, medalha) VALUES (108710, 1, 14, 230, 15.0, null, null, null);
INSERT INTO Participacao (atleta_id, time_id, olimpiada_id, modalidade_id, idade, altura, peso, medalha) VALUES (108710, 1, 14, 232, 15.0, null, null, null);
INSERT INTO Participacao (atleta_id, time_id, olimpiada_id, modalidade_id, idade, altura, peso, medalha) VALUES (108710, 1, 14, 277, 15.0, null, null, null);
INSERT INTO Atletas (id, nome, sexo) VALUES (108711, 'Seo Yeong-Ju', 'M');
INSERT INTO Participacao (atleta_id, time_id, olimpiada_id, modalidade_id, idade, altura, peso, medalha) VALUES (108711, 1, 9, 302, 22.0, 173.0, 61.0, null);
INSERT INTO Participacao (atleta_id, time_id, olimpiada_id, modalidade_id, idade, altura, peso, medalha) VALUES (108711, 1, 15, 302, 26.0, 173.0, 61.0, null);
INSERT INTO Atletas (id, nome, sexo) VALUES (108712, 'Seo Yong-Geun', 'M');
INSERT INTO Participacao (atleta_id, time_id, olimpiada_id, modalidade_id, idade, altura, peso, medalha) VALUES (108712, 1, 12, 296, 24.0, null, null, null);
INSERT INTO Atletas (id, nome, sexo) VALUES (108713, 'Seo Yong-Seok', 'M');
INSERT INTO Participacao (atleta_id, time_id, olimpiada_id, modalidade_id, idade, altura, peso, medalha) VALUES (108713, 1, 10, 66, 26.0, 178.0, 78.0, null);
INSERT INTO Atletas (id, nome, sexo) VALUES (108715, 'Seo Yun-Bok', 'M');
INSERT INTO Participacao (atleta_id, time_id, olimpiada_id, modalidade_id, idade, altura, peso, medalha) VALUES (108715, 1, 8, 67, 25.0, 166.0, 56.0, null);
INSERT INTO Atletas (id, nome, sexo) VALUES (108716, 'Seo Yun-Hui', 'F');
INSERT INTO Participacao (atleta_id, time_id, olimpiada_id, modalidade_id, idade, altura, peso, medalha) VALUES (108716, 1, 18, 59, 19.0, 162.0, 56.0, null);
INSERT INTO Atletas (id, nome, sexo) VALUES (108717, 'Seog Eun-Mi', 'F');
INSERT INTO Participacao (atleta_id, time_id, olimpiada_id, modalidade_id, idade, altura, peso, medalha) VALUES (108717, 1, 23, 166, 23.0, 168.0, 60.0, null);
INSERT INTO Atletas (id, nome, sexo) VALUES (108718, 'Seok Ha-Jeong', 'F');
INSERT INTO Participacao (atleta_id, time_id, olimpiada_id, modalidade_id, idade, altura, peso, medalha) VALUES (108718, 1, 24, 167, 27.0, 172.0, 59.0, null);
INSERT INTO Atletas (id, nome, sexo) VALUES (108719, 'Seok Jong-Gu', 'M');
INSERT INTO Participacao (atleta_id, time_id, olimpiada_id, modalidade_id, idade, altura, peso, medalha) VALUES (108719, 1, 7, 115, 20.0, 169.0, 57.0, null);
INSERT INTO Atletas (id, nome, sexo) VALUES (108720, 'Seok Min-Hui', 'F');
INSERT INTO Participacao (atleta_id, time_id, olimpiada_id, modalidade_id, idade, altura, peso, medalha) VALUES (108720, 1, 6, 26, 20.0, 173.0, 63.0, 'Gold');
INSERT INTO Atletas (id, nome, sexo) VALUES (108722, 'Seon So-Eun', 'F');
INSERT INTO Participacao (atleta_id, time_id, olimpiada_id, modalidade_id, idade, altura, peso, medalha) VALUES (108722, 1, 18, 232, 16.0, 159.0, 58.0, null);
INSERT INTO Atletas (id, nome, sexo) VALUES (108724, 'Seong Eun-Ryeong', 'F');
INSERT INTO Modalidades (nome, esporte_id) VALUES ('Luge Women''s Singles', 37);
INSERT INTO Participacao (atleta_id, time_id, olimpiada_id, modalidade_id, idade, altura, peso, medalha) VALUES (108724, 1, 27, 365, 21.0, 164.0, 58.0, null);
INSERT INTO Participacao (atleta_id, time_id, olimpiada_id, modalidade_id, idade, altura, peso, medalha) VALUES (108724, 1, 27, 295, 21.0, 164.0, 58.0, null);
INSERT INTO Atletas (id, nome, sexo) VALUES (108725, 'Seong Gyeong-Hwa', 'F');
INSERT INTO Participacao (atleta_id, time_id, olimpiada_id, modalidade_id, idade, altura, peso, medalha) VALUES (108725, 1, 5, 26, 19.0, 173.0, 60.0, 'Silver');
INSERT INTO Participacao (atleta_id, time_id, olimpiada_id, modalidade_id, idade, altura, peso, medalha) VALUES (108725, 1, 6, 26, 23.0, 173.0, 60.0, 'Gold');
INSERT INTO Atletas (id, nome, sexo) VALUES (108726, 'Seong Hui-Jun', 'M');
INSERT INTO Participacao (atleta_id, time_id, olimpiada_id, modalidade_id, idade, altura, peso, medalha) VALUES (108726, 1, 14, 302, 22.0, 191.0, 79.0, null);
INSERT INTO Participacao (atleta_id, time_id, olimpiada_id, modalidade_id, idade, altura, peso, medalha) VALUES (108726, 1, 23, 302, 26.0, 191.0, 79.0, null);
INSERT INTO Atletas (id, nome, sexo) VALUES (108727, 'Seong Jeong-A', 'F');
INSERT INTO Participacao (atleta_id, time_id, olimpiada_id, modalidade_id, idade, altura, peso, medalha) VALUES (108727, 1, 5, 33, 18.0, 184.0, 70.0, 'Silver');
INSERT INTO Participacao (atleta_id, time_id, olimpiada_id, modalidade_id, idade, altura, peso, medalha) VALUES (108727, 1, 6, 33, 22.0, 184.0, 70.0, null);
INSERT INTO Atletas (id, nome, sexo) VALUES (108728, 'Seong Ji-Hyeon', 'F');
INSERT INTO Participacao (atleta_id, time_id, olimpiada_id, modalidade_id, idade, altura, peso, medalha) VALUES (108728, 1, 24, 59, 20.0, 175.0, 64.0, null);
INSERT INTO Participacao (atleta_id, time_id, olimpiada_id, modalidade_id, idade, altura, peso, medalha) VALUES (108728, 1, 4, 59, 25.0, 175.0, 64.0, null);
INSERT INTO Atletas (id, nome, sexo) VALUES (108729, 'Seong Min', 'M');
INSERT INTO Participacao (atleta_id, time_id, olimpiada_id, modalidade_id, idade, altura, peso, medalha) VALUES (108729, 1, 23, 286, 17.0, 180.0, 64.0, null);
INSERT INTO Participacao (atleta_id, time_id, olimpiada_id, modalidade_id, idade, altura, peso, medalha) VALUES (108729, 1, 18, 286, 21.0, 180.0, 64.0, null);
INSERT INTO Participacao (atleta_id, time_id, olimpiada_id, modalidade_id, idade, altura, peso, medalha) VALUES (108729, 1, 18, 287, 21.0, 180.0, 64.0, null);
INSERT INTO Participacao (atleta_id, time_id, olimpiada_id, modalidade_id, idade, altura, peso, medalha) VALUES (108729, 1, 16, 286, 25.0, 180.0, 64.0, null);
INSERT INTO Atletas (id, nome, sexo) VALUES (108730, 'Seong Nak-Gun', 'M');
INSERT INTO Participacao (atleta_id, time_id, olimpiada_id, modalidade_id, idade, altura, peso, medalha) VALUES (108730, 1, 6, 260, 26.0, 180.0, 74.0, null);
INSERT INTO Atletas (id, nome, sexo) VALUES (108731, 'Seong Si-Baek', 'M');
INSERT INTO Participacao (atleta_id, time_id, olimpiada_id, modalidade_id, idade, altura, peso, medalha) VALUES (108731, 1, 17, 40, 22.0, 178.0, 65.0, 'Silver');
INSERT INTO Participacao (atleta_id, time_id, olimpiada_id, modalidade_id, idade, altura, peso, medalha) VALUES (108731, 1, 17, 38, 22.0, 178.0, 65.0, null);
INSERT INTO Participacao (atleta_id, time_id, olimpiada_id, modalidade_id, idade, altura, peso, medalha) VALUES (108731, 1, 17, 39, 22.0, 178.0, 65.0, null);
INSERT INTO Participacao (atleta_id, time_id, olimpiada_id, modalidade_id, idade, altura, peso, medalha) VALUES (108731, 1, 17, 41, 22.0, 178.0, 65.0, 'Silver');
INSERT INTO Atletas (id, nome, sexo) VALUES (109757, 'Shim Jung-Sub', 'M');
INSERT INTO Participacao (atleta_id, time_id, olimpiada_id, modalidade_id, idade, altura, peso, medalha) VALUES (109757, 1, 4, 67, 25.0, 168.0, 58.0, null);
INSERT INTO Atletas (id, nome, sexo) VALUES (109758, 'Shim Seok-Hui', 'F');
INSERT INTO Participacao (atleta_id, time_id, olimpiada_id, modalidade_id, idade, altura, peso, medalha) VALUES (109758, 1, 27, 120, 17.0, 173.0, 56.0, null);
INSERT INTO Participacao (atleta_id, time_id, olimpiada_id, modalidade_id, idade, altura, peso, medalha) VALUES (109758, 1, 27, 121, 17.0, 173.0, 56.0, 'Bronze');
INSERT INTO Participacao (atleta_id, time_id, olimpiada_id, modalidade_id, idade, altura, peso, medalha) VALUES (109758, 1, 27, 79, 17.0, 173.0, 56.0, 'Silver');
INSERT INTO Participacao (atleta_id, time_id, olimpiada_id, modalidade_id, idade, altura, peso, medalha) VALUES (109758, 1, 27, 30, 17.0, 173.0, 56.0, 'Gold');
INSERT INTO Atletas (id, nome, sexo) VALUES (109808, 'Shin Bong-Shik', 'M');
INSERT INTO Participacao (atleta_id, time_id, olimpiada_id, modalidade_id, idade, altura, peso, medalha) VALUES (109808, 1, 27, 322, 21.0, 184.0, 83.0, null);
INSERT INTO Participacao (atleta_id, time_id, olimpiada_id, modalidade_id, idade, altura, peso, medalha) VALUES (109808, 1, 27, 323, 21.0, 184.0, 83.0, null);
INSERT INTO Atletas (id, nome, sexo) VALUES (109809, 'Shin Byung-Kook', 'M');
INSERT INTO Participacao (atleta_id, time_id, olimpiada_id, modalidade_id, idade, altura, peso, medalha) VALUES (109809, 1, 19, 225, 23.0, 173.0, 60.0, null);
INSERT INTO Participacao (atleta_id, time_id, olimpiada_id, modalidade_id, idade, altura, peso, medalha) VALUES (109809, 1, 19, 226, 23.0, 173.0, 60.0, null);
INSERT INTO Atletas (id, nome, sexo) VALUES (109810, 'Shin Dong-Hyen', 'M');
INSERT INTO Participacao (atleta_id, time_id, olimpiada_id, modalidade_id, idade, altura, peso, medalha) VALUES (109810, 1, 4, 91, 26.0, 168.0, 55.0, null);
INSERT INTO Participacao (atleta_id, time_id, olimpiada_id, modalidade_id, idade, altura, peso, medalha) VALUES (109810, 1, 4, 92, 26.0, 168.0, 55.0, null);
INSERT INTO Participacao (atleta_id, time_id, olimpiada_id, modalidade_id, idade, altura, peso, medalha) VALUES (109810, 1, 4, 94, 26.0, 168.0, 55.0, null);
INSERT INTO Participacao (atleta_id, time_id, olimpiada_id, modalidade_id, idade, altura, peso, medalha) VALUES (109810, 1, 4, 97, 26.0, 168.0, 55.0, null);
INSERT INTO Atletas (id, nome, sexo) VALUES (109811, 'Shin Doo-Sun', 'M');
INSERT INTO Participacao (atleta_id, time_id, olimpiada_id, modalidade_id, idade, altura, peso, medalha) VALUES (109811, 1, 3, 236, 21.0, 170.0, 60.0, null);
INSERT INTO Participacao (atleta_id, time_id, olimpiada_id, modalidade_id, idade, altura, peso, medalha) VALUES (109811, 1, 3, 4, 21.0, 170.0, 60.0, null);
INSERT INTO Participacao (atleta_id, time_id, olimpiada_id, modalidade_id, idade, altura, peso, medalha) VALUES (109811, 1, 19, 282, 25.0, 170.0, 60.0, null);
INSERT INTO Participacao (atleta_id, time_id, olimpiada_id, modalidade_id, idade, altura, peso, medalha) VALUES (109811, 1, 19, 2, 25.0, 170.0, 60.0, null);
INSERT INTO Participacao (atleta_id, time_id, olimpiada_id, modalidade_id, idade, altura, peso, medalha) VALUES (109811, 1, 19, 281, 25.0, 170.0, 60.0, null);
INSERT INTO Atletas (id, nome, sexo) VALUES (109812, 'Shin Hae-Sook', 'F');
INSERT INTO Participacao (atleta_id, time_id, olimpiada_id, modalidade_id, idade, altura, peso, medalha) VALUES (109812, 1, 32, 87, 22.0, null, null, null);
INSERT INTO Atletas (id, nome, sexo) VALUES (109814, 'Shin Kwang-Hoon', 'M');
INSERT INTO Participacao (atleta_id, time_id, olimpiada_id, modalidade_id, idade, altura, peso, medalha) VALUES (109814, 1, 16, 56, 21.0, 178.0, 73.0, null);
INSERT INTO Atletas (id, nome, sexo) VALUES (109815, 'Shin Mi-Hwa', 'F');
INSERT INTO Participacao (atleta_id, time_id, olimpiada_id, modalidade_id, idade, altura, peso, medalha) VALUES (109815, 1, 27, 326, 19.0, 166.0, 64.0, null);
INSERT INTO Atletas (id, nome, sexo) VALUES (109816, 'Shin Mi-Seong', 'F');
INSERT INTO Participacao (atleta_id, time_id, olimpiada_id, modalidade_id, idade, altura, peso, medalha) VALUES (109816, 1, 27, 172, 35.0, 158.0, null, null);
INSERT INTO Atletas (id, nome, sexo) VALUES (109819, 'Shin Young-Rok', 'M');
INSERT INTO Participacao (atleta_id, time_id, olimpiada_id, modalidade_id, idade, altura, peso, medalha) VALUES (109819, 1, 16, 56, 21.0, 182.0, 72.0, null);
INSERT INTO Atletas (id, nome, sexo) VALUES (109820, 'Shin Young-Sun', 'M');
INSERT INTO Participacao (atleta_id, time_id, olimpiada_id, modalidade_id, idade, altura, peso, medalha) VALUES (109820, 1, 22, 225, 18.0, null, null, null);
INSERT INTO Participacao (atleta_id, time_id, olimpiada_id, modalidade_id, idade, altura, peso, medalha) VALUES (109820, 1, 22, 226, 18.0, null, null, null);
INSERT INTO Participacao (atleta_id, time_id, olimpiada_id, modalidade_id, idade, altura, peso, medalha) VALUES (109820, 1, 22, 227, 18.0, null, null, null);
INSERT INTO Atletas (id, nome, sexo) VALUES (110600, 'Sim Bok-Seok', 'M');
INSERT INTO Participacao (atleta_id, time_id, olimpiada_id, modalidade_id, idade, altura, peso, medalha) VALUES (110600, 1, 8, 333, null, null, null, null);
INSERT INTO Atletas (id, nome, sexo) VALUES (110601, 'Sim Deok-Seop', 'M');
INSERT INTO Participacao (atleta_id, time_id, olimpiada_id, modalidade_id, idade, altura, peso, medalha) VALUES (110601, 1, 5, 272, 20.0, 180.0, 70.0, null);
INSERT INTO Participacao (atleta_id, time_id, olimpiada_id, modalidade_id, idade, altura, peso, medalha) VALUES (110601, 1, 6, 272, 24.0, 180.0, 70.0, null);
INSERT INTO Participacao (atleta_id, time_id, olimpiada_id, modalidade_id, idade, altura, peso, medalha) VALUES (110601, 1, 6, 260, 24.0, 180.0, 70.0, null);
INSERT INTO Atletas (id, nome, sexo) VALUES (110603, 'Sim Gwon-Ho', 'M');
INSERT INTO Participacao (atleta_id, time_id, olimpiada_id, modalidade_id, idade, altura, peso, medalha) VALUES (110603, 1, 14, 201, 23.0, 160.0, 54.0, 'Gold');
INSERT INTO Participacao (atleta_id, time_id, olimpiada_id, modalidade_id, idade, altura, peso, medalha) VALUES (110603, 1, 23, 13, 27.0, 160.0, 54.0, 'Gold');
INSERT INTO Atletas (id, nome, sexo) VALUES (110604, 'Sim Gyu-Hae', 'M');
INSERT INTO Participacao (atleta_id, time_id, olimpiada_id, modalidade_id, idade, altura, peso, medalha) VALUES (110604, 1, 6, 360, 23.0, 182.0, 77.0, null);
INSERT INTO Atletas (id, nome, sexo) VALUES (110605, 'Sim Hae-In', 'F');
INSERT INTO Participacao (atleta_id, time_id, olimpiada_id, modalidade_id, idade, altura, peso, medalha) VALUES (110605, 1, 24, 26, 24.0, 178.0, 66.0, null);
INSERT INTO Participacao (atleta_id, time_id, olimpiada_id, modalidade_id, idade, altura, peso, medalha) VALUES (110605, 1, 4, 26, 28.0, 178.0, 66.0, null);
INSERT INTO Atletas (id, nome, sexo) VALUES (110606, 'Sim Jae-Hong', 'M');
INSERT INTO Participacao (atleta_id, time_id, olimpiada_id, modalidade_id, idade, altura, peso, medalha) VALUES (110606, 1, 6, 28, 20.0, 187.0, 83.0, 'Silver');
INSERT INTO Participacao (atleta_id, time_id, olimpiada_id, modalidade_id, idade, altura, peso, medalha) VALUES (110606, 1, 12, 28, 23.0, 187.0, 83.0, null);
INSERT INTO Atletas (id, nome, sexo) VALUES (110607, 'Sim Jae-Won', 'M');
INSERT INTO Participacao (atleta_id, time_id, olimpiada_id, modalidade_id, idade, altura, peso, medalha) VALUES (110607, 1, 23, 56, 23.0, 183.0, 75.0, null);
INSERT INTO Atletas (id, nome, sexo) VALUES (110608, 'Sim Jae-Yeong', 'F');
INSERT INTO Participacao (atleta_id, time_id, olimpiada_id, modalidade_id, idade, altura, peso, medalha) VALUES (110608, 1, 5, 45, 16.0, 154.0, 46.0, null);
INSERT INTO Participacao (atleta_id, time_id, olimpiada_id, modalidade_id, idade, altura, peso, medalha) VALUES (110608, 1, 5, 47, 16.0, 154.0, 46.0, null);
INSERT INTO Participacao (atleta_id, time_id, olimpiada_id, modalidade_id, idade, altura, peso, medalha) VALUES (110608, 1, 5, 48, 16.0, 154.0, 46.0, null);
INSERT INTO Participacao (atleta_id, time_id, olimpiada_id, modalidade_id, idade, altura, peso, medalha) VALUES (110608, 1, 5, 49, 16.0, 154.0, 46.0, null);
INSERT INTO Participacao (atleta_id, time_id, olimpiada_id, modalidade_id, idade, altura, peso, medalha) VALUES (110608, 1, 5, 50, 16.0, 154.0, 46.0, null);
INSERT INTO Atletas (id, nome, sexo) VALUES (110609, 'Sim Jeong-Man', 'M');
INSERT INTO Participacao (atleta_id, time_id, olimpiada_id, modalidade_id, idade, altura, peso, medalha) VALUES (110609, 1, 5, 28, 22.0, 184.0, 83.0, null);
INSERT INTO Atletas (id, nome, sexo) VALUES (110610, 'Sim Min-Ji', 'F');
INSERT INTO Participacao (atleta_id, time_id, olimpiada_id, modalidade_id, idade, altura, peso, medalha) VALUES (110610, 1, 23, 161, 17.0, 168.0, 54.0, null);
INSERT INTO Participacao (atleta_id, time_id, olimpiada_id, modalidade_id, idade, altura, peso, medalha) VALUES (110610, 1, 23, 82, 17.0, 168.0, 54.0, null);
INSERT INTO Participacao (atleta_id, time_id, olimpiada_id, modalidade_id, idade, altura, peso, medalha) VALUES (110610, 1, 18, 232, 21.0, 168.0, 54.0, null);
INSERT INTO Participacao (atleta_id, time_id, olimpiada_id, modalidade_id, idade, altura, peso, medalha) VALUES (110610, 1, 18, 161, 21.0, 168.0, 54.0, null);
INSERT INTO Atletas (id, nome, sexo) VALUES (110611, 'Sim Mun-Seop', 'M');
INSERT INTO Participacao (atleta_id, time_id, olimpiada_id, modalidade_id, idade, altura, peso, medalha) VALUES (110611, 1, 15, 183, 28.0, 160.0, 60.0, null);
INSERT INTO Atletas (id, nome, sexo) VALUES (110612, 'Sim Myeong-Hui', 'M');
INSERT INTO Participacao (atleta_id, time_id, olimpiada_id, modalidade_id, idade, altura, peso, medalha) VALUES (110612, 1, 15, 25, 34.0, 165.0, 62.0, null);
INSERT INTO Atletas (id, nome, sexo) VALUES (110613, 'Sim Sang-Min', 'M');
INSERT INTO Participacao (atleta_id, time_id, olimpiada_id, modalidade_id, idade, altura, peso, medalha) VALUES (110613, 1, 4, 56, 23.0, 172.0, 70.0, null);
INSERT INTO Atletas (id, nome, sexo) VALUES (110614, 'Sim Sang-Ok', 'M');
INSERT INTO Participacao (atleta_id, time_id, olimpiada_id, modalidade_id, idade, altura, peso, medalha) VALUES (110614, 1, 9, 274, 23.0, null, null, null);
INSERT INTO Participacao (atleta_id, time_id, olimpiada_id, modalidade_id, idade, altura, peso, medalha) VALUES (110614, 1, 9, 275, 23.0, null, null, null);
INSERT INTO Atletas (id, nome, sexo) VALUES (110915, 'Sin A-Lam', 'F');
INSERT INTO Participacao (atleta_id, time_id, olimpiada_id, modalidade_id, idade, altura, peso, medalha) VALUES (110915, 1, 24, 136, 25.0, 168.0, 56.0, null);
INSERT INTO Participacao (atleta_id, time_id, olimpiada_id, modalidade_id, idade, altura, peso, medalha) VALUES (110915, 1, 24, 122, 25.0, 168.0, 56.0, 'Silver');
INSERT INTO Participacao (atleta_id, time_id, olimpiada_id, modalidade_id, idade, altura, peso, medalha) VALUES (110915, 1, 4, 136, 29.0, 168.0, 56.0, null);
INSERT INTO Participacao (atleta_id, time_id, olimpiada_id, modalidade_id, idade, altura, peso, medalha) VALUES (110915, 1, 4, 122, 29.0, 168.0, 56.0, null);
INSERT INTO Atletas (id, nome, sexo) VALUES (110916, 'Sin Beom-Cheol', 'M');
INSERT INTO Participacao (atleta_id, time_id, olimpiada_id, modalidade_id, idade, altura, peso, medalha) VALUES (110916, 1, 12, 56, 21.0, null, null, null);
INSERT INTO Atletas (id, nome, sexo) VALUES (110917, 'Sin Chang-Mu', 'M');
INSERT INTO Participacao (atleta_id, time_id, olimpiada_id, modalidade_id, idade, altura, peso, medalha) VALUES (110917, 1, 6, 141, 25.0, 184.0, 62.0, null);
INSERT INTO Atletas (id, nome, sexo) VALUES (110919, 'Sin Da-Un', 'M');
INSERT INTO Participacao (atleta_id, time_id, olimpiada_id, modalidade_id, idade, altura, peso, medalha) VALUES (110919, 1, 27, 38, 20.0, 174.0, 61.0, null);
INSERT INTO Participacao (atleta_id, time_id, olimpiada_id, modalidade_id, idade, altura, peso, medalha) VALUES (110919, 1, 27, 39, 20.0, 174.0, 61.0, null);
INSERT INTO Participacao (atleta_id, time_id, olimpiada_id, modalidade_id, idade, altura, peso, medalha) VALUES (110919, 1, 27, 41, 20.0, 174.0, 61.0, null);
INSERT INTO Atletas (id, nome, sexo) VALUES (110920, 'Sin Dae-Cheol', 'M');
INSERT INTO Participacao (atleta_id, time_id, olimpiada_id, modalidade_id, idade, altura, peso, medalha) VALUES (110920, 1, 5, 10, 24.0, 173.0, 67.0, null);
INSERT INTO Participacao (atleta_id, time_id, olimpiada_id, modalidade_id, idade, altura, peso, medalha) VALUES (110920, 1, 6, 10, 29.0, 173.0, 67.0, null);
INSERT INTO Atletas (id, nome, sexo) VALUES (110921, 'Sin Dong-Pa', 'M');
INSERT INTO Participacao (atleta_id, time_id, olimpiada_id, modalidade_id, idade, altura, peso, medalha) VALUES (110921, 1, 7, 12, 20.0, 187.0, 74.0, null);
INSERT INTO Participacao (atleta_id, time_id, olimpiada_id, modalidade_id, idade, altura, peso, medalha) VALUES (110921, 1, 10, 12, 24.0, 187.0, 74.0, null);
INSERT INTO Atletas (id, nome, sexo) VALUES (110922, 'Sin Dong-Ui', 'M');
INSERT INTO Participacao (atleta_id, time_id, olimpiada_id, modalidade_id, idade, altura, peso, medalha) VALUES (110922, 1, 7, 311, 23.0, 175.0, 77.0, null);
INSERT INTO Atletas (id, nome, sexo) VALUES (110923, 'Sin Du-Ho', 'M');
INSERT INTO Participacao (atleta_id, time_id, olimpiada_id, modalidade_id, idade, altura, peso, medalha) VALUES (110923, 1, 7, 111, 29.0, 176.0, 64.0, null);
INSERT INTO Participacao (atleta_id, time_id, olimpiada_id, modalidade_id, idade, altura, peso, medalha) VALUES (110923, 1, 7, 112, 29.0, 176.0, 64.0, null);
INSERT INTO Participacao (atleta_id, time_id, olimpiada_id, modalidade_id, idade, altura, peso, medalha) VALUES (110923, 1, 7, 224, 29.0, 176.0, 64.0, null);
INSERT INTO Participacao (atleta_id, time_id, olimpiada_id, modalidade_id, idade, altura, peso, medalha) VALUES (110923, 1, 7, 200, 29.0, 176.0, 64.0, null);
INSERT INTO Atletas (id, nome, sexo) VALUES (110924, 'Sin Eun-Cheol', 'M');
INSERT INTO Participacao (atleta_id, time_id, olimpiada_id, modalidade_id, idade, altura, peso, medalha) VALUES (110924, 1, 14, 63, 22.0, 173.0, 60.0, null);
INSERT INTO Atletas (id, nome, sexo) VALUES (110925, 'Sin Gwang-Su', 'M');
INSERT INTO Participacao (atleta_id, time_id, olimpiada_id, modalidade_id, idade, altura, peso, medalha) VALUES (110925, 1, 6, 278, 23.0, 175.0, 66.0, null);
INSERT INTO Atletas (id, nome, sexo) VALUES (110926, 'Sin Gwang-Suk', 'F');
INSERT INTO Participacao (atleta_id, time_id, olimpiada_id, modalidade_id, idade, altura, peso, medalha) VALUES (110926, 1, 7, 109, 17.0, 160.0, 56.0, null);
INSERT INTO Atletas (id, nome, sexo) VALUES (110927, 'Sin Hyeon-Ju', 'M');
INSERT INTO Participacao (atleta_id, time_id, olimpiada_id, modalidade_id, idade, altura, peso, medalha) VALUES (110927, 1, 7, 164, 30.0, 171.0, 65.0, null);
INSERT INTO Participacao (atleta_id, time_id, olimpiada_id, modalidade_id, idade, altura, peso, medalha) VALUES (110927, 1, 7, 57, 30.0, 171.0, 65.0, null);
INSERT INTO Atletas (id, nome, sexo) VALUES (110928, 'Sin Ir-Yong', 'M');
INSERT INTO Participacao (atleta_id, time_id, olimpiada_id, modalidade_id, idade, altura, peso, medalha) VALUES (110928, 1, 23, 84, 21.0, 174.0, 68.0, null);
INSERT INTO Participacao (atleta_id, time_id, olimpiada_id, modalidade_id, idade, altura, peso, medalha) VALUES (110928, 1, 18, 84, 25.0, 174.0, 68.0, null);
INSERT INTO Atletas (id, nome, sexo) VALUES (110929, 'Sin Jeong-Ja', 'F');
INSERT INTO Participacao (atleta_id, time_id, olimpiada_id, modalidade_id, idade, altura, peso, medalha) VALUES (110929, 1, 16, 33, 27.0, 184.0, 78.0, null);
INSERT INTO Atletas (id, nome, sexo) VALUES (110930, 'Sin Jeong-Seop', 'M');
INSERT INTO Participacao (atleta_id, time_id, olimpiada_id, modalidade_id, idade, altura, peso, medalha) VALUES (110930, 1, 14, 72, 22.0, null, null, null);
INSERT INTO Atletas (id, nome, sexo) VALUES (110931, 'Sin Jin-Sik', 'M');
INSERT INTO Participacao (atleta_id, time_id, olimpiada_id, modalidade_id, idade, altura, peso, medalha) VALUES (110931, 1, 14, 72, 21.0, 188.0, 80.0, null);
INSERT INTO Participacao (atleta_id, time_id, olimpiada_id, modalidade_id, idade, altura, peso, medalha) VALUES (110931, 1, 23, 72, 25.0, 188.0, 80.0, null);
INSERT INTO Atletas (id, nome, sexo) VALUES (110932, 'Sin Jong-Hun', 'M');
INSERT INTO Participacao (atleta_id, time_id, olimpiada_id, modalidade_id, idade, altura, peso, medalha) VALUES (110932, 1, 24, 234, 23.0, 168.0, 49.0, null);
INSERT INTO Atletas (id, nome, sexo) VALUES (110933, 'Sin Jun-Seop', 'M');
INSERT INTO Participacao (atleta_id, time_id, olimpiada_id, modalidade_id, idade, altura, peso, medalha) VALUES (110933, 1, 5, 211, 21.0, 183.0, 78.0, 'Gold');
INSERT INTO Atletas (id, nome, sexo) VALUES (110934, 'Sin Jun-Sik', 'M');
INSERT INTO Participacao (atleta_id, time_id, olimpiada_id, modalidade_id, idade, altura, peso, medalha) VALUES (110934, 1, 23, 344, 20.0, 173.0, 67.0, 'Silver');
INSERT INTO Atletas (id, nome, sexo) VALUES (110935, 'Sin Mi-Gyeong', 'F');
INSERT INTO Participacao (atleta_id, time_id, olimpiada_id, modalidade_id, idade, altura, peso, medalha) VALUES (110935, 1, 23, 21, 23.0, 174.0, 69.0, null);
INSERT INTO Atletas (id, nome, sexo) VALUES (110939, 'Sin Sang-Gyu', 'M');
INSERT INTO Participacao (atleta_id, time_id, olimpiada_id, modalidade_id, idade, altura, peso, medalha) VALUES (110939, 1, 12, 138, 24.0, null, null, null);
INSERT INTO Atletas (id, nome, sexo) VALUES (110940, 'Sin Sang-Sik', 'M');
INSERT INTO Participacao (atleta_id, time_id, olimpiada_id, modalidade_id, idade, altura, peso, medalha) VALUES (110940, 1, 7, 68, 22.0, 158.0, 52.0, null);
INSERT INTO Participacao (atleta_id, time_id, olimpiada_id, modalidade_id, idade, altura, peso, medalha) VALUES (110940, 1, 10, 68, 27.0, 158.0, 52.0, null);
INSERT INTO Atletas (id, nome, sexo) VALUES (110941, 'Sin Seok-Gyo', 'M');
INSERT INTO Participacao (atleta_id, time_id, olimpiada_id, modalidade_id, idade, altura, peso, medalha) VALUES (110941, 1, 14, 89, 24.0, null, null, null);
INSERT INTO Atletas (id, nome, sexo) VALUES (110942, 'Sin Seok-Gyun', 'M');
INSERT INTO Participacao (atleta_id, time_id, olimpiada_id, modalidade_id, idade, altura, peso, medalha) VALUES (110942, 1, 6, 89, 22.0, 179.0, 69.0, null);
INSERT INTO Atletas (id, nome, sexo) VALUES (110943, 'Sin Seon-Ho', 'M');
INSERT INTO Participacao (atleta_id, time_id, olimpiada_id, modalidade_id, idade, altura, peso, medalha) VALUES (110943, 1, 23, 72, 22.0, 174.0, 69.0, null);
INSERT INTO Atletas (id, nome, sexo) VALUES (110944, 'Sin Seong-Ja', 'F');
INSERT INTO Participacao (atleta_id, time_id, olimpiada_id, modalidade_id, idade, altura, peso, medalha) VALUES (110944, 1, 6, 109, 19.0, 162.0, 58.0, null);
INSERT INTO Participacao (atleta_id, time_id, olimpiada_id, modalidade_id, idade, altura, peso, medalha) VALUES (110944, 1, 6, 249, 19.0, 162.0, 58.0, null);
INSERT INTO Participacao (atleta_id, time_id, olimpiada_id, modalidade_id, idade, altura, peso, medalha) VALUES (110944, 1, 12, 109, 23.0, 162.0, 58.0, null);
INSERT INTO Participacao (atleta_id, time_id, olimpiada_id, modalidade_id, idade, altura, peso, medalha) VALUES (110944, 1, 12, 249, 23.0, 162.0, 58.0, null);
INSERT INTO Atletas (id, nome, sexo) VALUES (110946, 'Sin Su-Ji', 'F');
INSERT INTO Participacao (atleta_id, time_id, olimpiada_id, modalidade_id, idade, altura, peso, medalha) VALUES (110946, 1, 16, 237, 17.0, 162.0, 38.0, null);
INSERT INTO Atletas (id, nome, sexo) VALUES (110947, 'Sin Su-Jong', 'M');
INSERT INTO Participacao (atleta_id, time_id, olimpiada_id, modalidade_id, idade, altura, peso, medalha) VALUES (110947, 1, 16, 127, 20.0, 186.0, 71.0, null);
INSERT INTO Atletas (id, nome, sexo) VALUES (110948, 'Sin Su-Yeong', 'M');
INSERT INTO Participacao (atleta_id, time_id, olimpiada_id, modalidade_id, idade, altura, peso, medalha) VALUES (110948, 1, 14, 115, 25.0, 168.0, 57.0, null);
INSERT INTO Atletas (id, nome, sexo) VALUES (110949, 'Sin Tae-Yong', 'M');
INSERT INTO Participacao (atleta_id, time_id, olimpiada_id, modalidade_id, idade, altura, peso, medalha) VALUES (110949, 1, 12, 56, 21.0, null, null, null);
INSERT INTO Atletas (id, nome, sexo) VALUES (110950, 'Sin Yeong-Cheol', 'M');
INSERT INTO Participacao (atleta_id, time_id, olimpiada_id, modalidade_id, idade, altura, peso, medalha) VALUES (110950, 1, 12, 72, 28.0, null, null, null);
INSERT INTO Participacao (atleta_id, time_id, olimpiada_id, modalidade_id, idade, altura, peso, medalha) VALUES (110950, 1, 14, 72, 32.0, null, null, null);
INSERT INTO Atletas (id, nome, sexo) VALUES (110951, 'Sin Yeong-Eun', 'F');
INSERT INTO Participacao (atleta_id, time_id, olimpiada_id, modalidade_id, idade, altura, peso, medalha) VALUES (110951, 1, 16, 332, 20.0, 178.0, 68.0, null);
INSERT INTO Atletas (id, nome, sexo) VALUES (110952, 'Sin Yeong-Seok', 'M');
INSERT INTO Participacao (atleta_id, time_id, olimpiada_id, modalidade_id, idade, altura, peso, medalha) VALUES (110952, 1, 6, 28, 23.0, 178.0, 75.0, 'Silver');
INSERT INTO Atletas (id, nome, sexo) VALUES (113064, 'Son Bong-Gak', 'M');
INSERT INTO Participacao (atleta_id, time_id, olimpiada_id, modalidade_id, idade, altura, peso, medalha) VALUES (113064, 1, 18, 16, 30.0, 170.0, 60.0, null);
INSERT INTO Participacao (atleta_id, time_id, olimpiada_id, modalidade_id, idade, altura, peso, medalha) VALUES (113064, 1, 18, 17, 30.0, 170.0, 60.0, null);
INSERT INTO Atletas (id, nome, sexo) VALUES (113066, 'Son Gap-Do', 'M');
INSERT INTO Participacao (atleta_id, time_id, olimpiada_id, modalidade_id, idade, altura, peso, medalha) VALUES (113066, 1, 5, 280, 24.0, 160.0, 48.0, 'Bronze');
INSERT INTO Atletas (id, nome, sexo) VALUES (113068, 'Son Heung-Min', 'M');
INSERT INTO Participacao (atleta_id, time_id, olimpiada_id, modalidade_id, idade, altura, peso, medalha) VALUES (113068, 1, 4, 56, 24.0, 183.0, 67.0, null);
INSERT INTO Atletas (id, nome, sexo) VALUES (113069, 'Son Hui-Jeong', 'F');
INSERT INTO Participacao (atleta_id, time_id, olimpiada_id, modalidade_id, idade, altura, peso, medalha) VALUES (113069, 1, 16, 123, 21.0, 165.0, 55.0, null);
INSERT INTO Atletas (id, nome, sexo) VALUES (113071, 'Son Hyeon-Mi', 'F');
INSERT INTO Participacao (atleta_id, time_id, olimpiada_id, modalidade_id, idade, altura, peso, medalha) VALUES (113071, 1, 14, 152, 23.0, null, null, null);
INSERT INTO Atletas (id, nome, sexo) VALUES (113072, 'Son Je-Yong', 'M');
INSERT INTO Participacao (atleta_id, time_id, olimpiada_id, modalidade_id, idade, altura, peso, medalha) VALUES (113072, 1, 4, 250, 22.0, 177.0, 70.0, null);
INSERT INTO Atletas (id, nome, sexo) VALUES (113073, 'Son Jeong-Im', 'F');
INSERT INTO Participacao (atleta_id, time_id, olimpiada_id, modalidade_id, idade, altura, peso, medalha) VALUES (113073, 1, 12, 21, 23.0, null, null, null);
INSERT INTO Atletas (id, nome, sexo) VALUES (113075, 'Son Ju-Il', 'M');
INSERT INTO Modalidades (nome, esporte_id) VALUES ('Athletics Men''s 400 metres', 18);
INSERT INTO Participacao (atleta_id, time_id, olimpiada_id, modalidade_id, idade, altura, peso, medalha) VALUES (113075, 1, 14, 366, 26.0, 175.0, 69.0, null);
INSERT INTO Atletas (id, nome, sexo) VALUES (113078, 'Son Mi-Na', 'F');
INSERT INTO Participacao (atleta_id, time_id, olimpiada_id, modalidade_id, idade, altura, peso, medalha) VALUES (113078, 1, 5, 26, 19.0, 166.0, 60.0, 'Silver');
INSERT INTO Participacao (atleta_id, time_id, olimpiada_id, modalidade_id, idade, altura, peso, medalha) VALUES (113078, 1, 6, 26, 23.0, 166.0, 60.0, 'Gold');
INSERT INTO Atletas (id, nome, sexo) VALUES (113079, 'Son Min-Han', 'M');
INSERT INTO Participacao (atleta_id, time_id, olimpiada_id, modalidade_id, idade, altura, peso, medalha) VALUES (113079, 1, 14, 20, 21.0, 179.0, 85.0, null);
INSERT INTO Participacao (atleta_id, time_id, olimpiada_id, modalidade_id, idade, altura, peso, medalha) VALUES (113079, 1, 23, 20, 25.0, 179.0, 85.0, 'Bronze');
INSERT INTO Atletas (id, nome, sexo) VALUES (113080, 'Son Myeong-Jun', 'M');
INSERT INTO Participacao (atleta_id, time_id, olimpiada_id, modalidade_id, idade, altura, peso, medalha) VALUES (113080, 1, 4, 67, 22.0, 181.0, 62.0, null);
INSERT INTO Atletas (id, nome, sexo) VALUES (113081, 'Son Sang-Pil', 'M');
INSERT INTO Participacao (atleta_id, time_id, olimpiada_id, modalidade_id, idade, altura, peso, medalha) VALUES (113081, 1, 23, 311, 27.0, 167.0, 69.0, null);
INSERT INTO Atletas (id, nome, sexo) VALUES (113082, 'Son Seong-Cheol', 'M');
INSERT INTO Participacao (atleta_id, time_id, olimpiada_id, modalidade_id, idade, altura, peso, medalha) VALUES (113082, 1, 16, 203, 21.0, 170.0, 63.0, null);
INSERT INTO Atletas (id, nome, sexo) VALUES (113083, 'Son Seung-Mo', 'M');
INSERT INTO Participacao (atleta_id, time_id, olimpiada_id, modalidade_id, idade, altura, peso, medalha) VALUES (113083, 1, 23, 245, 20.0, 182.0, 79.0, null);
INSERT INTO Participacao (atleta_id, time_id, olimpiada_id, modalidade_id, idade, altura, peso, medalha) VALUES (113083, 1, 18, 245, 24.0, 182.0, 79.0, 'Silver');
INSERT INTO Atletas (id, nome, sexo) VALUES (113084, 'Son Tae-Jin', 'M');
INSERT INTO Participacao (atleta_id, time_id, olimpiada_id, modalidade_id, idade, altura, peso, medalha) VALUES (113084, 1, 16, 344, 20.0, 176.0, 68.0, 'Gold');
INSERT INTO Atletas (id, nome, sexo) VALUES (113086, 'Son Wan-Ho', 'M');
INSERT INTO Participacao (atleta_id, time_id, olimpiada_id, modalidade_id, idade, altura, peso, medalha) VALUES (113086, 1, 24, 245, 24.0, 176.0, 70.0, null);
INSERT INTO Participacao (atleta_id, time_id, olimpiada_id, modalidade_id, idade, altura, peso, medalha) VALUES (113086, 1, 4, 245, 28.0, 176.0, 70.0, null);
INSERT INTO Atletas (id, nome, sexo) VALUES (113087, 'Son Yak-Seon', 'F');
INSERT INTO Participacao (atleta_id, time_id, olimpiada_id, modalidade_id, idade, altura, peso, medalha) VALUES (113087, 1, 5, 123, 18.0, 158.0, 52.0, null);
INSERT INTO Atletas (id, nome, sexo) VALUES (113088, 'Son Yeon-Jae', 'F');
INSERT INTO Participacao (atleta_id, time_id, olimpiada_id, modalidade_id, idade, altura, peso, medalha) VALUES (113088, 1, 24, 237, 18.0, 165.0, 45.0, null);
INSERT INTO Participacao (atleta_id, time_id, olimpiada_id, modalidade_id, idade, altura, peso, medalha) VALUES (113088, 1, 4, 237, 22.0, 165.0, 45.0, null);
INSERT INTO Atletas (id, nome, sexo) VALUES (113089, 'Son Yeong-Wan', 'M');
INSERT INTO Participacao (atleta_id, time_id, olimpiada_id, modalidade_id, idade, altura, peso, medalha) VALUES (113089, 1, 7, 72, 30.0, 191.0, 74.0, null);
INSERT INTO Atletas (id, nome, sexo) VALUES (113090, 'Son Young-Hee', 'F');
INSERT INTO Participacao (atleta_id, time_id, olimpiada_id, modalidade_id, idade, altura, peso, medalha) VALUES (113090, 1, 4, 263, 23.0, 173.0, 112.0, null);
INSERT INTO Atletas (id, nome, sexo) VALUES (113109, 'Song Dae-Nam', 'M');
INSERT INTO Participacao (atleta_id, time_id, olimpiada_id, modalidade_id, idade, altura, peso, medalha) VALUES (113109, 1, 24, 147, 33.0, 178.0, 85.0, 'Gold');
INSERT INTO Atletas (id, nome, sexo) VALUES (113111, 'Song Dong-Hyeon', 'M');
INSERT INTO Participacao (atleta_id, time_id, olimpiada_id, modalidade_id, idade, altura, peso, medalha) VALUES (113111, 1, 23, 163, 18.0, 178.0, 90.0, null);
INSERT INTO Atletas (id, nome, sexo) VALUES (113112, 'Song Dong-Uk', 'M');
INSERT INTO Participacao (atleta_id, time_id, olimpiada_id, modalidade_id, idade, altura, peso, medalha) VALUES (113112, 1, 6, 264, 26.0, 177.0, 72.0, null);
INSERT INTO Atletas (id, nome, sexo) VALUES (113114, 'Song Gwang-Seon', 'M');
INSERT INTO Participacao (atleta_id, time_id, olimpiada_id, modalidade_id, idade, altura, peso, medalha) VALUES (113114, 1, 6, 321, 18.0, 177.0, 71.0, null);
INSERT INTO Participacao (atleta_id, time_id, olimpiada_id, modalidade_id, idade, altura, peso, medalha) VALUES (113114, 1, 6, 193, 18.0, 177.0, 71.0, null);
INSERT INTO Participacao (atleta_id, time_id, olimpiada_id, modalidade_id, idade, altura, peso, medalha) VALUES (113114, 1, 6, 206, 18.0, 177.0, 71.0, null);
INSERT INTO Participacao (atleta_id, time_id, olimpiada_id, modalidade_id, idade, altura, peso, medalha) VALUES (113114, 1, 6, 195, 18.0, 177.0, 71.0, null);
INSERT INTO Atletas (id, nome, sexo) VALUES (113115, 'Song Gyeong-Seop', 'M');
INSERT INTO Participacao (atleta_id, time_id, olimpiada_id, modalidade_id, idade, altura, peso, medalha) VALUES (113115, 1, 6, 43, 25.0, 172.0, 67.0, null);
INSERT INTO Atletas (id, nome, sexo) VALUES (113116, 'Song Gyo-Sik', 'M');
INSERT INTO Participacao (atleta_id, time_id, olimpiada_id, modalidade_id, idade, altura, peso, medalha) VALUES (113116, 1, 9, 190, null, null, null, null);
INSERT INTO Atletas (id, nome, sexo) VALUES (113117, 'Song Hai-Rim', 'F');
INSERT INTO Participacao (atleta_id, time_id, olimpiada_id, modalidade_id, idade, altura, peso, medalha) VALUES (113117, 1, 16, 26, 23.0, 167.0, 67.0, 'Bronze');
INSERT INTO Participacao (atleta_id, time_id, olimpiada_id, modalidade_id, idade, altura, peso, medalha) VALUES (113117, 1, 4, 26, 31.0, 167.0, 67.0, null);
INSERT INTO Atletas (id, nome, sexo) VALUES (113118, 'Song Hak-Seong', 'M');
INSERT INTO Participacao (atleta_id, time_id, olimpiada_id, modalidade_id, idade, altura, peso, medalha) VALUES (113118, 1, 18, 124, 25.0, 188.0, 81.0, null);
INSERT INTO Atletas (id, nome, sexo) VALUES (113121, 'Song In-Jun', 'M');
INSERT INTO Participacao (atleta_id, time_id, olimpiada_id, modalidade_id, idade, altura, peso, medalha) VALUES (113121, 1, 23, 15, 22.0, 183.0, 71.0, null);
INSERT INTO Atletas (id, nome, sexo) VALUES (113122, 'Song Jae-Geun', 'M');
INSERT INTO Participacao (atleta_id, time_id, olimpiada_id, modalidade_id, idade, altura, peso, medalha) VALUES (113122, 1, 1, 38, 17.0, null, null, null);
INSERT INTO Participacao (atleta_id, time_id, olimpiada_id, modalidade_id, idade, altura, peso, medalha) VALUES (113122, 1, 1, 41, 17.0, null, null, 'Gold');
INSERT INTO Atletas (id, nome, sexo) VALUES (113123, 'Song Jae-Ung', 'M');
INSERT INTO Participacao (atleta_id, time_id, olimpiada_id, modalidade_id, idade, altura, peso, medalha) VALUES (113123, 1, 7, 203, 19.0, 170.0, 68.0, null);
INSERT INTO Participacao (atleta_id, time_id, olimpiada_id, modalidade_id, idade, altura, peso, medalha) VALUES (113123, 1, 7, 202, 19.0, 170.0, 68.0, null);
INSERT INTO Participacao (atleta_id, time_id, olimpiada_id, modalidade_id, idade, altura, peso, medalha) VALUES (113123, 1, 10, 203, 23.0, 170.0, 68.0, null);
INSERT INTO Participacao (atleta_id, time_id, olimpiada_id, modalidade_id, idade, altura, peso, medalha) VALUES (113123, 1, 10, 202, 23.0, 170.0, 68.0, null);
INSERT INTO Atletas (id, nome, sexo) VALUES (113125, 'Song Ji-Hyeon', 'F');
INSERT INTO Participacao (atleta_id, time_id, olimpiada_id, modalidade_id, idade, altura, peso, medalha) VALUES (113125, 1, 6, 26, 19.0, 180.0, 72.0, 'Gold');
INSERT INTO Atletas (id, nome, sexo) VALUES (113126, 'Song Ji-Yeong', 'F');
INSERT INTO Participacao (atleta_id, time_id, olimpiada_id, modalidade_id, idade, altura, peso, medalha) VALUES (113126, 1, 23, 35, 17.0, 164.0, 57.0, null);
INSERT INTO Participacao (atleta_id, time_id, olimpiada_id, modalidade_id, idade, altura, peso, medalha) VALUES (113126, 1, 23, 36, 17.0, 164.0, 57.0, null);
INSERT INTO Atletas (id, nome, sexo) VALUES (113127, 'Song Jin-U', 'M');
INSERT INTO Participacao (atleta_id, time_id, olimpiada_id, modalidade_id, idade, altura, peso, medalha) VALUES (113127, 1, 23, 20, 34.0, 180.0, 75.0, 'Bronze');
INSERT INTO Atletas (id, nome, sexo) VALUES (113129, 'Song Jong-Guk', 'M');
INSERT INTO Participacao (atleta_id, time_id, olimpiada_id, modalidade_id, idade, altura, peso, medalha) VALUES (113129, 1, 23, 56, 21.0, 175.0, 71.0, null);
INSERT INTO Atletas (id, nome, sexo) VALUES (113130, 'Song Jong-Sik', 'M');
INSERT INTO Participacao (atleta_id, time_id, olimpiada_id, modalidade_id, idade, altura, peso, medalha) VALUES (113130, 1, 18, 347, 28.0, 170.0, 77.0, null);
INSERT INTO Atletas (id, nome, sexo) VALUES (113136, 'Song Myeong-Seop', 'M');
INSERT INTO Participacao (atleta_id, time_id, olimpiada_id, modalidade_id, idade, altura, peso, medalha) VALUES (113136, 1, 18, 344, 20.0, 177.0, 68.0, 'Bronze');
INSERT INTO Atletas (id, nome, sexo) VALUES (113141, 'Song Seog-U', 'M');
INSERT INTO Participacao (atleta_id, time_id, olimpiada_id, modalidade_id, idade, altura, peso, medalha) VALUES (113141, 1, 20, 41, 22.0, 173.0, 67.0, 'Gold');
INSERT INTO Atletas (id, nome, sexo) VALUES (113142, 'Song Seok-Chan', 'M');
INSERT INTO Participacao (atleta_id, time_id, olimpiada_id, modalidade_id, idade, altura, peso, medalha) VALUES (113142, 1, 6, 89, 23.0, 178.0, 78.0, null);
INSERT INTO Atletas (id, nome, sexo) VALUES (113143, 'Song Seong-Il', 'M');
INSERT INTO Participacao (atleta_id, time_id, olimpiada_id, modalidade_id, idade, altura, peso, medalha) VALUES (113143, 1, 12, 229, 22.0, 197.0, 100.0, null);
INSERT INTO Atletas (id, nome, sexo) VALUES (113144, 'Song Seong-Tae', 'M');
INSERT INTO Participacao (atleta_id, time_id, olimpiada_id, modalidade_id, idade, altura, peso, medalha) VALUES (113144, 1, 14, 89, 24.0, 177.0, 73.0, null);
INSERT INTO Participacao (atleta_id, time_id, olimpiada_id, modalidade_id, idade, altura, peso, medalha) VALUES (113144, 1, 23, 89, 28.0, 177.0, 73.0, 'Silver');
INSERT INTO Participacao (atleta_id, time_id, olimpiada_id, modalidade_id, idade, altura, peso, medalha) VALUES (113144, 1, 18, 89, 32.0, 177.0, 73.0, null);
INSERT INTO Atletas (id, nome, sexo) VALUES (113145, 'Song Seung-Ho', 'M');
INSERT INTO Participacao (atleta_id, time_id, olimpiada_id, modalidade_id, idade, altura, peso, medalha) VALUES (113145, 1, 6, 150, 22.0, 183.0, 85.0, null);
INSERT INTO Atletas (id, nome, sexo) VALUES (113146, 'Song Seung-Jun', 'M');
INSERT INTO Participacao (atleta_id, time_id, olimpiada_id, modalidade_id, idade, altura, peso, medalha) VALUES (113146, 1, 16, 20, 28.0, 183.0, 105.0, 'Gold');
INSERT INTO Atletas (id, nome, sexo) VALUES (113150, 'Song Sun-Cheon', 'M');
INSERT INTO Participacao (atleta_id, time_id, olimpiada_id, modalidade_id, idade, altura, peso, medalha) VALUES (113150, 1, 9, 55, 22.0, 163.0, 57.0, 'Silver');
INSERT INTO Participacao (atleta_id, time_id, olimpiada_id, modalidade_id, idade, altura, peso, medalha) VALUES (113150, 1, 15, 115, 26.0, 163.0, 57.0, null);
INSERT INTO Atletas (id, nome, sexo) VALUES (113158, 'Song Yang-Ja', 'F');
INSERT INTO Participacao (atleta_id, time_id, olimpiada_id, modalidade_id, idade, altura, peso, medalha) VALUES (113158, 1, 7, 356, 20.0, 161.0, 57.0, null);
INSERT INTO Participacao (atleta_id, time_id, olimpiada_id, modalidade_id, idade, altura, peso, medalha) VALUES (113158, 1, 7, 358, 20.0, 161.0, 57.0, null);
INSERT INTO Participacao (atleta_id, time_id, olimpiada_id, modalidade_id, idade, altura, peso, medalha) VALUES (113158, 1, 7, 223, 20.0, 161.0, 57.0, null);
INSERT INTO Atletas (id, nome, sexo) VALUES (113162, 'Song Yu-Jin', 'M');
INSERT INTO Participacao (atleta_id, time_id, olimpiada_id, modalidade_id, idade, altura, peso, medalha) VALUES (113162, 1, 6, 90, 21.0, 165.0, 66.0, null);
INSERT INTO Participacao (atleta_id, time_id, olimpiada_id, modalidade_id, idade, altura, peso, medalha) VALUES (113162, 1, 6, 92, 21.0, 165.0, 66.0, null);
INSERT INTO Participacao (atleta_id, time_id, olimpiada_id, modalidade_id, idade, altura, peso, medalha) VALUES (113162, 1, 6, 93, 21.0, 165.0, 66.0, null);
INSERT INTO Participacao (atleta_id, time_id, olimpiada_id, modalidade_id, idade, altura, peso, medalha) VALUES (113162, 1, 6, 94, 21.0, 165.0, 66.0, null);
INSERT INTO Participacao (atleta_id, time_id, olimpiada_id, modalidade_id, idade, altura, peso, medalha) VALUES (113162, 1, 6, 95, 21.0, 165.0, 66.0, null);
INSERT INTO Participacao (atleta_id, time_id, olimpiada_id, modalidade_id, idade, altura, peso, medalha) VALUES (113162, 1, 6, 96, 21.0, 165.0, 66.0, null);
INSERT INTO Participacao (atleta_id, time_id, olimpiada_id, modalidade_id, idade, altura, peso, medalha) VALUES (113162, 1, 6, 97, 21.0, 165.0, 66.0, null);
INSERT INTO Atletas (id, nome, sexo) VALUES (116246, 'Suh Hyo-Won', 'F');
INSERT INTO Participacao (atleta_id, time_id, olimpiada_id, modalidade_id, idade, altura, peso, medalha) VALUES (116246, 1, 4, 166, 29.0, 159.0, 54.0, null);
INSERT INTO Participacao (atleta_id, time_id, olimpiada_id, modalidade_id, idade, altura, peso, medalha) VALUES (116246, 1, 4, 167, 29.0, 159.0, 54.0, null);
INSERT INTO Atletas (id, nome, sexo) VALUES (116282, 'Suk Hyun-Jun', 'M');
INSERT INTO Participacao (atleta_id, time_id, olimpiada_id, modalidade_id, idade, altura, peso, medalha) VALUES (116282, 1, 4, 56, 25.0, 190.0, 82.0, null);
INSERT INTO Atletas (id, nome, sexo) VALUES (116483, 'Sun Mi-Sook', 'F');
INSERT INTO Participacao (atleta_id, time_id, olimpiada_id, modalidade_id, idade, altura, peso, medalha) VALUES (116483, 1, 6, 18, 20.0, 178.0, 65.0, null);
INSERT INTO Atletas (id, nome, sexo) VALUES (117875, 'Tak Jeong-Im', 'F');
INSERT INTO Participacao (atleta_id, time_id, olimpiada_id, modalidade_id, idade, altura, peso, medalha) VALUES (117875, 1, 6, 109, 21.0, 170.0, 64.0, null);
INSERT INTO Participacao (atleta_id, time_id, olimpiada_id, modalidade_id, idade, altura, peso, medalha) VALUES (117875, 1, 6, 249, 21.0, 170.0, 64.0, null);
INSERT INTO Atletas (id, nome, sexo) VALUES (123019, 'U Cheol', 'M');
INSERT INTO Participacao (atleta_id, time_id, olimpiada_id, modalidade_id, idade, altura, peso, medalha) VALUES (123019, 1, 14, 75, 18.0, 171.0, 66.0, null);
INSERT INTO Participacao (atleta_id, time_id, olimpiada_id, modalidade_id, idade, altura, peso, medalha) VALUES (123019, 1, 14, 195, 18.0, 171.0, 66.0, null);
INSERT INTO Participacao (atleta_id, time_id, olimpiada_id, modalidade_id, idade, altura, peso, medalha) VALUES (123019, 1, 23, 194, 22.0, 171.0, 66.0, null);
INSERT INTO Participacao (atleta_id, time_id, olimpiada_id, modalidade_id, idade, altura, peso, medalha) VALUES (123019, 1, 23, 75, 22.0, 171.0, 66.0, null);
INSERT INTO Atletas (id, nome, sexo) VALUES (123020, 'U Geun-Gyeong', 'F');
INSERT INTO Participacao (atleta_id, time_id, olimpiada_id, modalidade_id, idade, altura, peso, medalha) VALUES (123020, 1, 6, 33, 26.0, 177.0, 67.0, null);
INSERT INTO Atletas (id, nome, sexo) VALUES (123022, 'U Hyeon-Jeong', 'F');
INSERT INTO Participacao (atleta_id, time_id, olimpiada_id, modalidade_id, idade, altura, peso, medalha) VALUES (123022, 1, 14, 21, 19.0, null, null, 'Silver');
INSERT INTO Atletas (id, nome, sexo) VALUES (123023, 'U Jeong-Hwan', 'M');
INSERT INTO Participacao (atleta_id, time_id, olimpiada_id, modalidade_id, idade, altura, peso, medalha) VALUES (123023, 1, 8, 56, 27.0, null, null, null);
INSERT INTO Atletas (id, nome, sexo) VALUES (123024, 'U Jung-Ho', 'M');
INSERT INTO Participacao (atleta_id, time_id, olimpiada_id, modalidade_id, idade, altura, peso, medalha) VALUES (123024, 1, 18, 16, 33.0, 168.0, 58.0, null);
INSERT INTO Participacao (atleta_id, time_id, olimpiada_id, modalidade_id, idade, altura, peso, medalha) VALUES (123024, 1, 18, 17, 33.0, 168.0, 58.0, null);
INSERT INTO Atletas (id, nome, sexo) VALUES (123025, 'U Sang-Gwon', 'M');
INSERT INTO Participacao (atleta_id, time_id, olimpiada_id, modalidade_id, idade, altura, peso, medalha) VALUES (123025, 1, 7, 56, 34.0, 159.0, 58.0, null);
INSERT INTO Atletas (id, nome, sexo) VALUES (123026, 'U Yang-Ja', 'F');
INSERT INTO Participacao (atleta_id, time_id, olimpiada_id, modalidade_id, idade, altura, peso, medalha) VALUES (123026, 1, 6, 358, 17.0, 161.0, 50.0, null);
INSERT INTO Participacao (atleta_id, time_id, olimpiada_id, modalidade_id, idade, altura, peso, medalha) VALUES (123026, 1, 6, 223, 17.0, 161.0, 50.0, null);
INSERT INTO Atletas (id, nome, sexo) VALUES (128446, 'Wang Gi-Chun', 'M');
INSERT INTO Participacao (atleta_id, time_id, olimpiada_id, modalidade_id, idade, altura, peso, medalha) VALUES (128446, 1, 16, 6, 19.0, 171.0, 73.0, 'Silver');
INSERT INTO Participacao (atleta_id, time_id, olimpiada_id, modalidade_id, idade, altura, peso, medalha) VALUES (128446, 1, 24, 6, 23.0, 171.0, 73.0, null);
INSERT INTO Atletas (id, nome, sexo) VALUES (128469, 'Wang Hui-Gyeong', 'F');
INSERT INTO Participacao (atleta_id, time_id, olimpiada_id, modalidade_id, idade, altura, peso, medalha) VALUES (128469, 1, 6, 98, 18.0, 166.0, 64.0, 'Silver');
INSERT INTO Participacao (atleta_id, time_id, olimpiada_id, modalidade_id, idade, altura, peso, medalha) VALUES (128469, 1, 6, 99, 18.0, 166.0, 64.0, 'Gold');
INSERT INTO Atletas (id, nome, sexo) VALUES (128475, 'Wang Jeung-Hun', 'M');
INSERT INTO Participacao (atleta_id, time_id, olimpiada_id, modalidade_id, idade, altura, peso, medalha) VALUES (128475, 1, 4, 9, 20.0, 180.0, 72.0, null);
INSERT INTO Atletas (id, nome, sexo) VALUES (128568, 'Wang Su-Jin', 'F');
INSERT INTO Participacao (atleta_id, time_id, olimpiada_id, modalidade_id, idade, altura, peso, medalha) VALUES (128568, 1, 23, 33, 27.0, 175.0, 65.0, null);
INSERT INTO Atletas (id, nome, sexo) VALUES (130117, 'Wi Gyeong-Yong', 'M');
INSERT INTO Participacao (atleta_id, time_id, olimpiada_id, modalidade_id, idade, altura, peso, medalha) VALUES (130117, 1, 7, 10, 24.0, 168.0, 63.0, null);
INSERT INTO Atletas (id, nome, sexo) VALUES (130118, 'Wi Jae-Wook', 'M');
INSERT INTO Participacao (atleta_id, time_id, olimpiada_id, modalidade_id, idade, altura, peso, medalha) VALUES (130118, 1, 1, 1, 18.0, null, null, null);
INSERT INTO Participacao (atleta_id, time_id, olimpiada_id, modalidade_id, idade, altura, peso, medalha) VALUES (130118, 1, 1, 2, 18.0, null, null, null);
INSERT INTO Participacao (atleta_id, time_id, olimpiada_id, modalidade_id, idade, altura, peso, medalha) VALUES (130118, 1, 1, 3, 18.0, null, null, null);
INSERT INTO Participacao (atleta_id, time_id, olimpiada_id, modalidade_id, idade, altura, peso, medalha) VALUES (130118, 1, 1, 4, 18.0, null, null, null);
INSERT INTO Atletas (id, nome, sexo) VALUES (131399, 'Won Chang-Yong', 'M');
INSERT INTO Participacao (atleta_id, time_id, olimpiada_id, modalidade_id, idade, altura, peso, medalha) VALUES (131399, 1, 12, 37, 19.0, null, null, null);
INSERT INTO Atletas (id, nome, sexo) VALUES (131400, 'Won Gyeong-Suk', 'F');
INSERT INTO Participacao (atleta_id, time_id, olimpiada_id, modalidade_id, idade, altura, peso, medalha) VALUES (131400, 1, 14, 187, 20.0, null, null, null);
INSERT INTO Atletas (id, nome, sexo) VALUES (131401, 'Won Hye-Gyeong', 'F');
INSERT INTO Participacao (atleta_id, time_id, olimpiada_id, modalidade_id, idade, altura, peso, medalha) VALUES (131401, 1, 2, 120, 14.0, null, null, null);
INSERT INTO Participacao (atleta_id, time_id, olimpiada_id, modalidade_id, idade, altura, peso, medalha) VALUES (131401, 1, 2, 121, 14.0, null, null, null);
INSERT INTO Participacao (atleta_id, time_id, olimpiada_id, modalidade_id, idade, altura, peso, medalha) VALUES (131401, 1, 2, 30, 14.0, null, null, 'Gold');
INSERT INTO Participacao (atleta_id, time_id, olimpiada_id, modalidade_id, idade, altura, peso, medalha) VALUES (131401, 1, 3, 121, 18.0, null, null, 'Bronze');
INSERT INTO Participacao (atleta_id, time_id, olimpiada_id, modalidade_id, idade, altura, peso, medalha) VALUES (131401, 1, 3, 30, 18.0, null, null, 'Gold');
INSERT INTO Atletas (id, nome, sexo) VALUES (131402, 'Won Jeong-Sik', 'M');
INSERT INTO Participacao (atleta_id, time_id, olimpiada_id, modalidade_id, idade, altura, peso, medalha) VALUES (131402, 1, 24, 288, 21.0, 163.0, 72.0, null);
INSERT INTO Participacao (atleta_id, time_id, olimpiada_id, modalidade_id, idade, altura, peso, medalha) VALUES (131402, 1, 4, 288, 25.0, 163.0, 72.0, null);
INSERT INTO Atletas (id, nome, sexo) VALUES (131404, 'Won Sin-Hui', 'M');
INSERT INTO Participacao (atleta_id, time_id, olimpiada_id, modalidade_id, idade, altura, peso, medalha) VALUES (131404, 1, 10, 288, 22.0, 162.0, 68.0, null);
INSERT INTO Participacao (atleta_id, time_id, olimpiada_id, modalidade_id, idade, altura, peso, medalha) VALUES (131404, 1, 11, 288, 26.0, 162.0, 68.0, null);
INSERT INTO Atletas (id, nome, sexo) VALUES (131405, 'Won Wu-Yeong', 'M');
INSERT INTO Participacao (atleta_id, time_id, olimpiada_id, modalidade_id, idade, altura, peso, medalha) VALUES (131405, 1, 24, 198, 30.0, 182.0, 76.0, null);
INSERT INTO Participacao (atleta_id, time_id, olimpiada_id, modalidade_id, idade, altura, peso, medalha) VALUES (131405, 1, 24, 199, 30.0, 182.0, 76.0, 'Gold');
INSERT INTO Atletas (id, nome, sexo) VALUES (131406, 'Won Young-Jun', 'M');
INSERT INTO Participacao (atleta_id, time_id, olimpiada_id, modalidade_id, idade, altura, peso, medalha) VALUES (131406, 1, 4, 286, 18.0, 187.0, 83.0, null);
INSERT INTO Atletas (id, nome, sexo) VALUES (131455, 'Woo Ha-Ram', 'M');
INSERT INTO Participacao (atleta_id, time_id, olimpiada_id, modalidade_id, idade, altura, peso, medalha) VALUES (131455, 1, 4, 203, 18.0, 168.0, 58.0, null);
INSERT INTO Participacao (atleta_id, time_id, olimpiada_id, modalidade_id, idade, altura, peso, medalha) VALUES (131455, 1, 4, 202, 18.0, 168.0, 58.0, null);
INSERT INTO Atletas (id, nome, sexo) VALUES (131457, 'Woo Sang-Hyeok', 'M');
INSERT INTO Participacao (atleta_id, time_id, olimpiada_id, modalidade_id, idade, altura, peso, medalha) VALUES (131457, 1, 4, 292, 20.0, 187.0, 70.0, null);
INSERT INTO Atletas (id, nome, sexo) VALUES (131816, 'Wu Seon-Hui', 'F');
INSERT INTO Participacao (atleta_id, time_id, olimpiada_id, modalidade_id, idade, altura, peso, medalha) VALUES (131816, 1, 18, 26, 26.0, 171.0, 58.0, 'Silver');
INSERT INTO Participacao (atleta_id, time_id, olimpiada_id, modalidade_id, idade, altura, peso, medalha) VALUES (131816, 1, 24, 26, 34.0, 171.0, 58.0, null);
INSERT INTO Participacao (atleta_id, time_id, olimpiada_id, modalidade_id, idade, altura, peso, medalha) VALUES (131816, 1, 4, 26, 38.0, 171.0, 58.0, null);
INSERT INTO Atletas (id, nome, sexo) VALUES (132465, 'Hee-Young "Amy" Yang', 'F');
INSERT INTO Participacao (atleta_id, time_id, olimpiada_id, modalidade_id, idade, altura, peso, medalha) VALUES (132465, 1, 4, 165, 27.0, 173.0, 77.0, null);
INSERT INTO Atletas (id, nome, sexo) VALUES (132477, 'Yang Chung-Yeol', 'M');
INSERT INTO Participacao (atleta_id, time_id, olimpiada_id, modalidade_id, idade, altura, peso, medalha) VALUES (132477, 1, 5, 183, 31.0, 170.0, 67.0, null);
INSERT INTO Participacao (atleta_id, time_id, olimpiada_id, modalidade_id, idade, altura, peso, medalha) VALUES (132477, 1, 6, 183, 35.0, 170.0, 67.0, null);
INSERT INTO Atletas (id, nome, sexo) VALUES (132480, 'Yang Dae-Cheol', 'M');
INSERT INTO Participacao (atleta_id, time_id, olimpiada_id, modalidade_id, idade, altura, peso, medalha) VALUES (132480, 1, 14, 73, 18.0, null, null, null);
INSERT INTO Participacao (atleta_id, time_id, olimpiada_id, modalidade_id, idade, altura, peso, medalha) VALUES (132480, 1, 14, 196, 18.0, null, null, null);
INSERT INTO Atletas (id, nome, sexo) VALUES (132481, 'Yang Dal-Sik', 'M');
INSERT INTO Participacao (atleta_id, time_id, olimpiada_id, modalidade_id, idade, altura, peso, medalha) VALUES (132481, 1, 6, 200, 24.0, 178.0, 75.0, null);
INSERT INTO Atletas (id, nome, sexo) VALUES (132484, 'Yang Eun-Hye', 'F');
INSERT INTO Modalidades (nome, esporte_id) VALUES ('Weightlifting Women''s Lightweight', 19);
INSERT INTO Participacao (atleta_id, time_id, olimpiada_id, modalidade_id, idade, altura, peso, medalha) VALUES (132484, 1, 24, 367, 25.0, 163.0, 58.0, null);
INSERT INTO Atletas (id, nome, sexo) VALUES (132488, 'Yang Gam', 'M');
INSERT INTO Participacao (atleta_id, time_id, olimpiada_id, modalidade_id, idade, altura, peso, medalha) VALUES (132488, 1, 6, 75, 15.0, 180.0, 75.0, null);
INSERT INTO Participacao (atleta_id, time_id, olimpiada_id, modalidade_id, idade, altura, peso, medalha) VALUES (132488, 1, 6, 76, 15.0, 180.0, 75.0, null);
INSERT INTO Participacao (atleta_id, time_id, olimpiada_id, modalidade_id, idade, altura, peso, medalha) VALUES (132488, 1, 6, 206, 15.0, 180.0, 75.0, null);
INSERT INTO Participacao (atleta_id, time_id, olimpiada_id, modalidade_id, idade, altura, peso, medalha) VALUES (132488, 1, 6, 195, 15.0, 180.0, 75.0, null);
INSERT INTO Atletas (id, nome, sexo) VALUES (132491, 'Yang Gwang-Jae', 'M');
INSERT INTO Participacao (atleta_id, time_id, olimpiada_id, modalidade_id, idade, altura, peso, medalha) VALUES (132491, 1, 6, 185, 23.0, 185.0, 80.0, null);
INSERT INTO Atletas (id, nome, sexo) VALUES (132492, 'Yang Gyeong-Hui', 'F');
INSERT INTO Participacao (atleta_id, time_id, olimpiada_id, modalidade_id, idade, altura, peso, medalha) VALUES (132492, 1, 6, 222, 17.0, 166.0, 53.0, null);
INSERT INTO Participacao (atleta_id, time_id, olimpiada_id, modalidade_id, idade, altura, peso, medalha) VALUES (132492, 1, 6, 146, 17.0, 166.0, 53.0, null);
INSERT INTO Atletas (id, nome, sexo) VALUES (132493, 'Yang Hae-Un', 'F');
INSERT INTO Participacao (atleta_id, time_id, olimpiada_id, modalidade_id, idade, altura, peso, medalha) VALUES (132493, 1, 4, 167, 22.0, 171.0, 58.0, null);
INSERT INTO Atletas (id, nome, sexo) VALUES (132494, 'Yang Hak-Seon', 'M');
INSERT INTO Participacao (atleta_id, time_id, olimpiada_id, modalidade_id, idade, altura, peso, medalha) VALUES (132494, 1, 24, 91, 19.0, 159.0, 53.0, null);
INSERT INTO Participacao (atleta_id, time_id, olimpiada_id, modalidade_id, idade, altura, peso, medalha) VALUES (132494, 1, 24, 92, 19.0, 159.0, 53.0, null);
INSERT INTO Participacao (atleta_id, time_id, olimpiada_id, modalidade_id, idade, altura, peso, medalha) VALUES (132494, 1, 24, 93, 19.0, 159.0, 53.0, 'Gold');
INSERT INTO Participacao (atleta_id, time_id, olimpiada_id, modalidade_id, idade, altura, peso, medalha) VALUES (132494, 1, 24, 94, 19.0, 159.0, 53.0, null);
INSERT INTO Participacao (atleta_id, time_id, olimpiada_id, modalidade_id, idade, altura, peso, medalha) VALUES (132494, 1, 24, 95, 19.0, 159.0, 53.0, null);
INSERT INTO Participacao (atleta_id, time_id, olimpiada_id, modalidade_id, idade, altura, peso, medalha) VALUES (132494, 1, 24, 96, 19.0, 159.0, 53.0, null);
INSERT INTO Atletas (id, nome, sexo) VALUES (132501, 'Yang Hui-Cheon', 'M');
INSERT INTO Participacao (atleta_id, time_id, olimpiada_id, modalidade_id, idade, altura, peso, medalha) VALUES (132501, 1, 18, 174, 21.0, 173.0, 79.0, null);
INSERT INTO Participacao (atleta_id, time_id, olimpiada_id, modalidade_id, idade, altura, peso, medalha) VALUES (132501, 1, 18, 169, 21.0, 173.0, 79.0, null);
INSERT INTO Atletas (id, nome, sexo) VALUES (132503, 'Yang Hui-Seung', 'M');
INSERT INTO Participacao (atleta_id, time_id, olimpiada_id, modalidade_id, idade, altura, peso, medalha) VALUES (132503, 1, 14, 12, 22.0, 195.0, 78.0, null);
INSERT INTO Atletas (id, nome, sexo) VALUES (132505, 'Yang Hye-Suk', 'F');
INSERT INTO Participacao (atleta_id, time_id, olimpiada_id, modalidade_id, idade, altura, peso, medalha) VALUES (132505, 1, 12, 21, 26.0, null, null, null);
INSERT INTO Atletas (id, nome, sexo) VALUES (132506, 'Yang Hyeong-Mo', 'M');
INSERT INTO Participacao (atleta_id, time_id, olimpiada_id, modalidade_id, idade, altura, peso, medalha) VALUES (132506, 1, 14, 103, 25.0, 174.0, 85.0, 'Silver');
INSERT INTO Participacao (atleta_id, time_id, olimpiada_id, modalidade_id, idade, altura, peso, medalha) VALUES (132506, 1, 23, 306, 29.0, 174.0, 85.0, null);
INSERT INTO Atletas (id, nome, sexo) VALUES (132507, 'Yang Hyo-Jin', 'F');
INSERT INTO Participacao (atleta_id, time_id, olimpiada_id, modalidade_id, idade, altura, peso, medalha) VALUES (132507, 1, 24, 18, 22.0, 190.0, 72.0, null);
INSERT INTO Participacao (atleta_id, time_id, olimpiada_id, modalidade_id, idade, altura, peso, medalha) VALUES (132507, 1, 4, 18, 26.0, 190.0, 72.0, null);
INSERT INTO Atletas (id, nome, sexo) VALUES (132508, 'Yang Jeong-Mo', 'M');
INSERT INTO Participacao (atleta_id, time_id, olimpiada_id, modalidade_id, idade, altura, peso, medalha) VALUES (132508, 1, 13, 138, 23.0, 165.0, 62.0, 'Gold');
INSERT INTO Atletas (id, nome, sexo) VALUES (132509, 'Yang Jeong-Ok', 'F');
INSERT INTO Participacao (atleta_id, time_id, olimpiada_id, modalidade_id, idade, altura, peso, medalha) VALUES (132509, 1, 23, 33, 26.0, 174.0, 63.0, null);
INSERT INTO Atletas (id, nome, sexo) VALUES (132512, 'Yang Jin-Su', 'F');
INSERT INTO Participacao (atleta_id, time_id, olimpiada_id, modalidade_id, idade, altura, peso, medalha) VALUES (132512, 1, 10, 18, 20.0, 168.0, 63.0, null);
INSERT INTO Atletas (id, nome, sexo) VALUES (132513, 'Yang Jin-Ung', 'M');
INSERT INTO Participacao (atleta_id, time_id, olimpiada_id, modalidade_id, idade, altura, peso, medalha) VALUES (132513, 1, 5, 72, 19.0, 200.0, 88.0, null);
INSERT INTO Atletas (id, nome, sexo) VALUES (132515, 'Yang Jong-Ok', 'M');
INSERT INTO Participacao (atleta_id, time_id, olimpiada_id, modalidade_id, idade, altura, peso, medalha) VALUES (132515, 1, 12, 147, 28.0, null, null, null);
INSERT INTO Atletas (id, nome, sexo) VALUES (132527, 'Yang Mu-Sin', 'M');
INSERT INTO Participacao (atleta_id, time_id, olimpiada_id, modalidade_id, idade, altura, peso, medalha) VALUES (132527, 1, 7, 240, 22.0, 163.0, 62.0, null);
INSERT INTO Participacao (atleta_id, time_id, olimpiada_id, modalidade_id, idade, altura, peso, medalha) VALUES (132527, 1, 10, 128, 26.0, 163.0, 62.0, null);
INSERT INTO Atletas (id, nome, sexo) VALUES (132528, 'Yang Noe-Seong', 'M');
INSERT INTO Participacao (atleta_id, time_id, olimpiada_id, modalidade_id, idade, altura, peso, medalha) VALUES (132528, 1, 14, 224, 23.0, 174.0, 70.0, null);
INSERT INTO Participacao (atleta_id, time_id, olimpiada_id, modalidade_id, idade, altura, peso, medalha) VALUES (132528, 1, 14, 200, 23.0, 174.0, 70.0, null);
INSERT INTO Participacao (atleta_id, time_id, olimpiada_id, modalidade_id, idade, altura, peso, medalha) VALUES (132528, 1, 23, 224, 27.0, 174.0, 70.0, null);
INSERT INTO Participacao (atleta_id, time_id, olimpiada_id, modalidade_id, idade, altura, peso, medalha) VALUES (132528, 1, 23, 200, 27.0, 174.0, 70.0, null);
INSERT INTO Atletas (id, nome, sexo) VALUES (132535, 'Yang Shin-Yeong', 'F');
INSERT INTO Participacao (atleta_id, time_id, olimpiada_id, modalidade_id, idade, altura, peso, medalha) VALUES (132535, 1, 27, 61, 23.0, 168.0, 58.0, null);
INSERT INTO Participacao (atleta_id, time_id, olimpiada_id, modalidade_id, idade, altura, peso, medalha) VALUES (132535, 1, 27, 60, 23.0, 168.0, 58.0, null);
INSERT INTO Participacao (atleta_id, time_id, olimpiada_id, modalidade_id, idade, altura, peso, medalha) VALUES (132535, 1, 27, 299, 23.0, 168.0, 58.0, null);
INSERT INTO Atletas (id, nome, sexo) VALUES (132542, 'Yang Su-Jin', 'F');
INSERT INTO Participacao (atleta_id, time_id, olimpiada_id, modalidade_id, idade, altura, peso, medalha) VALUES (132542, 1, 24, 330, 23.0, 165.0, 51.0, null);
INSERT INTO Atletas (id, nome, sexo) VALUES (132543, 'Yang Tae-Hwa', 'F');
INSERT INTO Participacao (atleta_id, time_id, olimpiada_id, modalidade_id, idade, altura, peso, medalha) VALUES (132543, 1, 19, 343, 20.0, 155.0, 50.0, null);
INSERT INTO Atletas (id, nome, sexo) VALUES (132544, 'Yang Tae-Yeong', 'M');
INSERT INTO Participacao (atleta_id, time_id, olimpiada_id, modalidade_id, idade, altura, peso, medalha) VALUES (132544, 1, 18, 90, 24.0, 167.0, 63.0, 'Bronze');
INSERT INTO Participacao (atleta_id, time_id, olimpiada_id, modalidade_id, idade, altura, peso, medalha) VALUES (132544, 1, 18, 91, 24.0, 167.0, 63.0, null);
INSERT INTO Participacao (atleta_id, time_id, olimpiada_id, modalidade_id, idade, altura, peso, medalha) VALUES (132544, 1, 18, 92, 24.0, 167.0, 63.0, null);
INSERT INTO Participacao (atleta_id, time_id, olimpiada_id, modalidade_id, idade, altura, peso, medalha) VALUES (132544, 1, 18, 93, 24.0, 167.0, 63.0, null);
INSERT INTO Participacao (atleta_id, time_id, olimpiada_id, modalidade_id, idade, altura, peso, medalha) VALUES (132544, 1, 18, 94, 24.0, 167.0, 63.0, null);
INSERT INTO Participacao (atleta_id, time_id, olimpiada_id, modalidade_id, idade, altura, peso, medalha) VALUES (132544, 1, 18, 95, 24.0, 167.0, 63.0, null);
INSERT INTO Participacao (atleta_id, time_id, olimpiada_id, modalidade_id, idade, altura, peso, medalha) VALUES (132544, 1, 18, 96, 24.0, 167.0, 63.0, null);
INSERT INTO Participacao (atleta_id, time_id, olimpiada_id, modalidade_id, idade, altura, peso, medalha) VALUES (132544, 1, 18, 97, 24.0, 167.0, 63.0, null);
INSERT INTO Participacao (atleta_id, time_id, olimpiada_id, modalidade_id, idade, altura, peso, medalha) VALUES (132544, 1, 16, 90, 28.0, 167.0, 63.0, null);
INSERT INTO Participacao (atleta_id, time_id, olimpiada_id, modalidade_id, idade, altura, peso, medalha) VALUES (132544, 1, 16, 91, 28.0, 167.0, 63.0, null);
INSERT INTO Participacao (atleta_id, time_id, olimpiada_id, modalidade_id, idade, altura, peso, medalha) VALUES (132544, 1, 16, 92, 28.0, 167.0, 63.0, null);
INSERT INTO Participacao (atleta_id, time_id, olimpiada_id, modalidade_id, idade, altura, peso, medalha) VALUES (132544, 1, 16, 93, 28.0, 167.0, 63.0, null);
INSERT INTO Participacao (atleta_id, time_id, olimpiada_id, modalidade_id, idade, altura, peso, medalha) VALUES (132544, 1, 16, 94, 28.0, 167.0, 63.0, null);
INSERT INTO Participacao (atleta_id, time_id, olimpiada_id, modalidade_id, idade, altura, peso, medalha) VALUES (132544, 1, 16, 95, 28.0, 167.0, 63.0, null);
INSERT INTO Participacao (atleta_id, time_id, olimpiada_id, modalidade_id, idade, altura, peso, medalha) VALUES (132544, 1, 16, 96, 28.0, 167.0, 63.0, null);
INSERT INTO Participacao (atleta_id, time_id, olimpiada_id, modalidade_id, idade, altura, peso, medalha) VALUES (132544, 1, 16, 97, 28.0, 167.0, 63.0, null);
INSERT INTO Atletas (id, nome, sexo) VALUES (132567, 'Yang Yeong-Ja', 'F');
INSERT INTO Participacao (atleta_id, time_id, olimpiada_id, modalidade_id, idade, altura, peso, medalha) VALUES (132567, 1, 6, 166, 24.0, 166.0, 59.0, null);
INSERT INTO Participacao (atleta_id, time_id, olimpiada_id, modalidade_id, idade, altura, peso, medalha) VALUES (132567, 1, 6, 247, 24.0, 166.0, 59.0, 'Gold');
INSERT INTO Atletas (id, nome, sexo) VALUES (132571, 'Yang Yong-Ok', 'M');
INSERT INTO Participacao (atleta_id, time_id, olimpiada_id, modalidade_id, idade, altura, peso, medalha) VALUES (132571, 1, 28, 2, 28.0, null, null, null);
INSERT INTO Participacao (atleta_id, time_id, olimpiada_id, modalidade_id, idade, altura, peso, medalha) VALUES (132571, 1, 28, 236, 28.0, null, null, null);
INSERT INTO Atletas (id, nome, sexo) VALUES (132737, 'Ye Geu-Rim', 'F');
INSERT INTO Participacao (atleta_id, time_id, olimpiada_id, modalidade_id, idade, altura, peso, medalha) VALUES (132737, 1, 18, 271, 22.0, 158.0, 48.0, null);
INSERT INTO Atletas (id, nome, sexo) VALUES (132849, 'Yeo Beom-Gyu', 'M');
INSERT INTO Participacao (atleta_id, time_id, olimpiada_id, modalidade_id, idade, altura, peso, medalha) VALUES (132849, 1, 6, 56, 26.0, 177.0, 69.0, null);
INSERT INTO Atletas (id, nome, sexo) VALUES (132851, 'Yeo Gap-Sun', 'F');
INSERT INTO Participacao (atleta_id, time_id, olimpiada_id, modalidade_id, idade, altura, peso, medalha) VALUES (132851, 1, 12, 117, 18.0, null, null, 'Gold');
INSERT INTO Atletas (id, nome, sexo) VALUES (132854, 'Yeo Hong-Cheol', 'M');
INSERT INTO Participacao (atleta_id, time_id, olimpiada_id, modalidade_id, idade, altura, peso, medalha) VALUES (132854, 1, 12, 90, 21.0, 165.0, 64.0, null);
INSERT INTO Participacao (atleta_id, time_id, olimpiada_id, modalidade_id, idade, altura, peso, medalha) VALUES (132854, 1, 12, 91, 21.0, 165.0, 64.0, null);
INSERT INTO Participacao (atleta_id, time_id, olimpiada_id, modalidade_id, idade, altura, peso, medalha) VALUES (132854, 1, 12, 92, 21.0, 165.0, 64.0, null);
INSERT INTO Participacao (atleta_id, time_id, olimpiada_id, modalidade_id, idade, altura, peso, medalha) VALUES (132854, 1, 12, 93, 21.0, 165.0, 64.0, null);
INSERT INTO Participacao (atleta_id, time_id, olimpiada_id, modalidade_id, idade, altura, peso, medalha) VALUES (132854, 1, 12, 94, 21.0, 165.0, 64.0, null);
INSERT INTO Participacao (atleta_id, time_id, olimpiada_id, modalidade_id, idade, altura, peso, medalha) VALUES (132854, 1, 12, 95, 21.0, 165.0, 64.0, null);
INSERT INTO Participacao (atleta_id, time_id, olimpiada_id, modalidade_id, idade, altura, peso, medalha) VALUES (132854, 1, 12, 96, 21.0, 165.0, 64.0, null);
INSERT INTO Participacao (atleta_id, time_id, olimpiada_id, modalidade_id, idade, altura, peso, medalha) VALUES (132854, 1, 12, 97, 21.0, 165.0, 64.0, null);
INSERT INTO Participacao (atleta_id, time_id, olimpiada_id, modalidade_id, idade, altura, peso, medalha) VALUES (132854, 1, 14, 90, 25.0, 165.0, 64.0, null);
INSERT INTO Participacao (atleta_id, time_id, olimpiada_id, modalidade_id, idade, altura, peso, medalha) VALUES (132854, 1, 14, 91, 25.0, 165.0, 64.0, null);
INSERT INTO Participacao (atleta_id, time_id, olimpiada_id, modalidade_id, idade, altura, peso, medalha) VALUES (132854, 1, 14, 92, 25.0, 165.0, 64.0, null);
INSERT INTO Participacao (atleta_id, time_id, olimpiada_id, modalidade_id, idade, altura, peso, medalha) VALUES (132854, 1, 14, 93, 25.0, 165.0, 64.0, 'Silver');
INSERT INTO Participacao (atleta_id, time_id, olimpiada_id, modalidade_id, idade, altura, peso, medalha) VALUES (132854, 1, 14, 94, 25.0, 165.0, 64.0, null);
INSERT INTO Participacao (atleta_id, time_id, olimpiada_id, modalidade_id, idade, altura, peso, medalha) VALUES (132854, 1, 14, 95, 25.0, 165.0, 64.0, null);
INSERT INTO Participacao (atleta_id, time_id, olimpiada_id, modalidade_id, idade, altura, peso, medalha) VALUES (132854, 1, 14, 96, 25.0, 165.0, 64.0, null);
INSERT INTO Participacao (atleta_id, time_id, olimpiada_id, modalidade_id, idade, altura, peso, medalha) VALUES (132854, 1, 14, 97, 25.0, 165.0, 64.0, null);
INSERT INTO Participacao (atleta_id, time_id, olimpiada_id, modalidade_id, idade, altura, peso, medalha) VALUES (132854, 1, 23, 90, 29.0, 165.0, 64.0, null);
INSERT INTO Participacao (atleta_id, time_id, olimpiada_id, modalidade_id, idade, altura, peso, medalha) VALUES (132854, 1, 23, 91, 29.0, 165.0, 64.0, null);
INSERT INTO Participacao (atleta_id, time_id, olimpiada_id, modalidade_id, idade, altura, peso, medalha) VALUES (132854, 1, 23, 92, 29.0, 165.0, 64.0, null);
INSERT INTO Participacao (atleta_id, time_id, olimpiada_id, modalidade_id, idade, altura, peso, medalha) VALUES (132854, 1, 23, 93, 29.0, 165.0, 64.0, null);
INSERT INTO Participacao (atleta_id, time_id, olimpiada_id, modalidade_id, idade, altura, peso, medalha) VALUES (132854, 1, 23, 96, 29.0, 165.0, 64.0, null);
INSERT INTO Atletas (id, nome, sexo) VALUES (132858, 'Yeo Sang-Yeop', 'M');
INSERT INTO Participacao (atleta_id, time_id, olimpiada_id, modalidade_id, idade, altura, peso, medalha) VALUES (132858, 1, 19, 51, 17.0, 170.0, 65.0, null);
INSERT INTO Participacao (atleta_id, time_id, olimpiada_id, modalidade_id, idade, altura, peso, medalha) VALUES (132858, 1, 20, 52, 21.0, 170.0, 65.0, null);
INSERT INTO Atletas (id, nome, sexo) VALUES (132859, 'Yeo Wun-Gon', 'M');
INSERT INTO Participacao (atleta_id, time_id, olimpiada_id, modalidade_id, idade, altura, peso, medalha) VALUES (132859, 1, 23, 89, 26.0, 173.0, 69.0, 'Silver');
INSERT INTO Participacao (atleta_id, time_id, olimpiada_id, modalidade_id, idade, altura, peso, medalha) VALUES (132859, 1, 18, 89, 29.0, 173.0, 69.0, null);
INSERT INTO Participacao (atleta_id, time_id, olimpiada_id, modalidade_id, idade, altura, peso, medalha) VALUES (132859, 1, 16, 89, 33.0, 173.0, 69.0, null);
INSERT INTO Participacao (atleta_id, time_id, olimpiada_id, modalidade_id, idade, altura, peso, medalha) VALUES (132859, 1, 24, 89, 37.0, 173.0, 69.0, null);
INSERT INTO Atletas (id, nome, sexo) VALUES (132862, 'Yeom Dong-Cheol', 'M');
INSERT INTO Participacao (atleta_id, time_id, olimpiada_id, modalidade_id, idade, altura, peso, medalha) VALUES (132862, 1, 12, 347, 23.0, null, 82.0, null);
INSERT INTO Atletas (id, nome, sexo) VALUES (132920, 'Yeum Hye-Seon', 'F');
INSERT INTO Participacao (atleta_id, time_id, olimpiada_id, modalidade_id, idade, altura, peso, medalha) VALUES (132920, 1, 4, 18, 25.0, 176.0, 65.0, null);
INSERT INTO Atletas (id, nome, sexo) VALUES (133075, 'Yoo Hye-Min', 'F');
INSERT INTO Participacao (atleta_id, time_id, olimpiada_id, modalidade_id, idade, altura, peso, medalha) VALUES (133075, 1, 19, 325, 20.0, 167.0, 60.0, null);
INSERT INTO Atletas (id, nome, sexo) VALUES (133076, 'Yoo Hyeok-Geun', 'M');
INSERT INTO Participacao (atleta_id, time_id, olimpiada_id, modalidade_id, idade, altura, peso, medalha) VALUES (133076, 1, 7, 29, 20.0, 176.0, 75.0, null);
INSERT INTO Atletas (id, nome, sexo) VALUES (133077, 'Yoo Hyun-Ji', 'F');
INSERT INTO Participacao (atleta_id, time_id, olimpiada_id, modalidade_id, idade, altura, peso, medalha) VALUES (133077, 1, 4, 26, 32.0, 175.0, 67.0, null);
INSERT INTO Atletas (id, nome, sexo) VALUES (133078, 'Yoon Jae-Young', 'M');
INSERT INTO Participacao (atleta_id, time_id, olimpiada_id, modalidade_id, idade, altura, peso, medalha) VALUES (133078, 1, 16, 182, 25.0, 172.0, 66.0, null);
INSERT INTO Participacao (atleta_id, time_id, olimpiada_id, modalidade_id, idade, altura, peso, medalha) VALUES (133078, 1, 16, 284, 25.0, 172.0, 66.0, 'Bronze');
INSERT INTO Atletas (id, nome, sexo) VALUES (133079, 'Yoon Ji-Su', 'F');
INSERT INTO Participacao (atleta_id, time_id, olimpiada_id, modalidade_id, idade, altura, peso, medalha) VALUES (133079, 1, 4, 315, 23.0, 170.0, 60.0, null);
INSERT INTO Atletas (id, nome, sexo) VALUES (133080, 'Yoon Jin-Hee', 'F');
INSERT INTO Modalidades (nome, esporte_id) VALUES ('Weightlifting Women''s Featherweight', 19);
INSERT INTO Participacao (atleta_id, time_id, olimpiada_id, modalidade_id, idade, altura, peso, medalha) VALUES (133080, 1, 16, 368, 22.0, 158.0, 53.0, 'Silver');
INSERT INTO Participacao (atleta_id, time_id, olimpiada_id, modalidade_id, idade, altura, peso, medalha) VALUES (133080, 1, 4, 368, 29.0, 158.0, 53.0, 'Bronze');
INSERT INTO Atletas (id, nome, sexo) VALUES (133081, 'Yoon Suk-Min', 'M');
INSERT INTO Participacao (atleta_id, time_id, olimpiada_id, modalidade_id, idade, altura, peso, medalha) VALUES (133081, 1, 16, 20, 22.0, null, null, 'Gold');
INSERT INTO Atletas (id, nome, sexo) VALUES (133290, 'Yu Bong-Hyeong', 'M');
INSERT INTO Participacao (atleta_id, time_id, olimpiada_id, modalidade_id, idade, altura, peso, medalha) VALUES (133290, 1, 12, 111, 22.0, null, null, null);
INSERT INTO Participacao (atleta_id, time_id, olimpiada_id, modalidade_id, idade, altura, peso, medalha) VALUES (133290, 1, 12, 112, 22.0, null, null, null);
INSERT INTO Atletas (id, nome, sexo) VALUES (133291, 'Yu Byeong-Heon', 'M');
INSERT INTO Participacao (atleta_id, time_id, olimpiada_id, modalidade_id, idade, altura, peso, medalha) VALUES (133291, 1, 6, 11, 24.0, 175.0, 75.0, null);
INSERT INTO Atletas (id, nome, sexo) VALUES (133292, 'Yu Chang-Jun', 'M');
INSERT INTO Participacao (atleta_id, time_id, olimpiada_id, modalidade_id, idade, altura, peso, medalha) VALUES (133292, 1, 23, 202, 19.0, 170.0, 60.0, null);
INSERT INTO Atletas (id, nome, sexo) VALUES (133296, 'Yu Chun-Ja', 'F');
INSERT INTO Participacao (atleta_id, time_id, olimpiada_id, modalidade_id, idade, altura, peso, medalha) VALUES (133296, 1, 7, 18, 19.0, 161.0, 53.0, null);
INSERT INTO Atletas (id, nome, sexo) VALUES (133297, 'Yu Chun-Ok', 'F');
INSERT INTO Participacao (atleta_id, time_id, olimpiada_id, modalidade_id, idade, altura, peso, medalha) VALUES (133297, 1, 6, 261, 19.0, 160.0, 58.0, null);
INSERT INTO Atletas (id, nome, sexo) VALUES (133301, 'Yu Dong-Geun', 'M');
INSERT INTO Participacao (atleta_id, time_id, olimpiada_id, modalidade_id, idade, altura, peso, medalha) VALUES (133301, 1, 24, 28, 26.0, 185.0, 71.0, null);
INSERT INTO Atletas (id, nome, sexo) VALUES (133302, 'Yu Dong-Ju', 'M');
INSERT INTO Participacao (atleta_id, time_id, olimpiada_id, modalidade_id, idade, altura, peso, medalha) VALUES (133302, 1, 4, 347, 22.0, 175.0, 85.0, null);
INSERT INTO Atletas (id, nome, sexo) VALUES (133303, 'Yu Eun-Hui', 'F');
INSERT INTO Participacao (atleta_id, time_id, olimpiada_id, modalidade_id, idade, altura, peso, medalha) VALUES (133303, 1, 24, 26, 22.0, 180.0, 76.0, null);
INSERT INTO Participacao (atleta_id, time_id, olimpiada_id, modalidade_id, idade, altura, peso, medalha) VALUES (133303, 1, 4, 26, 26.0, 180.0, 76.0, null);
INSERT INTO Atletas (id, nome, sexo) VALUES (133312, 'Yu Gyeong-Hwa', 'F');
INSERT INTO Participacao (atleta_id, time_id, olimpiada_id, modalidade_id, idade, altura, peso, medalha) VALUES (133312, 1, 11, 18, 18.0, 171.0, 61.0, null);
INSERT INTO Participacao (atleta_id, time_id, olimpiada_id, modalidade_id, idade, altura, peso, medalha) VALUES (133312, 1, 13, 18, 22.0, 171.0, 61.0, 'Bronze');
INSERT INTO Atletas (id, nome, sexo) VALUES (133318, 'Yu Hui-Hyeong', 'M');
INSERT INTO Participacao (atleta_id, time_id, olimpiada_id, modalidade_id, idade, altura, peso, medalha) VALUES (133318, 1, 10, 12, 19.0, 183.0, 75.0, null);
INSERT INTO Atletas (id, nome, sexo) VALUES (133319, 'Yu Hui-Ju', 'F');
INSERT INTO Participacao (atleta_id, time_id, olimpiada_id, modalidade_id, idade, altura, peso, medalha) VALUES (133319, 1, 23, 21, 24.0, 168.0, 62.0, null);
INSERT INTO Participacao (atleta_id, time_id, olimpiada_id, modalidade_id, idade, altura, peso, medalha) VALUES (133319, 1, 18, 21, 28.0, 168.0, 62.0, null);
INSERT INTO Atletas (id, nome, sexo) VALUES (133320, 'Yu Hui-Jun', 'F');
INSERT INTO Participacao (atleta_id, time_id, olimpiada_id, modalidade_id, idade, altura, peso, medalha) VALUES (133320, 1, 12, 271, 19.0, null, null, null);
INSERT INTO Atletas (id, nome, sexo) VALUES (133322, 'Yu Hyo-Sik', 'M');
INSERT INTO Participacao (atleta_id, time_id, olimpiada_id, modalidade_id, idade, altura, peso, medalha) VALUES (133322, 1, 18, 89, 22.0, 171.0, 60.0, null);
INSERT INTO Participacao (atleta_id, time_id, olimpiada_id, modalidade_id, idade, altura, peso, medalha) VALUES (133322, 1, 16, 89, 26.0, 171.0, 60.0, null);
INSERT INTO Participacao (atleta_id, time_id, olimpiada_id, modalidade_id, idade, altura, peso, medalha) VALUES (133322, 1, 24, 89, 30.0, 171.0, 60.0, null);
INSERT INTO Atletas (id, nome, sexo) VALUES (133323, 'Yu In-Ho', 'M');
INSERT INTO Participacao (atleta_id, time_id, olimpiada_id, modalidade_id, idade, altura, peso, medalha) VALUES (133323, 1, 9, 240, 27.0, 160.0, 56.0, null);
INSERT INTO Participacao (atleta_id, time_id, olimpiada_id, modalidade_id, idade, altura, peso, medalha) VALUES (133323, 1, 15, 240, 31.0, 160.0, 56.0, null);
INSERT INTO Participacao (atleta_id, time_id, olimpiada_id, modalidade_id, idade, altura, peso, medalha) VALUES (133323, 1, 7, 240, 35.0, 160.0, 56.0, null);
INSERT INTO Atletas (id, nome, sexo) VALUES (133324, 'Yu In-Tak', 'M');
INSERT INTO Participacao (atleta_id, time_id, olimpiada_id, modalidade_id, idade, altura, peso, medalha) VALUES (133324, 1, 5, 78, 26.0, 169.0, 68.0, 'Gold');
INSERT INTO Atletas (id, nome, sexo) VALUES (133325, 'Yu Jae-Gwon', 'M');
INSERT INTO Participacao (atleta_id, time_id, olimpiada_id, modalidade_id, idade, altura, peso, medalha) VALUES (133325, 1, 13, 66, 30.0, 172.0, 74.0, null);
INSERT INTO Atletas (id, nome, sexo) VALUES (133326, 'Yu Jae-Hak', 'M');
INSERT INTO Participacao (atleta_id, time_id, olimpiada_id, modalidade_id, idade, altura, peso, medalha) VALUES (133326, 1, 6, 12, 25.0, 180.0, 68.0, null);
INSERT INTO Atletas (id, nome, sexo) VALUES (133327, 'Yu Jae-Seong', 'M');
INSERT INTO Participacao (atleta_id, time_id, olimpiada_id, modalidade_id, idade, altura, peso, medalha) VALUES (133327, 1, 6, 67, 28.0, 169.0, 59.0, null);
INSERT INTO Atletas (id, nome, sexo) VALUES (133329, 'Yu Je-Suk', 'F');
INSERT INTO Participacao (atleta_id, time_id, olimpiada_id, modalidade_id, idade, altura, peso, medalha) VALUES (133329, 1, 12, 21, 24.0, null, null, null);
INSERT INTO Participacao (atleta_id, time_id, olimpiada_id, modalidade_id, idade, altura, peso, medalha) VALUES (133329, 1, 14, 21, 28.0, null, null, 'Silver');
INSERT INTO Atletas (id, nome, sexo) VALUES (133330, 'Yu Jeong-Hye', 'F');
INSERT INTO Participacao (atleta_id, time_id, olimpiada_id, modalidade_id, idade, altura, peso, medalha) VALUES (133330, 1, 11, 18, 18.0, 172.0, 61.0, null);
INSERT INTO Participacao (atleta_id, time_id, olimpiada_id, modalidade_id, idade, altura, peso, medalha) VALUES (133330, 1, 13, 18, 22.0, 172.0, 61.0, 'Bronze');
INSERT INTO Atletas (id, nome, sexo) VALUES (133331, 'Yu Jeong-Jae', 'M');
INSERT INTO Participacao (atleta_id, time_id, olimpiada_id, modalidade_id, idade, altura, peso, medalha) VALUES (133331, 1, 12, 16, 21.0, null, null, null);
INSERT INTO Participacao (atleta_id, time_id, olimpiada_id, modalidade_id, idade, altura, peso, medalha) VALUES (133331, 1, 12, 17, 21.0, null, null, null);
INSERT INTO Atletas (id, nome, sexo) VALUES (133332, 'Yu Jeong-Nam', 'M');
INSERT INTO Participacao (atleta_id, time_id, olimpiada_id, modalidade_id, idade, altura, peso, medalha) VALUES (133332, 1, 16, 74, 24.0, 176.0, 70.0, null);
INSERT INTO Atletas (id, nome, sexo) VALUES (133333, 'Yu Ji-Hye', 'F');
INSERT INTO Participacao (atleta_id, time_id, olimpiada_id, modalidade_id, idade, altura, peso, medalha) VALUES (133333, 1, 14, 166, 20.0, 164.0, 55.0, null);
INSERT INTO Participacao (atleta_id, time_id, olimpiada_id, modalidade_id, idade, altura, peso, medalha) VALUES (133333, 1, 23, 166, 24.0, 164.0, 55.0, null);
INSERT INTO Atletas (id, nome, sexo) VALUES (133334, 'Yu Jin-Seon', 'M');
INSERT INTO Participacao (atleta_id, time_id, olimpiada_id, modalidade_id, idade, altura, peso, medalha) VALUES (133334, 1, 6, 264, 26.0, 185.0, 82.0, null);
INSERT INTO Participacao (atleta_id, time_id, olimpiada_id, modalidade_id, idade, altura, peso, medalha) VALUES (133334, 1, 6, 265, 26.0, 185.0, 82.0, null);
INSERT INTO Atletas (id, nome, sexo) VALUES (133338, 'Yu Jong-Man', 'M');
INSERT INTO Participacao (atleta_id, time_id, olimpiada_id, modalidade_id, idade, altura, peso, medalha) VALUES (133338, 1, 11, 215, 17.0, 167.0, 51.0, null);
INSERT INTO Atletas (id, nome, sexo) VALUES (133340, 'Yu Jung-Tak', 'M');
INSERT INTO Participacao (atleta_id, time_id, olimpiada_id, modalidade_id, idade, altura, peso, medalha) VALUES (133340, 1, 5, 72, 24.0, 188.0, 82.0, null);
INSERT INTO Atletas (id, nome, sexo) VALUES (133347, 'Yu Myeong-Gun', 'M');
INSERT INTO Participacao (atleta_id, time_id, olimpiada_id, modalidade_id, idade, altura, peso, medalha) VALUES (133347, 1, 14, 89, 25.0, null, null, null);
INSERT INTO Atletas (id, nome, sexo) VALUES (133348, 'Yu Myeong-Ja', 'F');
INSERT INTO Participacao (atleta_id, time_id, olimpiada_id, modalidade_id, idade, altura, peso, medalha) VALUES (133348, 1, 15, 45, 17.0, 159.0, 55.0, null);
INSERT INTO Participacao (atleta_id, time_id, olimpiada_id, modalidade_id, idade, altura, peso, medalha) VALUES (133348, 1, 15, 47, 17.0, 159.0, 55.0, null);
INSERT INTO Participacao (atleta_id, time_id, olimpiada_id, modalidade_id, idade, altura, peso, medalha) VALUES (133348, 1, 15, 48, 17.0, 159.0, 55.0, null);
INSERT INTO Participacao (atleta_id, time_id, olimpiada_id, modalidade_id, idade, altura, peso, medalha) VALUES (133348, 1, 15, 49, 17.0, 159.0, 55.0, null);
INSERT INTO Participacao (atleta_id, time_id, olimpiada_id, modalidade_id, idade, altura, peso, medalha) VALUES (133348, 1, 15, 50, 17.0, 159.0, 55.0, null);
INSERT INTO Atletas (id, nome, sexo) VALUES (133349, 'Yu Na-Mi', 'F');
INSERT INTO Participacao (atleta_id, time_id, olimpiada_id, modalidade_id, idade, altura, peso, medalha) VALUES (133349, 1, 23, 212, 22.0, 168.0, 58.0, null);
INSERT INTO Participacao (atleta_id, time_id, olimpiada_id, modalidade_id, idade, altura, peso, medalha) VALUES (133349, 1, 18, 212, 26.0, 168.0, 58.0, null);
INSERT INTO Atletas (id, nome, sexo) VALUES (133350, 'Yu Nam-Gyu', 'M');
INSERT INTO Participacao (atleta_id, time_id, olimpiada_id, modalidade_id, idade, altura, peso, medalha) VALUES (133350, 1, 6, 182, 20.0, 166.0, 58.0, 'Gold');
INSERT INTO Participacao (atleta_id, time_id, olimpiada_id, modalidade_id, idade, altura, peso, medalha) VALUES (133350, 1, 12, 182, 24.0, 166.0, 58.0, null);
INSERT INTO Participacao (atleta_id, time_id, olimpiada_id, modalidade_id, idade, altura, peso, medalha) VALUES (133350, 1, 14, 182, 28.0, 166.0, 58.0, null);
INSERT INTO Atletas (id, nome, sexo) VALUES (133351, 'Yu Og-Yeol', 'M');
INSERT INTO Participacao (atleta_id, time_id, olimpiada_id, modalidade_id, idade, altura, peso, medalha) VALUES (133351, 1, 12, 90, 19.0, 155.0, 57.0, null);
INSERT INTO Participacao (atleta_id, time_id, olimpiada_id, modalidade_id, idade, altura, peso, medalha) VALUES (133351, 1, 12, 91, 19.0, 155.0, 57.0, null);
INSERT INTO Participacao (atleta_id, time_id, olimpiada_id, modalidade_id, idade, altura, peso, medalha) VALUES (133351, 1, 12, 92, 19.0, 155.0, 57.0, null);
INSERT INTO Participacao (atleta_id, time_id, olimpiada_id, modalidade_id, idade, altura, peso, medalha) VALUES (133351, 1, 12, 93, 19.0, 155.0, 57.0, 'Bronze');
INSERT INTO Participacao (atleta_id, time_id, olimpiada_id, modalidade_id, idade, altura, peso, medalha) VALUES (133351, 1, 12, 94, 19.0, 155.0, 57.0, null);
INSERT INTO Participacao (atleta_id, time_id, olimpiada_id, modalidade_id, idade, altura, peso, medalha) VALUES (133351, 1, 12, 95, 19.0, 155.0, 57.0, null);
INSERT INTO Participacao (atleta_id, time_id, olimpiada_id, modalidade_id, idade, altura, peso, medalha) VALUES (133351, 1, 12, 96, 19.0, 155.0, 57.0, null);
INSERT INTO Participacao (atleta_id, time_id, olimpiada_id, modalidade_id, idade, altura, peso, medalha) VALUES (133351, 1, 12, 97, 19.0, 155.0, 57.0, null);
INSERT INTO Atletas (id, nome, sexo) VALUES (133356, 'Yu Sang-Cheol', 'M');
INSERT INTO Participacao (atleta_id, time_id, olimpiada_id, modalidade_id, idade, altura, peso, medalha) VALUES (133356, 1, 18, 56, 32.0, 184.0, 78.0, null);
INSERT INTO Atletas (id, nome, sexo) VALUES (133357, 'Yu Sang-Ju', 'M');
INSERT INTO Participacao (atleta_id, time_id, olimpiada_id, modalidade_id, idade, altura, peso, medalha) VALUES (133357, 1, 14, 198, 27.0, null, null, null);
INSERT INTO Participacao (atleta_id, time_id, olimpiada_id, modalidade_id, idade, altura, peso, medalha) VALUES (133357, 1, 14, 199, 27.0, null, null, null);
INSERT INTO Atletas (id, nome, sexo) VALUES (133358, 'Yu Seon-Hui', 'F');
INSERT INTO Participacao (atleta_id, time_id, olimpiada_id, modalidade_id, idade, altura, peso, medalha) VALUES (133358, 1, 22, 27, 21.0, 158.0, 58.0, null);
INSERT INTO Participacao (atleta_id, time_id, olimpiada_id, modalidade_id, idade, altura, peso, medalha) VALUES (133358, 1, 22, 100, 21.0, 158.0, 58.0, null);
INSERT INTO Participacao (atleta_id, time_id, olimpiada_id, modalidade_id, idade, altura, peso, medalha) VALUES (133358, 1, 1, 27, 25.0, 158.0, 58.0, null);
INSERT INTO Participacao (atleta_id, time_id, olimpiada_id, modalidade_id, idade, altura, peso, medalha) VALUES (133358, 1, 1, 100, 25.0, 158.0, 58.0, null);
INSERT INTO Participacao (atleta_id, time_id, olimpiada_id, modalidade_id, idade, altura, peso, medalha) VALUES (133358, 1, 2, 27, 27.0, 158.0, 58.0, null);
INSERT INTO Participacao (atleta_id, time_id, olimpiada_id, modalidade_id, idade, altura, peso, medalha) VALUES (133358, 1, 2, 100, 27.0, 158.0, 58.0, null);
INSERT INTO Atletas (id, nome, sexo) VALUES (133359, 'Yu Seong-Yeon', 'M');
INSERT INTO Participacao (atleta_id, time_id, olimpiada_id, modalidade_id, idade, altura, peso, medalha) VALUES (133359, 1, 23, 147, 24.0, 184.0, 90.0, null);
INSERT INTO Atletas (id, nome, sexo) VALUES (133360, 'Yu Seung-Hun', 'M');
INSERT INTO Participacao (atleta_id, time_id, olimpiada_id, modalidade_id, idade, altura, peso, medalha) VALUES (133360, 1, 6, 150, 18.0, 176.0, 75.0, null);
INSERT INTO Atletas (id, nome, sexo) VALUES (133361, 'Yu Seung-Hyeon', 'M');
INSERT INTO Participacao (atleta_id, time_id, olimpiada_id, modalidade_id, idade, altura, peso, medalha) VALUES (133361, 1, 18, 290, 21.0, 179.0, 79.0, null);
INSERT INTO Atletas (id, nome, sexo) VALUES (133362, 'Yu Seung-Jin', 'M');
INSERT INTO Participacao (atleta_id, time_id, olimpiada_id, modalidade_id, idade, altura, peso, medalha) VALUES (133362, 1, 6, 89, 19.0, 166.0, 64.0, null);
INSERT INTO Participacao (atleta_id, time_id, olimpiada_id, modalidade_id, idade, altura, peso, medalha) VALUES (133362, 1, 14, 89, 27.0, 166.0, 64.0, null);
INSERT INTO Atletas (id, nome, sexo) VALUES (133363, 'Yu Seung-Min', 'M');
INSERT INTO Participacao (atleta_id, time_id, olimpiada_id, modalidade_id, idade, altura, peso, medalha) VALUES (133363, 1, 23, 182, 18.0, 178.0, 72.0, null);
INSERT INTO Participacao (atleta_id, time_id, olimpiada_id, modalidade_id, idade, altura, peso, medalha) VALUES (133363, 1, 18, 182, 22.0, 178.0, 72.0, 'Gold');
INSERT INTO Participacao (atleta_id, time_id, olimpiada_id, modalidade_id, idade, altura, peso, medalha) VALUES (133363, 1, 16, 182, 26.0, 178.0, 72.0, null);
INSERT INTO Participacao (atleta_id, time_id, olimpiada_id, modalidade_id, idade, altura, peso, medalha) VALUES (133363, 1, 16, 284, 26.0, 178.0, 72.0, 'Bronze');
INSERT INTO Participacao (atleta_id, time_id, olimpiada_id, modalidade_id, idade, altura, peso, medalha) VALUES (133363, 1, 24, 284, 29.0, 178.0, 72.0, 'Silver');
INSERT INTO Atletas (id, nome, sexo) VALUES (133367, 'Yu So-Jeong', 'F');
INSERT INTO Participacao (atleta_id, time_id, olimpiada_id, modalidade_id, idade, altura, peso, medalha) VALUES (133367, 1, 4, 26, 20.0, 168.0, 66.0, null);
INSERT INTO Atletas (id, nome, sexo) VALUES (133370, 'Yu Tae-Gyeong', 'M');
INSERT INTO Participacao (atleta_id, time_id, olimpiada_id, modalidade_id, idade, altura, peso, medalha) VALUES (133370, 1, 6, 274, 27.0, 184.0, 74.0, null);
INSERT INTO Participacao (atleta_id, time_id, olimpiada_id, modalidade_id, idade, altura, peso, medalha) VALUES (133370, 1, 6, 243, 27.0, 184.0, 74.0, null);
INSERT INTO Atletas (id, nome, sexo) VALUES (133375, 'Yu Won-Cheol', 'M');
INSERT INTO Participacao (atleta_id, time_id, olimpiada_id, modalidade_id, idade, altura, peso, medalha) VALUES (133375, 1, 16, 90, 24.0, 165.0, 59.0, null);
INSERT INTO Participacao (atleta_id, time_id, olimpiada_id, modalidade_id, idade, altura, peso, medalha) VALUES (133375, 1, 16, 91, 24.0, 165.0, 59.0, null);
INSERT INTO Participacao (atleta_id, time_id, olimpiada_id, modalidade_id, idade, altura, peso, medalha) VALUES (133375, 1, 16, 94, 24.0, 165.0, 59.0, 'Silver');
INSERT INTO Participacao (atleta_id, time_id, olimpiada_id, modalidade_id, idade, altura, peso, medalha) VALUES (133375, 1, 16, 96, 24.0, 165.0, 59.0, null);
INSERT INTO Participacao (atleta_id, time_id, olimpiada_id, modalidade_id, idade, altura, peso, medalha) VALUES (133375, 1, 4, 91, 32.0, 165.0, 59.0, null);
INSERT INTO Participacao (atleta_id, time_id, olimpiada_id, modalidade_id, idade, altura, peso, medalha) VALUES (133375, 1, 4, 94, 32.0, 165.0, 59.0, null);
INSERT INTO Participacao (atleta_id, time_id, olimpiada_id, modalidade_id, idade, altura, peso, medalha) VALUES (133375, 1, 4, 95, 32.0, 165.0, 59.0, null);
INSERT INTO Participacao (atleta_id, time_id, olimpiada_id, modalidade_id, idade, altura, peso, medalha) VALUES (133375, 1, 4, 96, 32.0, 165.0, 59.0, null);
INSERT INTO Atletas (id, nome, sexo) VALUES (133385, 'Yu Yeong-Ju', 'F');
INSERT INTO Participacao (atleta_id, time_id, olimpiada_id, modalidade_id, idade, altura, peso, medalha) VALUES (133385, 1, 14, 33, 24.0, 178.0, 72.0, null);
INSERT INTO Atletas (id, nome, sexo) VALUES (133386, 'Yu Yeong-Mi', 'F');
INSERT INTO Participacao (atleta_id, time_id, olimpiada_id, modalidade_id, idade, altura, peso, medalha) VALUES (133386, 1, 6, 18, 21.0, 176.0, 63.0, null);
INSERT INTO Atletas (id, nome, sexo) VALUES (133387, 'Yu Yeong-Yeol', 'M');
INSERT INTO Participacao (atleta_id, time_id, olimpiada_id, modalidade_id, idade, altura, peso, medalha) VALUES (133387, 1, 6, 229, 27.0, 180.0, 98.0, null);
INSERT INTO Atletas (id, nome, sexo) VALUES (133389, 'Yu Yong-Seong', 'M');
INSERT INTO Participacao (atleta_id, time_id, olimpiada_id, modalidade_id, idade, altura, peso, medalha) VALUES (133389, 1, 18, 345, 29.0, 173.0, 69.0, 'Silver');
INSERT INTO Atletas (id, nome, sexo) VALUES (133450, 'Yun Byeong-Hui', 'F');
INSERT INTO Participacao (atleta_id, time_id, olimpiada_id, modalidade_id, idade, altura, peso, medalha) VALUES (133450, 1, 12, 237, 16.0, null, null, null);
INSERT INTO Atletas (id, nome, sexo) VALUES (133451, 'Yun Byeong-Sun', 'F');
INSERT INTO Participacao (atleta_id, time_id, olimpiada_id, modalidade_id, idade, altura, peso, medalha) VALUES (133451, 1, 5, 26, 20.0, 178.0, 65.0, 'Silver');
INSERT INTO Atletas (id, nome, sexo) VALUES (133452, 'Yun Chae-Rin', 'F');
INSERT INTO Participacao (atleta_id, time_id, olimpiada_id, modalidade_id, idade, altura, peso, medalha) VALUES (133452, 1, 20, 364, 15.0, 164.0, 50.0, null);
INSERT INTO Atletas (id, nome, sexo) VALUES (133454, 'Yun Cheol', 'M');
INSERT INTO Participacao (atleta_id, time_id, olimpiada_id, modalidade_id, idade, altura, peso, medalha) VALUES (133454, 1, 12, 278, 21.0, 184.0, 74.0, null);
INSERT INTO Participacao (atleta_id, time_id, olimpiada_id, modalidade_id, idade, altura, peso, medalha) VALUES (133454, 1, 16, 278, 37.0, 184.0, 74.0, null);
INSERT INTO Atletas (id, nome, sexo) VALUES (133455, 'Yun Cho-Rong', 'F');
INSERT INTO Participacao (atleta_id, time_id, olimpiada_id, modalidade_id, idade, altura, peso, medalha) VALUES (133455, 1, 16, 330, 18.0, 161.0, 55.0, null);
INSERT INTO Atletas (id, nome, sexo) VALUES (133458, 'Yun Daek', 'M');
INSERT INTO Participacao (atleta_id, time_id, olimpiada_id, modalidade_id, idade, altura, peso, medalha) VALUES (133458, 1, 7, 138, 24.0, 168.0, 65.0, null);
INSERT INTO Atletas (id, nome, sexo) VALUES (133459, 'Yun Deok-Ha', 'M');
INSERT INTO Participacao (atleta_id, time_id, olimpiada_id, modalidade_id, idade, altura, peso, medalha) VALUES (133459, 1, 5, 8, 29.0, 176.0, 74.0, null);
INSERT INTO Participacao (atleta_id, time_id, olimpiada_id, modalidade_id, idade, altura, peso, medalha) VALUES (133459, 1, 5, 57, 29.0, 176.0, 74.0, null);
INSERT INTO Participacao (atleta_id, time_id, olimpiada_id, modalidade_id, idade, altura, peso, medalha) VALUES (133459, 1, 5, 58, 29.0, 176.0, 74.0, null);
INSERT INTO Atletas (id, nome, sexo) VALUES (133460, 'Yun Gi-Su', 'M');
INSERT INTO Participacao (atleta_id, time_id, olimpiada_id, modalidade_id, idade, altura, peso, medalha) VALUES (133460, 1, 6, 83, 21.0, 178.0, 80.0, null);
INSERT INTO Atletas (id, nome, sexo) VALUES (133461, 'Yun Gyeong-Jae', 'M');
INSERT INTO Participacao (atleta_id, time_id, olimpiada_id, modalidade_id, idade, altura, peso, medalha) VALUES (133461, 1, 6, 66, 25.0, 176.0, 76.0, null);
INSERT INTO Atletas (id, nome, sexo) VALUES (133462, 'Yun Gyeong-Min', 'M');
INSERT INTO Participacao (atleta_id, time_id, olimpiada_id, modalidade_id, idade, altura, peso, medalha) VALUES (133462, 1, 23, 28, 20.0, 193.0, 80.0, null);
INSERT INTO Participacao (atleta_id, time_id, olimpiada_id, modalidade_id, idade, altura, peso, medalha) VALUES (133462, 1, 18, 28, 24.0, 193.0, 80.0, null);
INSERT INTO Participacao (atleta_id, time_id, olimpiada_id, modalidade_id, idade, altura, peso, medalha) VALUES (133462, 1, 16, 28, 28.0, 193.0, 80.0, null);
INSERT INTO Atletas (id, nome, sexo) VALUES (133463, 'Yun Gyeong-Sin', 'M');
INSERT INTO Participacao (atleta_id, time_id, olimpiada_id, modalidade_id, idade, altura, peso, medalha) VALUES (133463, 1, 12, 28, 19.0, 203.0, 96.0, null);
INSERT INTO Participacao (atleta_id, time_id, olimpiada_id, modalidade_id, idade, altura, peso, medalha) VALUES (133463, 1, 23, 28, 27.0, 203.0, 96.0, null);
INSERT INTO Participacao (atleta_id, time_id, olimpiada_id, modalidade_id, idade, altura, peso, medalha) VALUES (133463, 1, 18, 28, 31.0, 203.0, 96.0, null);
INSERT INTO Participacao (atleta_id, time_id, olimpiada_id, modalidade_id, idade, altura, peso, medalha) VALUES (133463, 1, 16, 28, 35.0, 203.0, 96.0, null);
INSERT INTO Participacao (atleta_id, time_id, olimpiada_id, modalidade_id, idade, altura, peso, medalha) VALUES (133463, 1, 24, 28, 39.0, 203.0, 96.0, null);
INSERT INTO Atletas (id, nome, sexo) VALUES (133464, 'Yun Hui-Chun', 'M');
INSERT INTO Participacao (atleta_id, time_id, olimpiada_id, modalidade_id, idade, altura, peso, medalha) VALUES (133464, 1, 5, 266, 20.0, 174.0, 73.0, null);
INSERT INTO Participacao (atleta_id, time_id, olimpiada_id, modalidade_id, idade, altura, peso, medalha) VALUES (133464, 1, 5, 113, 20.0, 174.0, 73.0, null);
INSERT INTO Atletas (id, nome, sexo) VALUES (133465, 'Yun Hye-Yeong', 'F');
INSERT INTO Participacao (atleta_id, time_id, olimpiada_id, modalidade_id, idade, altura, peso, medalha) VALUES (133465, 1, 14, 98, 19.0, null, null, null);
INSERT INTO Participacao (atleta_id, time_id, olimpiada_id, modalidade_id, idade, altura, peso, medalha) VALUES (133465, 1, 14, 99, 19.0, null, null, 'Gold');
INSERT INTO Atletas (id, nome, sexo) VALUES (133466, 'Yun Hyeon', 'M');
INSERT INTO Participacao (atleta_id, time_id, olimpiada_id, modalidade_id, idade, altura, peso, medalha) VALUES (133466, 1, 12, 125, 26.0, null, null, 'Silver');
INSERT INTO Atletas (id, nome, sexo) VALUES (133467, 'Yun Hyo-Jin', 'F');
INSERT INTO Participacao (atleta_id, time_id, olimpiada_id, modalidade_id, idade, altura, peso, medalha) VALUES (133467, 1, 34, 87, 16.0, null, null, null);
INSERT INTO Atletas (id, nome, sexo) VALUES (133469, 'Yun Jeong-Hwan', 'M');
INSERT INTO Participacao (atleta_id, time_id, olimpiada_id, modalidade_id, idade, altura, peso, medalha) VALUES (133469, 1, 14, 56, 23.0, 173.0, 64.0, null);
INSERT INTO Atletas (id, nome, sexo) VALUES (133470, 'Yun Jeong-Hye', 'F');
INSERT INTO Participacao (atleta_id, time_id, olimpiada_id, modalidade_id, idade, altura, peso, medalha) VALUES (133470, 1, 5, 18, 18.0, 180.0, 67.0, null);
INSERT INTO Participacao (atleta_id, time_id, olimpiada_id, modalidade_id, idade, altura, peso, medalha) VALUES (133470, 1, 6, 18, 22.0, 180.0, 67.0, null);
INSERT INTO Atletas (id, nome, sexo) VALUES (133471, 'Yun Jeong-Suk', 'F');
INSERT INTO Participacao (atleta_id, time_id, olimpiada_id, modalidade_id, idade, altura, peso, medalha) VALUES (133471, 1, 7, 18, 16.0, 167.0, 58.0, null);
INSERT INTO Atletas (id, nome, sexo) VALUES (133472, 'Yun Jeong-Suk', 'F');
INSERT INTO Participacao (atleta_id, time_id, olimpiada_id, modalidade_id, idade, altura, peso, medalha) VALUES (133472, 1, 6, 249, 22.0, 161.0, 58.0, null);
INSERT INTO Atletas (id, nome, sexo) VALUES (133473, 'Yun Ji-Hye', 'F');
INSERT INTO Participacao (atleta_id, time_id, olimpiada_id, modalidade_id, idade, altura, peso, medalha) VALUES (133473, 1, 18, 166, 21.0, 168.0, 60.0, null);
INSERT INTO Atletas (id, nome, sexo) VALUES (133474, 'Yun Jong-Im', 'M');
INSERT INTO Participacao (atleta_id, time_id, olimpiada_id, modalidade_id, idade, altura, peso, medalha) VALUES (133474, 1, 31, 108, 25.0, 166.0, 54.0, null);
INSERT INTO Participacao (atleta_id, time_id, olimpiada_id, modalidade_id, idade, altura, peso, medalha) VALUES (133474, 1, 31, 2, 25.0, 166.0, 54.0, null);
INSERT INTO Participacao (atleta_id, time_id, olimpiada_id, modalidade_id, idade, altura, peso, medalha) VALUES (133474, 1, 31, 236, 25.0, 166.0, 54.0, null);
INSERT INTO Atletas (id, nome, sexo) VALUES (133476, 'Yun Ju-Il', 'M');
INSERT INTO Participacao (atleta_id, time_id, olimpiada_id, modalidade_id, idade, altura, peso, medalha) VALUES (133476, 1, 6, 290, 15.0, 165.0, 62.0, null);
INSERT INTO Participacao (atleta_id, time_id, olimpiada_id, modalidade_id, idade, altura, peso, medalha) VALUES (133476, 1, 6, 127, 15.0, 165.0, 62.0, null);
INSERT INTO Participacao (atleta_id, time_id, olimpiada_id, modalidade_id, idade, altura, peso, medalha) VALUES (133476, 1, 6, 196, 15.0, 165.0, 62.0, null);
INSERT INTO Atletas (id, nome, sexo) VALUES (133477, 'Yun Jun-Sik', 'M');
INSERT INTO Participacao (atleta_id, time_id, olimpiada_id, modalidade_id, idade, altura, peso, medalha) VALUES (133477, 1, 4, 138, 24.0, 166.0, 65.0, null);
INSERT INTO Atletas (id, nome, sexo) VALUES (133478, 'Yun Mi-Gyeong', 'F');
INSERT INTO Participacao (atleta_id, time_id, olimpiada_id, modalidade_id, idade, altura, peso, medalha) VALUES (133478, 1, 6, 223, 19.0, 161.0, 53.0, null);
INSERT INTO Atletas (id, nome, sexo) VALUES (133479, 'Yun Mi-Jin', 'F');
INSERT INTO Participacao (atleta_id, time_id, olimpiada_id, modalidade_id, idade, altura, peso, medalha) VALUES (133479, 1, 23, 98, 17.0, 167.0, 55.0, 'Gold');
INSERT INTO Participacao (atleta_id, time_id, olimpiada_id, modalidade_id, idade, altura, peso, medalha) VALUES (133479, 1, 23, 99, 17.0, 167.0, 55.0, 'Gold');
INSERT INTO Participacao (atleta_id, time_id, olimpiada_id, modalidade_id, idade, altura, peso, medalha) VALUES (133479, 1, 18, 98, 21.0, 167.0, 55.0, null);
INSERT INTO Participacao (atleta_id, time_id, olimpiada_id, modalidade_id, idade, altura, peso, medalha) VALUES (133479, 1, 18, 99, 21.0, 167.0, 55.0, 'Gold');
INSERT INTO Atletas (id, nome, sexo) VALUES (133480, 'Yun Nam-Han', 'M');
INSERT INTO Participacao (atleta_id, time_id, olimpiada_id, modalidade_id, idade, altura, peso, medalha) VALUES (133480, 1, 6, 366, 19.0, 180.0, 74.0, null);
INSERT INTO Participacao (atleta_id, time_id, olimpiada_id, modalidade_id, idade, altura, peso, medalha) VALUES (133480, 1, 6, 243, 19.0, 180.0, 74.0, null);
INSERT INTO Atletas (id, nome, sexo) VALUES (133481, 'Yun Nam-Ho', 'M');
INSERT INTO Participacao (atleta_id, time_id, olimpiada_id, modalidade_id, idade, altura, peso, medalha) VALUES (133481, 1, 6, 235, 19.0, 183.0, 82.0, null);
INSERT INTO Atletas (id, nome, sexo) VALUES (133482, 'Yun Nam-Jin', 'M');
INSERT INTO Participacao (atleta_id, time_id, olimpiada_id, modalidade_id, idade, altura, peso, medalha) VALUES (133482, 1, 5, 224, 21.0, 185.0, 82.0, null);
INSERT INTO Participacao (atleta_id, time_id, olimpiada_id, modalidade_id, idade, altura, peso, medalha) VALUES (133482, 1, 5, 200, 21.0, 185.0, 82.0, null);
INSERT INTO Participacao (atleta_id, time_id, olimpiada_id, modalidade_id, idade, altura, peso, medalha) VALUES (133482, 1, 6, 224, 26.0, 185.0, 82.0, null);
INSERT INTO Participacao (atleta_id, time_id, olimpiada_id, modalidade_id, idade, altura, peso, medalha) VALUES (133482, 1, 6, 200, 26.0, 185.0, 82.0, null);
INSERT INTO Atletas (id, nome, sexo) VALUES (133483, 'Yun Ok-Hui', 'F');
INSERT INTO Participacao (atleta_id, time_id, olimpiada_id, modalidade_id, idade, altura, peso, medalha) VALUES (133483, 1, 16, 98, 23.0, 162.0, 63.0, 'Bronze');
INSERT INTO Participacao (atleta_id, time_id, olimpiada_id, modalidade_id, idade, altura, peso, medalha) VALUES (133483, 1, 16, 99, 23.0, 162.0, 63.0, 'Gold');
INSERT INTO Atletas (id, nome, sexo) VALUES (133484, 'Yun Sang-Sik', 'M');
INSERT INTO Participacao (atleta_id, time_id, olimpiada_id, modalidade_id, idade, altura, peso, medalha) VALUES (133484, 1, 12, 104, 23.0, null, null, null);
INSERT INTO Atletas (id, nome, sexo) VALUES (133485, 'Yun Seog-Won', 'M');
INSERT INTO Participacao (atleta_id, time_id, olimpiada_id, modalidade_id, idade, altura, peso, medalha) VALUES (133485, 1, 10, 241, 34.0, 168.0, 90.0, null);
INSERT INTO Atletas (id, nome, sexo) VALUES (133486, 'Yun Seok-Yeong', 'M');
INSERT INTO Participacao (atleta_id, time_id, olimpiada_id, modalidade_id, idade, altura, peso, medalha) VALUES (133486, 1, 24, 56, 22.0, 183.0, 76.0, 'Bronze');
INSERT INTO Atletas (id, nome, sexo) VALUES (133487, 'Yun Seong-Bin', 'M');
INSERT INTO Participacao (atleta_id, time_id, olimpiada_id, modalidade_id, idade, altura, peso, medalha) VALUES (133487, 1, 27, 179, 19.0, 178.0, 85.0, null);
INSERT INTO Atletas (id, nome, sexo) VALUES (133488, 'Yun Seong-Hun', 'M');
INSERT INTO Participacao (atleta_id, time_id, olimpiada_id, modalidade_id, idade, altura, peso, medalha) VALUES (133488, 1, 16, 89, 25.0, 177.0, 73.0, null);
INSERT INTO Participacao (atleta_id, time_id, olimpiada_id, modalidade_id, idade, altura, peso, medalha) VALUES (133488, 1, 24, 89, 29.0, 177.0, 73.0, null);
INSERT INTO Atletas (id, nome, sexo) VALUES (133489, 'Yun Seung-Hyun', 'M');
INSERT INTO Participacao (atleta_id, time_id, olimpiada_id, modalidade_id, idade, altura, peso, medalha) VALUES (133489, 1, 4, 292, 22.0, 193.0, 75.0, null);
INSERT INTO Atletas (id, nome, sexo) VALUES (133491, 'Yun Su-Gyeong', 'F');
INSERT INTO Participacao (atleta_id, time_id, olimpiada_id, modalidade_id, idade, altura, peso, medalha) VALUES (133491, 1, 5, 26, 20.0, 168.0, 65.0, 'Silver');
INSERT INTO Atletas (id, nome, sexo) VALUES (133492, 'Yun Tae-Il', 'M');
INSERT INTO Participacao (atleta_id, time_id, olimpiada_id, modalidade_id, idade, altura, peso, medalha) VALUES (133492, 1, 6, 28, 23.0, 178.0, 76.0, 'Silver');
INSERT INTO Atletas (id, nome, sexo) VALUES (133494, 'Yun Yeong-Dae', 'M');
INSERT INTO Participacao (atleta_id, time_id, olimpiada_id, modalidade_id, idade, altura, peso, medalha) VALUES (133494, 1, 6, 177, 21.0, 177.0, 68.0, null);
INSERT INTO Atletas (id, nome, sexo) VALUES (133495, 'Yun Yeong-Nae', 'F');
INSERT INTO Participacao (atleta_id, time_id, olimpiada_id, modalidade_id, idade, altura, peso, medalha) VALUES (133495, 1, 11, 18, 19.0, 170.0, 64.0, null);
INSERT INTO Participacao (atleta_id, time_id, olimpiada_id, modalidade_id, idade, altura, peso, medalha) VALUES (133495, 1, 13, 18, 23.0, 170.0, 64.0, 'Bronze');
INSERT INTO Atletas (id, nome, sexo) VALUES (133496, 'Yun Yeong-Suk', 'F');
INSERT INTO Participacao (atleta_id, time_id, olimpiada_id, modalidade_id, idade, altura, peso, medalha) VALUES (133496, 1, 6, 98, 17.0, 170.0, 68.0, 'Bronze');
INSERT INTO Participacao (atleta_id, time_id, olimpiada_id, modalidade_id, idade, altura, peso, medalha) VALUES (133496, 1, 6, 99, 17.0, 170.0, 68.0, 'Gold');
INSERT INTO Atletas (id, nome, sexo) VALUES (133498, 'Yun Yong-Ho', 'M');
INSERT INTO Participacao (atleta_id, time_id, olimpiada_id, modalidade_id, idade, altura, peso, medalha) VALUES (133498, 1, 6, 235, 23.0, 183.0, 82.0, null);
INSERT INTO Atletas (id, nome, sexo) VALUES (133499, 'Yun Yong-Il', 'M');
INSERT INTO Participacao (atleta_id, time_id, olimpiada_id, modalidade_id, idade, altura, peso, medalha) VALUES (133499, 1, 14, 265, 22.0, 177.0, 63.0, null);
INSERT INTO Participacao (atleta_id, time_id, olimpiada_id, modalidade_id, idade, altura, peso, medalha) VALUES (133499, 1, 23, 265, 26.0, 177.0, 63.0, null);

ALTER TABLE Olimpiadas DROP COLUMN jogos;

